date,quarter,implied_correlation,realized_correlation,spread,num_components,raw_weight_coverage,index_iv,out_of_bounds
2015-10-01,2015Q3,0.457101969902288,0.7520133211886815,-0.29491135128639345,88,0.7588698167271939,0.20452,False
2015-10-02,2015Q3,0.402209725290746,0.7494622515282541,-0.3472525262375081,88,0.7588698167271939,0.18786599999999998,False
2015-10-05,2015Q3,0.38484483640506273,0.7319226652960596,-0.3470778288909969,88,0.7588698167271939,0.17038799999999998,False
2015-10-06,2015Q3,0.3794534419651077,0.6863351264232276,-0.30688168445811986,88,0.7588698167271939,0.1716385,False
2015-10-07,2015Q3,0.34371343457698955,0.6805036657531834,-0.3367902311761939,88,0.7588698167271939,0.1633775,False
2015-10-08,2015Q3,0.30108879854063464,0.6266310990656423,-0.32554230052500766,89,0.7615460292526129,0.152171,False
2015-10-09,2015Q3,0.2906634168374714,0.601198970616387,-0.3105355537789157,89,0.7615460292526129,0.1459885,False
2015-10-12,2015Q3,0.3182447804714325,0.6078904564872502,-0.28964567601581764,127,0.8900994004994115,0.14312049999999998,False
2015-10-13,2015Q3,0.35347211944594165,0.6093312483458603,-0.25585912889991863,127,0.8900994004994115,0.1514585,False
2015-10-14,2015Q3,0.36085434388517557,0.5415933536600721,-0.18073900977489654,127,0.8900994004994115,0.15517799999999998,False
2015-10-15,2015Q3,0.31855007608899055,0.5268314587789646,-0.2082813826899741,127,0.8900994004994115,0.138896,False
2015-10-16,2015Q3,0.29020084714021444,0.5282727975663493,-0.23807195042613483,127,0.8900994004994115,0.12841550000000002,False
2015-10-19,2015Q3,0.2979767556454477,0.5018304800938305,-0.2038537244483828,126,0.8878116219647938,0.12855250000000001,False
2015-10-20,2015Q3,0.3087767547811961,0.4501656834449273,-0.1413889286637312,127,0.8900994004994115,0.13214700000000001,False
2015-10-21,2015Q3,0.3534166970008929,0.42889515826338415,-0.07547846126249125,127,0.8900994004994115,0.145345,False
2015-10-22,2015Q3,0.2923353075264883,0.42277025089544423,-0.13043494336895595,126,0.8878116219647938,0.12993349999999998,False
2015-10-23,2015Q3,0.3046899633077085,0.3975618559033931,-0.09287189259568462,127,0.8900994004994115,0.1244935,False
2015-10-26,2015Q3,0.3326342695783768,0.3875117007662507,-0.054877431187873915,127,0.8900994004994115,0.1318665,False
2015-10-27,2015Q3,0.33215242198597544,0.3700970709826113,-0.037944648996635855,125,0.8777160197473675,0.1328295,False
2015-10-28,2015Q3,0.3304449239438414,0.3685420980579286,-0.038097174114087196,125,0.8843275392146747,0.123608,False
2015-10-29,2015Q3,0.33436345741289425,0.37417388204635804,-0.03981042463346379,126,0.8879358485687808,0.124779,False
2015-10-30,2015Q3,0.36044101993897815,0.34795122946499035,0.012489790473987794,124,0.8784709934719439,0.1276975,False
2015-11-02,2015Q3,0.3066968336550597,0.34992815555818546,-0.043231321903125786,88,0.7579739429342038,0.11754800000000001,False
2015-11-03,2015Q3,0.34546405816171893,0.3304867931095549,0.014977265052164013,89,0.7615460292526129,0.1240935,False
2015-11-04,2015Q3,0.36107940325517407,0.33018864967090583,0.030890753584268238,89,0.7615460292526129,0.12793,False
2015-11-05,2015Q3,0.34628453251816094,0.3232884065729517,0.022996125945209223,89,0.7615460292526129,0.126918,False
2015-11-06,2015Q3,0.32132770339934047,0.3269957992992528,-0.005668095899912351,89,0.7615460292526129,0.120619,False
2015-11-09,2015Q3,0.3913703901807492,0.27225617815652897,0.11911421202422023,126,0.8878116219647938,0.138027,False
2015-11-10,2015Q3,0.35959718494162995,0.27452332515805156,0.0850738597835784,127,0.8900994004994115,0.13147999999999999,False
2015-11-11,2015Q3,0.3803341080474522,0.2528240281428842,0.12751007990456803,126,0.8878116219647938,0.13578400000000002,False
2015-11-12,2015Q3,0.45246026476638057,0.28253595218893823,0.16992431257744234,127,0.8900994004994115,0.1547825,False
2015-11-13,2015Q3,0.4875309995163902,0.2876690233433191,0.19986197617307105,127,0.8900994004994115,0.170538,False
2015-11-16,2015Q3,0.4128204720871106,0.2824799359405546,0.130340536146556,127,0.8900994004994115,0.155054,False
2015-11-17,2015Q3,0.46755160433413023,0.2830367010729217,0.1845149032612085,127,0.8900994004994115,0.1614775,False
2015-11-18,2015Q3,0.4047930866677563,0.30270527025160515,0.10208781641615117,127,0.8900994004994115,0.1424455,False
2015-11-19,2015Q3,0.41802321608047405,0.29834355305420096,0.11967966302627309,127,0.8900994004994115,0.142397,False
2015-11-20,2015Q3,0.3829391530860408,0.29968055876358257,0.08325859432245825,126,0.8868549630579728,0.131503,False
2015-11-23,2015Q3,0.3932772279171444,0.30063479806138493,0.09264242985575949,127,0.8900994004994115,0.130869,False
2015-11-24,2015Q3,0.38541557514348695,0.2940684302800579,0.09134714486342904,127,0.8900994004994115,0.129611,False
2015-11-25,2015Q3,0.3744527619388206,0.29729089782602,0.07716186411280063,127,0.8900994004994115,0.125012,False
2015-11-27,2015Q3,0.38959691342192887,0.28345928690210515,0.10613762651982372,127,0.8900994004994115,0.129036,False
2015-11-30,2015Q3,0.43073672575069044,0.29986971360606435,0.1308670121446261,89,0.7615460292526129,0.1363225,False
2015-12-01,2015Q3,0.36301596067164316,0.308662898618171,0.05435306205347218,89,0.7615460292526129,0.121969,False
2015-12-02,2015Q3,0.42694585323495027,0.3253047697833007,0.10164108345164957,89,0.7615460292526129,0.13777899999999998,False
2015-12-03,2015Q3,0.4780421809669455,0.34189250941152133,0.13614967155542418,89,0.7615460292526129,0.1555435,False
2015-12-04,2015Q3,0.37255152980694806,0.3739171087301525,-0.0013655789232044357,89,0.7615460292526129,0.1251545,False
2015-12-07,2015Q3,0.42418076003856797,0.381267753727676,0.042913006310891955,127,0.8900994004994115,0.1392605,False
2015-12-08,2015Q3,0.45879988979690617,0.3902117774222219,0.06858811237468426,127,0.8900994004994115,0.15010800000000002,False
2015-12-09,2015Q3,0.5189080974343978,0.39914654032933256,0.11976155710506525,127,0.8900994004994115,0.16599049999999999,False
2015-12-10,2015Q3,0.5410065783566411,0.3940034377592678,0.1470031405973733,127,0.8900994004994115,0.16510750000000002,False
2015-12-11,2015Q3,0.6201150841404779,0.42871843148679845,0.19139665265367944,127,0.8900994004994115,0.20425500000000002,False
2015-12-14,2015Q3,0.5270308580372662,0.4380234073048919,0.08900745073237432,127,0.8900994004994115,0.190179,False
2015-12-15,2015Q3,0.5252496788845596,0.4269842166624797,0.09826546222207994,127,0.8900994004994115,0.179157,False
2015-12-16,2015Q3,0.4776857853187906,0.4502294436221582,0.027456341696632358,126,0.8834578058288117,0.15529199999999999,False
2015-12-17,2015Q3,0.5284866447035337,0.4678294578167658,0.060657186886767855,127,0.8900994004994115,0.164804,False
2015-12-18,2015Q3,0.5819899405108517,0.49388456244089735,0.08810537806995439,127,0.8900994004994115,0.18152000000000001,False
2015-12-21,2015Q3,0.5059941684344574,0.5162088498856962,-0.010214681451238716,126,0.8866153177492924,0.165474,False
2015-12-22,2015Q3,0.4560515771833025,0.5126004622748578,-0.05654888509155526,125,0.8810552676329074,0.14815899999999999,False
2015-12-23,2015Q3,0.4295035262445315,0.5257432654584306,-0.09623973921389917,127,0.8900994004994115,0.1359615,False
2015-12-24,2015Q3,0.42525118032890885,0.5326950971092547,-0.10744391678034582,126,0.8874972170283069,0.13531549999999998,False
2015-12-28,2015Q3,0.37743884083792295,0.5212341579480869,-0.14379531711016397,89,0.7615460292526129,0.1477975,False
2015-12-29,2015Q3,0.35251760082490535,0.5269127196121265,-0.17439511878722114,89,0.7615460292526129,0.1388365,False
2015-12-30,2015Q3,0.37829192838056896,0.5188743899961916,-0.14058246161562266,89,0.7615460292526129,0.14544400000000002,False
2015-12-31,2015Q3,0.41478662263031274,0.5327761107924927,-0.11798948816217991,89,0.7615460292526129,0.157037,False
2016-01-04,2015Q4,0.4205154485980214,0.5528833970299658,-0.13236794843194438,88,0.7566337677025747,0.18147000000000002,False
2016-01-05,2015Q4,0.389681120896978,0.5593271401386396,-0.16964601924166162,88,0.7566337677025747,0.169958,False
2016-01-06,2015Q4,0.4150699634426359,0.5615419766972738,-0.14647201325463788,88,0.7566337677025747,0.184016,False
2016-01-07,2015Q4,0.45691448649120237,0.5871623773500335,-0.13024789085883115,88,0.7566337677025747,0.2148895,False
2016-01-08,2015Q4,0.5139207690818282,0.588473171541299,-0.07455240245947081,88,0.7566337677025747,0.2273425,False
2016-01-11,2015Q4,0.4706117070111237,0.5798023436415226,-0.10919063663039891,125,0.8833462431514046,0.20480199999999998,False
2016-01-12,2015Q4,0.41747437207732047,0.5791495233616282,-0.1616751512843077,125,0.8833462431514046,0.1867165,False
2016-01-13,2015Q4,0.5114913858714297,0.6002848211030493,-0.08879343523161953,125,0.8833462431514046,0.222754,False
2016-01-14,2015Q4,0.5010145091965571,0.605988698444848,-0.10497418924829094,125,0.8833462431514046,0.2113215,False
2016-01-15,2015Q4,0.4954557782589796,0.6166885815212972,-0.12123280326231767,125,0.8833462431514046,0.2327255,False
2016-01-19,2015Q4,0.5061317978253186,0.6080288339104196,-0.10189703608510103,125,0.8833462431514046,0.2180155,False
2016-01-20,2015Q4,0.5180390797577159,0.5726982283174616,-0.05465914855974574,125,0.8833462431514046,0.23789949999999999,False
2016-01-21,2015Q4,0.555039389449507,0.5669324735691245,-0.011893084119617425,126,0.8854857225421914,0.235315,False
2016-01-22,2015Q4,0.45001909770688975,0.5795780115863923,-0.12955891387950258,125,0.8833462431514046,0.1934945,False
2016-01-25,2015Q4,0.49767001884675877,0.5841930991290792,-0.08652308028232047,126,0.8854857225421914,0.213116,False
2016-01-26,2015Q4,0.469409288166513,0.5864947490702036,-0.1170854609036906,125,0.8833462431514046,0.200442,False
2016-01-27,2015Q4,0.5094603608045415,0.5605998633660294,-0.051139502561487915,125,0.8833462431514046,0.2098795,False
2016-01-28,2015Q4,0.4655369416753564,0.5292184172597622,-0.06368147558440573,125,0.8833462431514046,0.198351,False
2016-01-29,2015Q4,0.4799946840554666,0.5389890641684915,-0.05899438011302488,124,0.8803889634947889,0.17895,False
2016-02-01,2015Q4,0.4589070040798194,0.5210265266895995,-0.0621195226097801,88,0.7566337677025747,0.18039,False
2016-02-02,2015Q4,0.5141106022760283,0.5261377092204725,-0.0120271069444442,88,0.7566337677025747,0.201011,False
2016-02-03,2015Q4,0.47595186948540835,0.4940545487796412,-0.01810267929423287,88,0.7566337677025747,0.198437,False
2016-02-04,2015Q4,0.4887226057227318,0.47904600574140743,0.009676599981324363,88,0.7566337677025747,0.19796750000000002,False
2016-02-05,2015Q4,0.4969904477451689,0.47541863484842734,0.021571812896741538,88,0.7566337677025747,0.215908,False
2016-02-08,2015Q4,0.526476874204954,0.4561553310346831,0.07032154317027095,125,0.8833462431514046,0.2381205,False
2016-02-09,2015Q4,0.5314067732027369,0.44863010739066606,0.08277666581207083,125,0.8833462431514046,0.24158249999999998,False
2016-02-10,2015Q4,0.5466753607366892,0.44289798446785233,0.10377737626883687,126,0.8854857225421914,0.2389415,False
2016-02-11,2015Q4,0.555185541757288,0.4202410063025858,0.13494453545470214,126,0.8854857225421914,0.256945,False
2016-02-12,2015Q4,0.5325453104354249,0.4365318609280669,0.09601344950735796,126,0.8854857225421914,0.22857,False
2016-02-16,2015Q4,0.5174505818210147,0.44806773660109694,0.06938284521991772,126,0.8854857225421914,0.21011000000000002,False
2016-02-17,2015Q4,0.5185650478205572,0.4523540611668565,0.06621098665370073,126,0.8854857225421914,0.195268,False
2016-02-18,2015Q4,0.497032371362385,0.4518118810121546,0.0452204903502304,126,0.8854857225421914,0.190654,False
2016-02-19,2015Q4,0.4834957900753779,0.45128012194145184,0.03221566813392607,126,0.8854857225421914,0.17989650000000001,False
2016-02-22,2015Q4,0.45710946742806857,0.43653934963114155,0.020570117796927023,126,0.8854857225421914,0.167841,False
2016-02-23,2015Q4,0.5149016253357822,0.4385498622778585,0.07635176305792368,125,0.8833462431514046,0.184941,False
2016-02-24,2015Q4,0.5095044998762807,0.4428391311228692,0.06666536875341145,125,0.8833462431514046,0.1861395,False
2016-02-25,2015Q4,0.46778677118726486,0.44605247450402397,0.021734296683240895,124,0.8796010215863069,0.17121350000000002,False
2016-02-26,2015Q4,0.4946862383840316,0.4158007666042476,0.078885471779784,124,0.8769396494602781,0.17399599999999998,False
2016-02-29,2015Q4,0.5180136471282203,0.4101101875371223,0.10790345959109798,88,0.7566337677025747,0.1799915,False
2016-03-01,2015Q4,0.45787569279279733,0.41504765097088525,0.04282804182191208,88,0.7566337677025747,0.1552915,False
2016-03-02,2015Q4,0.43091101821779143,0.42013476412076706,0.010776254097024374,88,0.7566337677025747,0.147863,False
2016-03-03,2015Q4,0.4354092689633555,0.4176498667787923,0.017759402184563233,88,0.7566337677025747,0.14633000000000002,False
2016-03-04,2015Q4,0.4443336407789781,0.4227116721355396,0.02162196864343846,88,0.7566337677025747,0.145757,False
2016-03-07,2015Q4,0.4613928491160696,0.40530548256638954,0.05608736654968005,125,0.8833462431514046,0.15335949999999998,False
2016-03-08,2015Q4,0.5068162703133138,0.3961945905058096,0.1106216798075042,125,0.8833462431514046,0.1661845,False
2016-03-09,2015Q4,0.4927999021068534,0.3907291086307848,0.10207079347606862,125,0.8833462431514046,0.1631165,False
2016-03-10,2015Q4,0.4736252754646184,0.3934512685957243,0.08017400686889409,125,0.8833462431514046,0.1585085,False
2016-03-11,2015Q4,0.43353779751816746,0.42511431102126945,0.008423486496898003,125,0.8833462431514046,0.1417145,False
2016-03-14,2015Q4,0.42762624632302026,0.4146358700003005,0.012990376322719766,125,0.8833462431514046,0.144837,False
2016-03-15,2015Q4,0.44426569533116256,0.4177476376123609,0.02651805771880167,124,0.8769396494602781,0.148509,False
2016-03-16,2015Q4,0.41064511193611414,0.3895314790568633,0.021113632879250832,125,0.8833462431514046,0.135553,False
2016-03-17,2015Q4,0.3730703693393056,0.4076818053152028,-0.03461143597589722,125,0.8833462431514046,0.126997,False
2016-03-18,2015Q4,0.34624304125439914,0.4147795567996575,-0.06853651554525836,124,0.8769396494602781,0.1195835,False
2016-03-21,2015Q4,0.3064017683128794,0.392699764327425,-0.08629799601454557,124,0.8775567895085271,0.1209595,False
2016-03-22,2015Q4,0.31141565924522263,0.39506319485666797,-0.08364753561144533,124,0.8809027889723944,0.122851,False
2016-03-23,2015Q4,0.34383729759366854,0.40953749123104455,-0.065700193637376,124,0.8769396494602781,0.130271,False
2016-03-24,2015Q4,0.3316793492745591,0.41490744668016644,-0.08322809740560733,124,0.8808647947888346,0.12919,False
2016-03-28,2015Q4,0.3055412249851572,0.43020248551599966,-0.12466126053084248,88,0.7566337677025747,0.135505,False
2016-03-29,2015Q4,0.2440209878341761,0.4106517620678236,-0.1666307742336475,88,0.7566337677025747,0.120377,False
2016-03-30,2015Q4,0.24885293067815722,0.391081410913772,-0.1422284802356148,88,0.7566337677025747,0.117485,False
2016-03-31,2015Q4,0.2646710886634226,0.3759559939772715,-0.11128490531384888,88,0.7566337677025747,0.1228175,False
2016-04-01,2016Q1,0.2310711166743305,0.36608327021181714,-0.13501215353748663,88,0.7528879419174644,0.112426,False
2016-04-04,2016Q1,0.27265299066073795,0.3664510840913259,-0.09379809343058793,88,0.7528879419174644,0.123064,False
2016-04-05,2016Q1,0.30954792047269,0.3635178879158907,-0.053969967443200706,88,0.7528879419174644,0.1369945,False
2016-04-06,2016Q1,0.2550086340492651,0.34024791803338295,-0.08523928398411784,88,0.7528879419174644,0.12326999999999999,False
2016-04-07,2016Q1,0.31011756259149453,0.37198674627439465,-0.06186918368290012,88,0.7528879419174644,0.142937,False
2016-04-08,2016Q1,0.2910442646008968,0.3631210633344051,-0.07207679873350831,88,0.7528879419174644,0.134244,False
2016-04-11,2016Q1,0.3376904215456231,0.3651713589700294,-0.02748093742440627,126,0.8841496589492785,0.139868,False
2016-04-12,2016Q1,0.30140561192513005,0.3585209434324323,-0.05711533150730225,126,0.8841496589492785,0.1301125,False
2016-04-13,2016Q1,0.2615900105709205,0.28120034558429186,-0.01961033501337134,126,0.8841496589492785,0.118681,False
2016-04-14,2016Q1,0.26215788273571267,0.2831666450709405,-0.02100876233522786,126,0.8841496589492785,0.1173935,False
2016-04-15,2016Q1,0.25784158771415566,0.2874204947194536,-0.029578907005297916,126,0.8841496589492785,0.115816,False
2016-04-18,2016Q1,0.2700429587356117,0.2926692041461382,-0.02262624541052649,126,0.8841496589492785,0.114526,False
2016-04-19,2016Q1,0.27214176917160987,0.2956316284742716,-0.02348985930266173,124,0.8780201548472336,0.114232,False
2016-04-20,2016Q1,0.2726745063500624,0.26668075793556495,0.005993748414497457,126,0.8841496589492785,0.114244,False
2016-04-21,2016Q1,0.28500647384832306,0.2735647631921143,0.011441710656208748,126,0.8841496589492785,0.1194005,False
2016-04-22,2016Q1,0.29092449037844736,0.2528060555928638,0.03811843478558358,126,0.8841496589492785,0.114586,False
2016-04-25,2016Q1,0.3223162465072773,0.21954217186421038,0.10277407464306693,126,0.8841496589492785,0.121867,False
2016-04-26,2016Q1,0.3352854774137243,0.21716815196396952,0.11811732544975476,124,0.8766955386063414,0.123109,False
2016-04-27,2016Q1,0.3460602822449177,0.2071456324436842,0.1389146498012335,124,0.8766955386063414,0.1206865,False
2016-04-28,2016Q1,0.40644538016213255,0.22877084314077947,0.17767453702135308,125,0.8815378265871603,0.13399,False
2016-04-29,2016Q1,0.4212907092430161,0.2243629340613957,0.19692777518162038,125,0.8801739625126394,0.138808,False
2016-05-02,2016Q1,0.3763774656184826,0.23553860785993014,0.14083885775855248,89,0.7573828381892233,0.126715,False
2016-05-03,2016Q1,0.41026822722216555,0.2440794241530895,0.16618880306907605,89,0.7573828381892233,0.1352425,False
2016-05-04,2016Q1,0.43308852344391136,0.24974418916426971,0.18334433427964164,89,0.7573828381892233,0.14161649999999998,False
2016-05-05,2016Q1,0.43981121208041085,0.24499599847334647,0.19481521360706439,89,0.7573828381892233,0.141578,False
2016-05-06,2016Q1,0.39553504336740536,0.24970103028260954,0.14583401308479582,89,0.7573828381892233,0.13034400000000002,False
2016-05-09,2016Q1,0.4022379133170956,0.24844097188390837,0.1537969414331872,126,0.8841496589492785,0.130538,False
2016-05-10,2016Q1,0.3585912768798622,0.2638852457799903,0.09470603109987191,126,0.8841496589492785,0.118839,False
2016-05-11,2016Q1,0.4147954043507471,0.2718990693777303,0.1428963349730168,126,0.8841496589492785,0.129498,False
2016-05-12,2016Q1,0.3798007480785033,0.2694842707899414,0.11031647728856186,126,0.8841496589492785,0.124605,False
2016-05-13,2016Q1,0.4049006824919995,0.27632495515900235,0.12857572733299716,126,0.8841496589492785,0.13198549999999998,False
2016-05-16,2016Q1,0.38147491945214673,0.2953506026129955,0.08612431683915123,126,0.8841496589492785,0.1273925,False
2016-05-17,2016Q1,0.4270711349132863,0.29763798974932015,0.12943314516396615,126,0.8841496589492785,0.137189,False
2016-05-18,2016Q1,0.43134073487606994,0.2716667357992447,0.15967399907682522,126,0.8841496589492785,0.138344,False
2016-05-19,2016Q1,0.4642940515220119,0.2388029653321854,0.22549108618982652,126,0.8841496589492785,0.142036,False
2016-05-20,2016Q1,0.4148441416812391,0.24123128414997522,0.1736128575312639,125,0.8771865469656098,0.1253955,False
2016-05-23,2016Q1,0.48559831388558305,0.24074852667904914,0.24484978720653391,125,0.8771865469656098,0.138366,False
2016-05-24,2016Q1,0.428283468434308,0.252656642480721,0.17562682595358697,125,0.8815378265871603,0.12435399999999999,False
2016-05-25,2016Q1,0.38962523524704445,0.25238744070459934,0.1372377945424451,124,0.879026784791825,0.1158535,False
2016-05-26,2016Q1,0.3849438434016013,0.25289206663930075,0.13205177676230057,123,0.8747297436943174,0.1129,False
2016-05-27,2016Q1,0.34864555581475515,0.257476169801581,0.09116938601317415,123,0.8747297436943174,0.10574449999999999,False
2016-05-31,2016Q1,0.4003689929633596,0.24832963540943934,0.15203935755392026,89,0.7573828381892233,0.11941299999999999,False
2016-06-01,2016Q1,0.39861145437174117,0.257032891933252,0.14157856243848915,89,0.7573828381892233,0.1191975,False
2016-06-02,2016Q1,0.3736348715303593,0.2621449063196502,0.11148996521070909,89,0.7573828381892233,0.1138695,False
2016-06-03,2016Q1,0.3786461040929452,0.2640498628342101,0.11459624125873508,89,0.7573828381892233,0.11276749999999999,False
2016-06-06,2016Q1,0.3999849824449262,0.28528036887002867,0.11470461357489753,126,0.8841496589492785,0.114134,False
2016-06-07,2016Q1,0.40902733847385125,0.280688685509992,0.12833865296385927,126,0.8841496589492785,0.11446999999999999,False
2016-06-08,2016Q1,0.41613854207402595,0.28622587860461757,0.12991266346940838,126,0.8841496589492785,0.114795,False
2016-06-09,2016Q1,0.43380301342699845,0.30346786253092434,0.13033515089607411,126,0.8841496589492785,0.11908750000000001,False
2016-06-10,2016Q1,0.521202876092094,0.2996287172036835,0.22157415888841053,126,0.8841496589492785,0.1396865,False
2016-06-13,2016Q1,0.584314132942982,0.3279827486365537,0.25633138430642827,126,0.8841496589492785,0.16519899999999998,False
2016-06-14,2016Q1,0.5819233047333208,0.31514084627755123,0.26678245845576953,125,0.8807053810179272,0.1692725,False
2016-06-15,2016Q1,0.5737339973108658,0.3081598559365814,0.2655741413742844,126,0.8841496589492785,0.165288,False
2016-06-16,2016Q1,0.5286701762976588,0.30695576640213723,0.22171440989552155,126,0.8841496589492785,0.1566435,False
2016-06-17,2016Q1,0.5578076917605407,0.31028137599053324,0.24752631577000744,125,0.8807053810179272,0.15944799999999998,False
2016-06-20,2016Q1,0.5090480371170618,0.31187390585581154,0.19717413126125027,124,0.879026784791825,0.150689,False
2016-06-21,2016Q1,0.5287205402012232,0.31600060311563094,0.21271993708559223,126,0.8841496589492785,0.1537375,False
2016-06-22,2016Q1,0.6054100313840797,0.2854010679498543,0.32000896343422536,126,0.8841496589492785,0.17217749999999998,False
2016-06-23,2016Q1,0.45387250247842503,0.30497845523418604,0.148894047244239,125,0.8807053810179272,0.139811,False
2016-06-24,2016Q1,0.60721411398702,0.4730540855213441,0.13416002846567587,125,0.8807053810179272,0.1992055,False
2016-06-27,2016Q1,0.49863889523228316,0.48852702045405016,0.010111874778232999,90,0.7623412808322791,0.197872,False
2016-06-28,2016Q1,0.41248645032131775,0.5106132614282753,-0.09812681110695759,90,0.7623412808322791,0.16073949999999998,False
2016-06-29,2016Q1,0.3681615559245024,0.531902009194736,-0.16374045327023357,90,0.7623412808322791,0.14190750000000002,False
2016-06-30,2016Q1,0.3303499736903165,0.5531426623489561,-0.22279268865863966,90,0.7623412808322791,0.1299345,False
2016-07-01,2016Q2,0.3031637260959412,0.5795638073822237,-0.27640008128628246,89,0.7576275595858949,0.1222395,False
2016-07-05,2016Q2,0.3255684556192554,0.5827410244475002,-0.2571725688282448,89,0.7576275595858949,0.1337175,False
2016-07-06,2016Q2,0.28972992606883174,0.5841029835897658,-0.294373057520934,89,0.7576275595858949,0.1268405,False
2016-07-07,2016Q2,0.2792428750204306,0.5634260342263725,-0.2841831592059419,90,0.7627071051389204,0.12544249999999998,False
2016-07-08,2016Q2,0.22872776779631948,0.5761488216283912,-0.3474210538320717,90,0.7627071051389204,0.105493,False
2016-07-11,2016Q2,0.28550980894725064,0.5010521866442804,-0.21554237769702977,129,0.8914763117857241,0.1115515,False
2016-07-12,2016Q2,0.28355182952548386,0.49317014216451116,-0.2096183126390273,129,0.8914763117857241,0.109028,False
2016-07-13,2016Q2,0.26491977523671423,0.49507386134064685,-0.23015408610393262,129,0.8914763117857241,0.105881,False
2016-07-14,2016Q2,0.2573464860078541,0.49522740676082627,-0.23788092075297218,129,0.8914763117857241,0.103202,False
2016-07-15,2016Q2,0.25646858163459363,0.5039968735611162,-0.2475282919265226,128,0.8878635623006864,0.1005105,False
2016-07-18,2016Q2,0.2747914648459256,0.5078258893419689,-0.23303442449604334,127,0.8853576604866112,0.10366049999999999,False
2016-07-19,2016Q2,0.2563156040893403,0.5065926780609998,-0.25027707397165955,127,0.8853576604866112,0.1005415,False
2016-07-20,2016Q2,0.26541791597077635,0.5038095181906677,-0.2383916022198913,128,0.888970409971649,0.099683,False
2016-07-21,2016Q2,0.2924046938094738,0.4999094392060078,-0.20750474539653396,128,0.8878635623006864,0.1059255,False
2016-07-22,2016Q2,0.26610792500867736,0.4972643517839698,-0.23115642677529247,128,0.888970409971649,0.096885,False
2016-07-25,2016Q2,0.3083989793587069,0.48544805967064747,-0.17704908031194055,128,0.8889780694058858,0.10692,False
2016-07-26,2016Q2,0.3147990931197799,0.471700548698178,-0.15690145557839813,127,0.8864721675918107,0.107464,False
2016-07-27,2016Q2,0.31528661092860905,0.4531436246215668,-0.13785701369295777,128,0.8878635623006864,0.1058075,False
2016-07-28,2016Q2,0.3221388617027247,0.4441100012925845,-0.12197113958985978,127,0.8865064247853236,0.1054725,False
2016-07-29,2016Q2,0.3233286088742846,0.44071981650560005,-0.11739120763131544,127,0.8830467002861863,0.0969295,False
2016-08-01,2016Q2,0.34646195375650396,0.5016632324898342,-0.15520127873333028,91,0.7681301256855426,0.104375,False
2016-08-02,2016Q2,0.3872973135997919,0.49372108032789014,-0.10642376672809822,91,0.7681301256855426,0.11310700000000001,False
2016-08-03,2016Q2,0.3574496720351068,0.48673847792456426,-0.12928880588945746,91,0.7681301256855426,0.10583400000000001,False
2016-08-04,2016Q2,0.35747516242732863,0.4853079079419811,-0.12783274551465246,91,0.7681301256855426,0.10354150000000001,False
2016-08-05,2016Q2,0.29242633268867746,0.44760046327811287,-0.1551741305894354,91,0.7681301256855426,0.0896655,False
2016-08-08,2016Q2,0.31083882484144726,0.25446237285682705,0.05637645198462021,129,0.8914763117857241,0.093227,False
2016-08-09,2016Q2,0.3204113080267851,0.21859187361489535,0.10181943441188973,129,0.8914763117857241,0.0923,False
2016-08-10,2016Q2,0.3512453668027242,0.18427448823279996,0.16697087856992426,129,0.8914763117857241,0.0965545,False
2016-08-11,2016Q2,0.3301596200972076,0.14110194685705457,0.18905767324015305,129,0.8914763117857241,0.0918615,False
2016-08-12,2016Q2,0.3266195025390207,0.11664744900210239,0.20997205353691833,128,0.8889780694058858,0.090426,False
2016-08-15,2016Q2,0.31135185641644086,0.11677662685296487,0.194575229563476,128,0.8892005493345647,0.09218799999999999,False
2016-08-16,2016Q2,0.3559472598260445,0.14859767615312172,0.2073495836729228,128,0.8892005493345647,0.1003235,False
2016-08-17,2016Q2,0.32829933884864604,0.14153675313358194,0.1867625857150641,128,0.8889780694058858,0.0943165,False
2016-08-18,2016Q2,0.2948079852232754,0.14264266749713558,0.1521653177261398,126,0.8829277181729485,0.086628,False
2016-08-19,2016Q2,0.2809577072524033,0.09300931869429288,0.18794838855811044,127,0.8864813147587889,0.0823635,False
2016-08-22,2016Q2,0.36079975557039057,0.09158868704916562,0.26921106852122495,126,0.8829277181729485,0.0965505,False
2016-08-23,2016Q2,0.3719763079439642,0.08585047869532052,0.28612582924864366,127,0.8826167814299556,0.0975145,False
2016-08-24,2016Q2,0.4245210491061731,0.09238682188602793,0.3321342272201452,126,0.8823147875047573,0.108377,False
2016-08-25,2016Q2,0.4097182729089052,0.08359446385721664,0.3261238090516886,123,0.8723883359023866,0.109238,False
2016-08-26,2016Q2,0.4111555441296223,0.08262877853036811,0.3285267655992542,123,0.8746306473189949,0.10917850000000001,False
2016-08-29,2016Q2,0.38863086704029143,0.0852460836844107,0.3033847833558807,92,0.771009073543916,0.1038355,False
2016-08-30,2016Q2,0.3647448181260988,0.08764149518863286,0.277103322937466,92,0.771009073543916,0.102129,False
2016-08-31,2016Q2,0.3981692739474199,0.08679378576543531,0.31137548818198457,92,0.771009073543916,0.108208,False
2016-09-01,2016Q2,0.3930222900087645,0.08454262912597069,0.30847966088279377,92,0.771009073543916,0.108867,False
2016-09-02,2016Q2,0.3549773478475656,0.08689203976364411,0.2680853080839215,92,0.771009073543916,0.096429,False
2016-09-06,2016Q2,0.32310903212251496,0.08433531093757632,0.23877372118493864,92,0.771009073543916,0.094948,False
2016-09-07,2016Q2,0.3456206842565909,0.08814128719694014,0.2574793970596508,92,0.771009073543916,0.09683249999999999,False
2016-09-08,2016Q2,0.3750585428414161,0.10244987825180919,0.2726086645896069,93,0.7734100825506858,0.1000675,False
2016-09-09,2016Q2,0.5974642516848101,0.2703402165361794,0.3271240351486307,93,0.7734100825506858,0.148432,False
2016-09-12,2016Q2,0.4623816778652898,0.3387748987757327,0.12360677908955708,129,0.8914763117857241,0.1264265,False
2016-09-13,2016Q2,0.5822730801758907,0.38094659476465303,0.2013264854112377,129,0.8914763117857241,0.155868,False
2016-09-14,2016Q2,0.5708973016873972,0.3815462734471125,0.18935102824028466,129,0.8914763117857241,0.15305,False
2016-09-15,2016Q2,0.5217993114540554,0.41137987937299914,0.11041943208105631,128,0.8892005493345647,0.13720749999999998,False
2016-09-16,2016Q2,0.5206604703243609,0.4078592172105603,0.11280125311380063,128,0.8892005493345647,0.134662,False
2016-09-19,2016Q2,0.493832456816693,0.4294743232160108,0.06435813360068221,128,0.8892005493345647,0.1347905,False
2016-09-20,2016Q2,0.5219168869847556,0.43486220015993193,0.08705468682482365,127,0.8866946475204895,0.138969,False
2016-09-21,2016Q2,0.4184986351990424,0.44205882007915487,-0.023560184880112467,128,0.8892005493345647,0.11744550000000001,False
2016-09-22,2016Q2,0.3318949205396671,0.45214915286498936,-0.12025423232532223,129,0.8914763117857241,0.10172600000000001,False
2016-09-23,2016Q2,0.35394577981388103,0.45097472828098195,-0.09702894846710092,129,0.8914763117857241,0.1067575,False
2016-09-26,2016Q2,0.35785427248029245,0.46030691006932917,-0.10245263758903672,128,0.8892005493345647,0.1261245,False
2016-09-27,2016Q2,0.28949914987804465,0.4658260706211658,-0.17632692074312117,127,0.8859840252383386,0.111046,False
2016-09-28,2016Q2,0.26545284575959754,0.4531111843786334,-0.18765833861903586,127,0.8859840252383386,0.106081,False
2016-09-29,2016Q2,0.33061118816172436,0.46005958886684706,-0.1294484007051227,128,0.8892005493345647,0.1262145,False
2016-09-30,2016Q2,0.29099325046260477,0.46292536374055826,-0.1719321132779535,127,0.8848074264647375,0.112712,False
2016-10-03,2016Q3,0.2742635416274009,0.4665908963158476,-0.1923273546884467,94,0.7817279996339037,0.117034,False
2016-10-04,2016Q3,0.2781736378145979,0.46433311770591357,-0.18615947989131565,94,0.7817279996339037,0.1206175,False
2016-10-05,2016Q3,0.25043749740841686,0.46059255879568284,-0.21015506138726597,94,0.7817279996339037,0.11427,False
2016-10-06,2016Q3,0.2361988942439561,0.4550066784043634,-0.21880778416040728,94,0.7817279996339037,0.11192350000000001,False
2016-10-07,2016Q3,0.2450086539091155,0.4587630738805653,-0.2137544199714498,94,0.7817279996339037,0.1137065,False
2016-10-10,2016Q3,0.2818050179349522,0.4526216820605988,-0.17081666412564656,129,0.8941529843606802,0.1198745,False
2016-10-11,2016Q3,0.3616908043446381,0.4612165806823276,-0.09952577633768955,129,0.8941529843606802,0.1413335,False
2016-10-12,2016Q3,0.3582233776783495,0.461927597250796,-0.10370421957244652,129,0.8941529843606802,0.140615,False
2016-10-13,2016Q3,0.37822468641211815,0.4611411126002923,-0.08291642618817413,129,0.8941529843606802,0.1474025,False
2016-10-14,2016Q3,0.3688422451674547,0.46270021356494406,-0.09385796839748939,129,0.8941529843606802,0.1426135,False
2016-10-17,2016Q3,0.3843270288663419,0.46007302395080246,-0.07574599508446056,129,0.8941529843606802,0.1455235,False
2016-10-18,2016Q3,0.3446046718600218,0.45290887746033714,-0.10830420560031534,129,0.8941529843606802,0.1337845,False
2016-10-19,2016Q3,0.3171249608926353,0.4463511898995838,-0.12922622900694847,129,0.8941529843606802,0.12791950000000002,False
2016-10-20,2016Q3,0.30720466216187226,0.43950460112137896,-0.1322999389595067,129,0.8941529843606802,0.1236875,False
2016-10-21,2016Q3,0.306554145474313,0.34228628370434316,-0.035732138230030186,129,0.8941529843606802,0.12003,False
2016-10-24,2016Q3,0.3171285368345361,0.3045698960634903,0.012558640771045848,129,0.8941529843606802,0.1150295,False
2016-10-25,2016Q3,0.351792481833621,0.26384182005440177,0.08795066177921923,129,0.8941529843606802,0.1207975,False
2016-10-26,2016Q3,0.3893390960296894,0.26121475064863603,0.12812434538105338,129,0.8941529843606802,0.1258035,False
2016-10-27,2016Q3,0.4343669561607816,0.2357305774360813,0.19863637872470027,129,0.8941529843606802,0.132107,False
2016-10-28,2016Q3,0.48893861075397715,0.21950613454725054,0.2694324762067266,129,0.8941529843606802,0.141642,False
2016-10-31,2016Q3,0.52487633495682,0.2181552624604759,0.30672107249634406,94,0.7817279996339037,0.147331,False
2016-11-01,2016Q3,0.5393411219167638,0.22358228496503527,0.31575883695172846,93,0.7792541865680669,0.15880699999999998,False
2016-11-02,2016Q3,0.5864755156800432,0.2092012609216492,0.377274254758394,93,0.7792541865680669,0.16749,False
2016-11-03,2016Q3,0.6634514349378096,0.1946289093919038,0.46882252554590575,95,0.7843576360091811,0.1842635,False
2016-11-04,2016Q3,0.6914055903206573,0.19061372658202355,0.5007918637386337,95,0.7843576360091811,0.1919925,False
2016-11-07,2016Q3,0.5429362626776006,0.27981931029490825,0.2631169523826924,129,0.8941529843606802,0.1535625,False
2016-11-08,2016Q3,0.495759307041751,0.26681227484840714,0.22894703219334384,129,0.8941529843606802,0.14600649999999998,False
2016-11-09,2016Q3,0.36171374446856924,0.25065947980104347,0.11105426466752577,129,0.8941529843606802,0.122725,False
2016-11-10,2016Q3,0.31366424859372305,0.20970251184410885,0.1039617367496142,128,0.8906449481753304,0.1233995,False
2016-11-11,2016Q3,0.3103010559766956,0.19328824059351704,0.11701281538317856,128,0.8906449481753304,0.1216955,False
2016-11-14,2016Q3,0.26106712031281704,0.1832244544234477,0.07784266588936933,128,0.8906449481753304,0.121004,False
2016-11-15,2016Q3,0.2605447521147088,0.1846152020659304,0.07592955004877838,128,0.8906449481753304,0.113608,False
2016-11-16,2016Q3,0.2940538007041441,0.17781691955020582,0.11623688115393829,128,0.8906449481753304,0.11769750000000001,False
2016-11-17,2016Q3,0.29155467458232154,0.17640219832979764,0.1151524762525239,129,0.8941529843606802,0.1131765,False
2016-11-18,2016Q3,0.28209131648880387,0.17703132969968,0.10505998678912387,129,0.8941529843606802,0.107759,False
2016-11-21,2016Q3,0.27540082586957265,0.182402279219319,0.09299854665025364,129,0.8941529843606802,0.10085,False
2016-11-22,2016Q3,0.2786123990337288,0.15918265017505853,0.11942974885867028,127,0.8856474267480706,0.1025945,False
2016-11-23,2016Q3,0.285206250809338,0.15903683906264093,0.12616941174669705,127,0.8891421944590071,0.101633,False
2016-11-25,2016Q3,0.2732266386110865,0.15884006028214948,0.114386578328937,127,0.88858680281226,0.100924,False
2016-11-28,2016Q3,0.29621798535165833,0.16733663393447995,0.12888135141717838,95,0.7843576360091811,0.10573,False
2016-11-29,2016Q3,0.2829976243929782,0.1636495680938465,0.1193480562991317,95,0.7843576360091811,0.1029745,False
2016-11-30,2016Q3,0.3140665894277158,0.15899229224235484,0.15507429718536098,95,0.7843576360091811,0.1097555,False
2016-12-01,2016Q3,0.31464569781566326,0.15760477250746005,0.1570409253082032,95,0.7843576360091811,0.1168695,False
2016-12-02,2016Q3,0.31228638425264826,0.15817675020635225,0.15410963404629602,95,0.7843576360091811,0.1129905,False
2016-12-05,2016Q3,0.2559113940521608,0.1646752629359666,0.09123613111619419,95,0.7843576360091811,0.09889400000000001,False
2016-12-06,2016Q3,0.2330055800420392,0.16381276694253158,0.06919281309950762,95,0.7843576360091811,0.0934375,False
2016-12-07,2016Q3,0.26379614574461385,0.17911738995739435,0.0846787557872195,95,0.7843576360091811,0.099739,False
2016-12-08,2016Q3,0.2663036240831094,0.17968604225724405,0.08661758182586538,95,0.7843576360091811,0.103097,False
2016-12-09,2016Q3,0.24085584458727166,0.18419223526005857,0.056663609327213094,95,0.7843576360091811,0.095417,False
2016-12-12,2016Q3,0.2611107476890719,0.17644682395688394,0.08466392373218795,129,0.8941529843606802,0.103747,False
2016-12-13,2016Q3,0.2755365909765768,0.18080956397144055,0.09472702700513624,129,0.8941529843606802,0.10509850000000001,False
2016-12-14,2016Q3,0.2935732900614068,0.1819242220960611,0.11164906796534571,129,0.8941529843606802,0.1107735,False
2016-12-15,2016Q3,0.2807150852782456,0.17498479112588564,0.10573029415235999,129,0.8941529843606802,0.1050635,False
2016-12-16,2016Q3,0.2728238731313608,0.17087283390857227,0.10195103922278853,128,0.8919104651190691,0.0994795,False
2016-12-19,2016Q3,0.2492446507852494,0.1662579472966309,0.0829867034886185,128,0.8919104651190691,0.094039,False
2016-12-20,2016Q3,0.25168185031782037,0.10564912426344343,0.14603272605437695,128,0.8919104651190691,0.0943115,False
2016-12-21,2016Q3,0.2766019751217278,0.11063753838335376,0.16596443673837402,127,0.8891181971407557,0.0979725,False
2016-12-22,2016Q3,0.2723867244902905,0.11085268039629105,0.16153404409399946,127,0.8891181971407557,0.0982855,False
2016-12-23,2016Q3,0.2718436111065307,0.13366329351562323,0.1381803175909075,128,0.8919104651190691,0.09629950000000001,False
2016-12-27,2016Q3,0.21501411285957983,0.1387575679789198,0.07625654488066003,128,0.8919104651190691,0.09933,False
2016-12-28,2016Q3,0.2548847180929185,0.16511474554293887,0.08976997254997965,128,0.8919104651190691,0.11010500000000001,False
2016-12-29,2016Q3,0.2696883443377449,0.16061827039165835,0.10907007394608656,126,0.8871232440583817,0.113691,False
2016-12-30,2016Q3,0.2622095455428656,0.17847294649107456,0.08373659905179101,125,0.8843309760800683,0.115819,False
2017-01-03,2016Q4,0.20685123466583094,0.1805754472374435,0.02627578742838743,99,0.7958611300174846,0.1090245,False
2017-01-04,2016Q4,0.17112582510705215,0.17917865546964298,-0.00805283036259083,99,0.7958611300174846,0.0980645,False
2017-01-05,2016Q4,0.17211791452196248,0.17060400260590186,0.001513911916060623,99,0.7958611300174846,0.09762950000000001,False
2017-01-06,2016Q4,0.16869660317090968,0.17497727140201474,-0.006280668231105069,99,0.7958611300174846,0.0949525,False
2017-01-09,2016Q4,0.1754953257619456,0.1869665705723771,-0.011471244810431491,130,0.8964411049356672,0.09691,False
2017-01-10,2016Q4,0.17413466490871035,0.18252192361991593,-0.008387258711205575,131,0.8987241029085564,0.095921,False
2017-01-11,2016Q4,0.17235134050237247,0.17323920125988285,-0.0008878607575103781,130,0.8961323546509815,0.095169,False
2017-01-12,2016Q4,0.17497822733980933,0.1777602551875693,-0.002782027847759966,131,0.8987241029085564,0.09571650000000001,False
2017-01-13,2016Q4,0.1691919713832228,0.1955562506626423,-0.026364279279419478,131,0.8987241029085564,0.0910175,False
2017-01-17,2016Q4,0.17988056898981342,0.204238722849307,-0.02435815385949358,131,0.8987241029085564,0.0955975,False
2017-01-18,2016Q4,0.19418605652047505,0.20464717098366758,-0.010461114463192533,130,0.8964411049356672,0.09599350000000001,False
2017-01-19,2016Q4,0.22267071598490298,0.2058594986152486,0.01681121736965438,130,0.8964411049356672,0.1027805,False
2017-01-20,2016Q4,0.18582369914744074,0.19978649215653504,-0.01396279300909431,130,0.8964411049356672,0.0889905,False
2017-01-23,2016Q4,0.2071954092435923,0.16001784529566765,0.04717756394792466,130,0.8964411049356672,0.092219,False
2017-01-24,2016Q4,0.18493362577612063,0.16144326243304147,0.023490363343079163,130,0.8964411049356672,0.0860205,False
2017-01-25,2016Q4,0.18434306965834082,0.16083370102089847,0.02350936863744235,127,0.8891655598356935,0.08515149999999999,False
2017-01-26,2016Q4,0.18839758059919193,0.16481822152491513,0.0235793590742768,128,0.8910728730116085,0.086868,False
2017-01-27,2016Q4,0.20267544236076046,0.14335461444685,0.05932082791391047,127,0.885489422839657,0.0837205,False
2017-01-30,2016Q4,0.22173360385647864,0.14446267810889893,0.07727092574757971,100,0.7981874928964047,0.093385,False
2017-01-31,2016Q4,0.22043070892382813,0.1406867238280138,0.07974398509581432,100,0.7981874928964047,0.09274,False
2017-02-01,2016Q4,0.22229298350154084,0.13110633656824758,0.09118664693329326,100,0.7981874928964047,0.091111,False
2017-02-02,2016Q4,0.23266832360513695,0.12672759547119897,0.10594072813393798,99,0.7940284769838722,0.092218,False
2017-02-03,2016Q4,0.21544010841490838,0.1327012855255931,0.08273882288931528,100,0.7981874928964047,0.083071,False
2017-02-06,2016Q4,0.24005585387877582,0.12711656255549433,0.11293929132328148,131,0.8987241029085564,0.0883095,False
2017-02-07,2016Q4,0.249118737713159,0.12625345935420768,0.12286527835895134,130,0.8959476192420726,0.0888505,False
2017-02-08,2016Q4,0.26433871065175124,0.12353647418100223,0.14080223647074902,131,0.8987241029085564,0.090367,False
2017-02-09,2016Q4,0.2580473471334368,0.12671361068471745,0.13133373644871935,131,0.8987241029085564,0.0865445,False
2017-02-10,2016Q4,0.27267373691995994,0.10909518211202204,0.1635785548079379,131,0.8987241029085564,0.08524999999999999,False
2017-02-13,2016Q4,0.2767505141063585,0.11410762263432295,0.16264289147203553,130,0.8959476192420726,0.0893845,False
2017-02-14,2016Q4,0.24107331330457318,0.10801324635483699,0.1330600669497362,130,0.8959476192420726,0.0847135,False
2017-02-15,2016Q4,0.27439533490527546,0.09931103065160216,0.1750843042536733,131,0.8987241029085564,0.090638,False
2017-02-16,2016Q4,0.2733112737869925,0.09630044442699776,0.17701082935999474,130,0.8963618669809644,0.088166,False
2017-02-17,2016Q4,0.2494410492928835,0.0950878061657806,0.1543532431271029,128,0.8905092842504059,0.0832415,False
2017-02-21,2016Q4,0.27120125716539867,0.10171045144358745,0.16949080572181122,130,0.8949322551514541,0.08823800000000001,False
2017-02-22,2016Q4,0.2796542611958997,0.09956011462092151,0.1800941465749782,128,0.8902484583090554,0.09002850000000001,False
2017-02-23,2016Q4,0.2731045471747372,0.09748960657232274,0.17561494060241445,126,0.8850535676898068,0.08855550000000001,False
2017-02-24,2016Q4,0.2535208301236833,0.09789987050274389,0.15562095962093941,129,0.8932277113351721,0.08548449999999999,False
2017-02-27,2016Q4,0.3230780870013956,0.10456035233096558,0.21851773467043004,100,0.7981874928964047,0.098076,False
2017-02-28,2016Q4,0.33963361893584565,0.109063605571685,0.23057001336416066,100,0.7981874928964047,0.10288349999999999,False
2017-03-01,2016Q4,0.32283701571462503,0.1509391953758856,0.17189782033873943,100,0.7981874928964047,0.097492,False
2017-03-02,2016Q4,0.3087456972544301,0.16236532863635306,0.14638036861807702,100,0.7981874928964047,0.09480050000000001,False
2017-03-03,2016Q4,0.2728643609777834,0.1584053998057008,0.1144589611720826,100,0.7981874928964047,0.086091,False
2017-03-06,2016Q4,0.331390888341994,0.16997660170081588,0.1614142866411781,100,0.7981874928964047,0.095752,False
2017-03-07,2016Q4,0.32843722697791977,0.17661255726232142,0.15182466971559835,100,0.7981874928964047,0.0941845,False
2017-03-08,2016Q4,0.3142444504075176,0.1839802143673674,0.1302642360401502,100,0.7981874928964047,0.0931095,False
2017-03-09,2016Q4,0.3179077557892203,0.17533538157568812,0.1425723742135322,100,0.7981874928964047,0.094834,False
2017-03-10,2016Q4,0.29801590776148623,0.18356928998924724,0.114446617772239,100,0.7981874928964047,0.0885425,False
2017-03-13,2016Q4,0.3464206473357851,0.17557800904505896,0.17084263829072613,131,0.8987241029085564,0.0974665,False
2017-03-14,2016Q4,0.32593358928276644,0.16766315929402856,0.1582704299887379,131,0.8987241029085564,0.09519050000000001,False
2017-03-15,2016Q4,0.2948555868407518,0.1806103299390727,0.11424525690167911,131,0.8987241029085564,0.088812,False
2017-03-16,2016Q4,0.28093466848063936,0.1982522566429165,0.08268241183772285,130,0.8964411049356672,0.0843975,False
2017-03-17,2016Q4,0.29385212883108863,0.20470586432639837,0.08914626450469026,131,0.8987241029085564,0.083479,False
2017-03-20,2016Q4,0.3616628916837901,0.20558820257150254,0.15607468911228758,131,0.8987241029085564,0.0926105,False
2017-03-21,2016Q4,0.31948917671387,0.24963198140450826,0.06985719530936174,129,0.8928550355012254,0.09634200000000001,False
2017-03-22,2016Q4,0.3683690975514906,0.2461915017336345,0.12217759581785612,131,0.8987241029085564,0.1022995,False
2017-03-23,2016Q4,0.39377801350615954,0.2519646549702983,0.14181335853586124,131,0.8987241029085564,0.1062025,False
2017-03-24,2016Q4,0.3984167221946681,0.2512535846055861,0.147163137589082,131,0.8987241029085564,0.106701,False
2017-03-27,2016Q4,0.2596560116989334,0.25382786087582987,0.005828150823103506,129,0.8931561960949231,0.0992975,False
2017-03-28,2016Q4,0.2607979707920114,0.25868476501165505,0.002113205780356342,131,0.8987241029085564,0.09577,False
2017-03-29,2016Q4,0.24297687366459098,0.2512550186138941,-0.008278144949303123,130,0.8955899472627641,0.091114,False
2017-03-30,2016Q4,0.2516229886003738,0.25244102513496314,-0.0008180365345893392,126,0.8848680512523777,0.0914015,False
2017-03-31,2016Q4,0.2806860179917395,0.2587643603603641,0.02192165763137538,127,0.8876445349188615,0.09648999999999999,False
2017-04-03,2017Q1,0.2669559633080513,0.29022675272810156,-0.02327078942005023,97,0.7866280135859988,0.1007455,False
2017-04-04,2017Q1,0.2418904468874342,0.27821322598449044,-0.03632277909705625,97,0.7866280135859988,0.096556,False
2017-04-05,2017Q1,0.2517138838661591,0.2838609319655671,-0.03214704809940799,97,0.7866280135859988,0.1007655,False
2017-04-06,2017Q1,0.24982312620308034,0.2882376246777994,-0.03841449847471906,99,0.7913532398290672,0.0997735,False
2017-04-07,2017Q1,0.2550734557601505,0.2946600270001082,-0.03958657123995768,99,0.7913532398290672,0.10178999999999999,False
2017-04-10,2017Q1,0.3441450936992229,0.28701015892550685,0.05713493477371606,129,0.8899250644794467,0.117409,False
2017-04-11,2017Q1,0.35150244675944275,0.286684979326201,0.06481746743324174,129,0.8899250644794467,0.12425050000000001,False
2017-04-12,2017Q1,0.3636264423100883,0.203821842242303,0.1598046000677853,129,0.8899250644794467,0.127496,False
2017-04-13,2017Q1,0.40096200588701103,0.21694967668466078,0.18401232920235025,128,0.8875963569940486,0.1330935,False
2017-04-17,2017Q1,0.3167773600938912,0.25411240562590964,0.06266495446798154,129,0.8899250644794467,0.1168845,False
2017-04-18,2017Q1,0.29170481677246846,0.24735313316169916,0.0443516836107693,129,0.8899250644794467,0.113347,False
2017-04-19,2017Q1,0.3417637292485611,0.24305085209106442,0.09871287715749666,129,0.8899250644794467,0.12033849999999999,False
2017-04-20,2017Q1,0.2867758078551925,0.25955037591051644,0.027225431944676082,129,0.8899250644794467,0.106918,False
2017-04-21,2017Q1,0.32733232033980725,0.25838024661302594,0.0689520737267813,129,0.8899250644794467,0.1148255,False
2017-04-24,2017Q1,0.2508333755188798,0.28983739103691225,-0.03900401551803245,129,0.8899250644794467,0.09334400000000001,False
2017-04-25,2017Q1,0.1707199203335985,0.290598481457554,-0.11987856112395551,128,0.8875963569940486,0.07801,False
2017-04-26,2017Q1,0.19952206502958453,0.2819607999521017,-0.08243873492251719,128,0.8875963569940486,0.0843005,False
2017-04-27,2017Q1,0.18516274168248945,0.26254460575198313,-0.07738186406949368,128,0.8875963569940486,0.08043600000000001,False
2017-04-28,2017Q1,0.21850677638812757,0.2593043506132417,-0.040797574225114125,128,0.8875963569940486,0.079835,False
2017-05-01,2017Q1,0.17728779669490216,0.27560829758014,-0.09832050088523783,99,0.7913532398290672,0.0725505,False
2017-05-02,2017Q1,0.20010497438487404,0.27344379422574394,-0.0733388198408699,99,0.7913532398290672,0.0755065,False
2017-05-03,2017Q1,0.2510975425489913,0.21790917447061936,0.033188368078371944,99,0.7913532398290672,0.0819655,False
2017-05-04,2017Q1,0.23605473196736124,0.21707424291276803,0.018980489054593208,99,0.7913532398290672,0.079537,False
2017-05-05,2017Q1,0.23217955905913507,0.21228702068143818,0.01989253837769689,99,0.7913532398290672,0.07739650000000001,False
2017-05-08,2017Q1,0.19777582025042134,0.1939044615012288,0.0038713587491925328,128,0.8875963569940486,0.0723645,False
2017-05-09,2017Q1,0.19889334868651443,0.19229528108453373,0.0065980676019807005,128,0.8875963569940486,0.073463,False
2017-05-10,2017Q1,0.22404858679916423,0.17269501030513404,0.05135357649403019,128,0.8875963569940486,0.0761295,False
2017-05-11,2017Q1,0.24047506292275045,0.17283242212178124,0.06764264080096921,128,0.8875963569940486,0.079552,False
2017-05-12,2017Q1,0.22759684291673246,0.1705839402954163,0.05701290262131617,128,0.8875963569940486,0.0777785,False
2017-05-15,2017Q1,0.229699262053344,0.17283558770826832,0.05686367434507569,127,0.8852537967732688,0.07932049999999999,False
2017-05-16,2017Q1,0.24164958721857263,0.1687575543524414,0.07289203286613122,127,0.8852537967732688,0.07991699999999999,False
2017-05-17,2017Q1,0.3910643204398725,0.2630410113617706,0.1280233090781019,129,0.8899250644794467,0.117201,False
2017-05-18,2017Q1,0.3465757736565523,0.2543905842441266,0.0921851894124257,129,0.8899250644794467,0.1067845,False
2017-05-19,2017Q1,0.2750795044747733,0.2651869500196755,0.00989255445509779,126,0.8812627055814497,0.08978449999999999,False
2017-05-22,2017Q1,0.24391172803102534,0.26705390699491993,-0.02314217896389459,126,0.8812627055814497,0.0828005,False
2017-05-23,2017Q1,0.2423427678438569,0.2630092788101561,-0.020666510966299234,127,0.8852537967732688,0.08111399999999999,False
2017-05-24,2017Q1,0.21478807707650108,0.2604598525717278,-0.045671775495226746,127,0.8814756790669607,0.07639099999999999,False
2017-05-25,2017Q1,0.20992441075882617,0.2626846397720503,-0.052760229013224136,126,0.8829548107786143,0.0747475,False
2017-05-26,2017Q1,0.20284681394891985,0.24769024808064927,-0.04484343413172942,124,0.8768598047639132,0.07209499999999999,False
2017-05-30,2017Q1,0.23512835452613642,0.24279229004167963,-0.007663935515543202,99,0.7913532398290672,0.0818905,False
2017-05-31,2017Q1,0.21901644837173556,0.23951386873515618,-0.020497420363420615,99,0.7913532398290672,0.08079349999999999,False
2017-06-01,2017Q1,0.1871008437934628,0.24075964021807347,-0.05365879642461066,100,0.7941207664692725,0.0731365,False
2017-06-02,2017Q1,0.19726771281982766,0.2332276857508054,-0.035959972930977746,100,0.7941207664692725,0.0733415,False
2017-06-05,2017Q1,0.16333965148965585,0.2278408274203485,-0.06450117593069266,100,0.7941207664692725,0.066873,False
2017-06-06,2017Q1,0.2417233859325708,0.20683096180657018,0.03489242412600063,100,0.7941207664692725,0.0809885,False
2017-06-07,2017Q1,0.22692999529783323,0.2039233993306449,0.02300659596718832,100,0.7941207664692725,0.078425,False
2017-06-08,2017Q1,0.20475819506977064,0.2038854106450866,0.0008727844246840255,101,0.7982687336102553,0.0750405,False
2017-06-09,2017Q1,0.18484926818286265,0.177491411305051,0.007357856877811653,101,0.7982687336102553,0.077608,False
2017-06-12,2017Q1,0.205002588407931,0.17056663066619707,0.03443595774173394,128,0.8875963569940486,0.082292,False
2017-06-13,2017Q1,0.16388452378382226,0.17533927707059735,-0.011454753286775088,127,0.8844148583048348,0.0698565,False
2017-06-14,2017Q1,0.19314342720482164,0.17676972579993983,0.016373701404881813,127,0.8844148583048348,0.0768875,False
2017-06-15,2017Q1,0.2038932806075034,0.1806246009050926,0.023268679702410783,128,0.8875963569940486,0.079984,False
2017-06-16,2017Q1,0.18444585578550504,0.17657052578819582,0.007875329997309222,127,0.8844148583048348,0.0733045,False
2017-06-19,2017Q1,0.18062912368063952,0.19001130423933651,-0.009382180558696995,126,0.8807555615497785,0.0738915,False
2017-06-20,2017Q1,0.16771371354674733,0.20433739427470196,-0.03662368072795463,128,0.8869700723501828,0.074628,False
2017-06-21,2017Q1,0.21795852906662178,0.20000198227735255,0.017956546789269223,126,0.8801292769059127,0.085089,False
2017-06-22,2017Q1,0.20832352180043193,0.19604789129552694,0.012275630504904989,129,0.8899250644794467,0.08265149999999999,False
2017-06-23,2017Q1,0.18356684703830264,0.19475954385381408,-0.011192696815511438,128,0.8875963569940486,0.07593849999999999,False
2017-06-26,2017Q1,0.15035481931326977,0.19440324864840489,-0.044048429335135114,128,0.8869700723501828,0.076503,False
2017-06-27,2017Q1,0.1951756404141301,0.20258177589844517,-0.007406135484315068,129,0.8899250644794467,0.0895295,False
2017-06-28,2017Q1,0.15116730272537024,0.22077264362097865,-0.06960534089560841,126,0.8824368893625568,0.078256,False
2017-06-29,2017Q1,0.18620895521979938,0.15525942087150815,0.03094953434829123,129,0.8899250644794467,0.0903955,False
2017-06-30,2017Q1,0.18576223420456275,0.15556730106921882,0.030194933135343938,127,0.884627512129403,0.087195,False
2017-07-03,2017Q2,0.22438304338068993,0.14787865470965594,0.07650438867103398,102,0.79837314101614,0.101414,False
2017-07-05,2017Q2,0.1472620062361139,0.14251329857593725,0.004748707660176654,102,0.79837314101614,0.08432049999999999,False
2017-07-06,2017Q2,0.19095076739069475,0.16172119209229288,0.029229575298401866,102,0.79837314101614,0.0979325,False
2017-07-07,2017Q2,0.14338687409682996,0.1691075319160251,-0.025720657819195136,102,0.79837314101614,0.083637,False
2017-07-10,2017Q2,0.1450967002087292,0.16554104304286305,-0.02044434283413385,131,0.8922110323200074,0.081373,False
2017-07-11,2017Q2,0.1611486750368417,0.1650927169854549,-0.003944041948613225,131,0.8922110323200074,0.0855735,False
2017-07-12,2017Q2,0.13540939019646855,0.1767054922607882,-0.041296102064319634,131,0.8922110323200074,0.0778615,False
2017-07-13,2017Q2,0.11321768553921822,0.17978473716283175,-0.06656705162361352,130,0.8897626775124174,0.0719225,False
2017-07-14,2017Q2,0.10880445892621605,0.1734257069130826,-0.06462124798686654,131,0.8922110323200074,0.068396,False
2017-07-17,2017Q2,0.13245903994950453,0.17334906189892899,-0.040890021949424454,131,0.8922110323200074,0.07544000000000001,False
2017-07-18,2017Q2,0.13379100667357907,0.17077193161586057,-0.0369809249422815,131,0.8922110323200074,0.075622,False
2017-07-19,2017Q2,0.13278409890372622,0.17216580571833276,-0.03938170681460654,130,0.8898997300378357,0.0736405,False
2017-07-20,2017Q2,0.13164234407210906,0.16841435828230686,-0.036772014210197795,130,0.8898997300378357,0.0733775,False
2017-07-21,2017Q2,0.12771575755050696,0.16901328744972605,-0.04129752989921909,129,0.8861506518900601,0.06925100000000001,False
2017-07-24,2017Q2,0.16611238681283755,0.19010265292355594,-0.02399026611071839,129,0.8860135993646419,0.0787195,False
2017-07-25,2017Q2,0.17757197223678378,0.18773740407260503,-0.010165431835821248,128,0.8813076012013996,0.0802975,False
2017-07-26,2017Q2,0.13182572773629306,0.17551040586799457,-0.043684678131701515,130,0.8898997300378357,0.068836,False
2017-07-27,2017Q2,0.13151068260729995,0.159745134352319,-0.02823445174501904,130,0.8898997300378357,0.070441,False
2017-07-28,2017Q2,0.1443584088488477,0.1532575675486159,-0.008899158699768178,129,0.8876818856069876,0.0701465,False
2017-07-31,2017Q2,0.22375856835948674,0.15759735576151251,0.06616121259797422,102,0.79837314101614,0.0858835,False
2017-08-01,2017Q2,0.21602213859769795,0.14184827955605778,0.07417385904164017,102,0.79837314101614,0.082422,False
2017-08-02,2017Q2,0.16277194965045122,0.12540439293490818,0.03736755671554304,102,0.79837314101614,0.072189,False
2017-08-03,2017Q2,0.18009614332213403,0.126835216357865,0.05326092696426904,103,0.8012333690758471,0.0744115,False
2017-08-04,2017Q2,0.1696539736922986,0.1330185648914648,0.036635408800833796,103,0.8012333690758471,0.0711985,False
2017-08-07,2017Q2,0.12324883354444802,0.13406354177568694,-0.010814708231238923,129,0.8848328523509424,0.060389,False
2017-08-08,2017Q2,0.2934297521286547,0.13529692222261613,0.15813282990603855,130,0.888541027024921,0.0925515,False
2017-08-09,2017Q2,0.22722365312136933,0.11678943825462068,0.11043421486674865,131,0.8922110323200074,0.0828785,False
2017-08-10,2017Q2,0.383785545897326,0.15065189826876374,0.23313364762856226,129,0.8862297247427493,0.117463,False
2017-08-11,2017Q2,0.39943505871664137,0.13182598308432006,0.2676090756323213,130,0.8898997300378357,0.1166755,False
2017-08-14,2017Q2,0.23776219796491582,0.15854148949529004,0.07922070846962578,128,0.8821248097634171,0.0840785,False
2017-08-15,2017Q2,0.2220558215528657,0.16299883534039075,0.05905698621247496,130,0.888541027024921,0.081263,False
2017-08-16,2017Q2,0.24445727339701973,0.1642839820149226,0.08017329138209711,128,0.8846096861628955,0.0820575,False
2017-08-17,2017Q2,0.40231424685881917,0.21316187820165686,0.1891523686571623,130,0.8898997300378357,0.11462449999999999,False
2017-08-18,2017Q2,0.39704519397359966,0.20692697488643566,0.190118219087164,129,0.886876117726984,0.109373,False
2017-08-21,2017Q2,0.3582780194528966,0.20989553268172417,0.14838248677117244,128,0.8846582732961359,0.10475999999999999,False
2017-08-22,2017Q2,0.2518201306603607,0.23170277013114304,0.020117360529217643,127,0.8817836135780373,0.085153,False
2017-08-23,2017Q2,0.29307356556869063,0.22663665709866376,0.06643690847002687,126,0.879509461277626,0.0921305,False
2017-08-24,2017Q2,0.3275351817844527,0.2248201667536497,0.10271501503080299,127,0.8824162583883992,0.0978565,False
2017-08-25,2017Q2,0.26542016034658633,0.22035758002424588,0.04506258032234045,130,0.88991023833708,0.0851945,False
2017-08-28,2017Q2,0.22498878454405905,0.22348483230285981,0.00150395224119923,103,0.8012333690758471,0.08256,False
2017-08-29,2017Q2,0.23409315070249428,0.22913272984272046,0.004960420859773829,103,0.8012333690758471,0.084474,False
2017-08-30,2017Q2,0.24021061106386,0.2294220850726123,0.010788525991247688,103,0.8012333690758471,0.08496000000000001,False
2017-08-31,2017Q2,0.20603175131760001,0.23791111248572822,-0.0318793611681282,103,0.8012333690758471,0.0784005,False
2017-09-01,2017Q2,0.18204692570880235,0.23921377659600848,-0.05716685088720613,103,0.8012333690758471,0.0724085,False
2017-09-05,2017Q2,0.25599750515101827,0.247820270149446,0.008177235001572275,103,0.8012333690758471,0.093526,False
2017-09-06,2017Q2,0.21195515122486536,0.2606879789905404,-0.04873282776567506,103,0.8012333690758471,0.08395849999999999,False
2017-09-07,2017Q2,0.1963491755146361,0.2526307875873297,-0.05628161207269361,103,0.8012333690758471,0.0821345,False
2017-09-08,2017Q2,0.21981141581756775,0.2787648985102693,-0.058953482692701564,103,0.8012333690758471,0.08712,False
2017-09-11,2017Q2,0.132566518219965,0.30374825077293505,-0.17118173255297003,131,0.8922110323200074,0.06627,False
2017-09-12,2017Q2,0.13830353777914792,0.3079605150101072,-0.16965697723095927,131,0.8922110323200074,0.066423,False
2017-09-13,2017Q2,0.17941938211269778,0.3072004112294726,-0.12778102911677483,131,0.8922110323200074,0.07297300000000001,False
2017-09-14,2017Q2,0.16834460909669288,0.3161814578145853,-0.1478368487178924,130,0.8898997300378357,0.070264,False
2017-09-15,2017Q2,0.1687449762250511,0.3056709752986094,-0.13692599907355832,131,0.8922110323200074,0.068326,False
2017-09-18,2017Q2,0.15129630692351154,0.3011619148250775,-0.14986560790156594,131,0.8922110323200074,0.0680235,False
2017-09-19,2017Q2,0.15930259767593158,0.29820982972856863,-0.13890723205263705,131,0.8922110323200074,0.069565,False
2017-09-20,2017Q2,0.1524428084339354,0.29085910726986586,-0.13841629883593046,130,0.888461954172232,0.06933,False
2017-09-21,2017Q2,0.1703340365459678,0.29567313758600217,-0.12533910104003437,129,0.8861878018718206,0.07162450000000001,False
2017-09-22,2017Q2,0.16679900413718535,0.2441712631772245,-0.07737225904003917,129,0.8861506518900601,0.070698,False
2017-09-25,2017Q2,0.11734407829456113,0.24219897238713642,-0.12485489409257529,129,0.8861506518900601,0.0708105,False
2017-09-26,2017Q2,0.11740719340161067,0.21864710325691125,-0.10123990985530058,129,0.8861506518900601,0.070439,False
2017-09-27,2017Q2,0.13886342384228978,0.21656694007707583,-0.07770351623478605,129,0.8861506518900601,0.075237,False
2017-09-28,2017Q2,0.12192004698357764,0.21614279367131922,-0.09422274668774158,129,0.8861506518900601,0.070371,False
2017-09-29,2017Q2,0.11500544452950678,0.1357295871200011,-0.02072414259049432,127,0.8814281447820589,0.06685450000000001,False
2017-10-02,2017Q3,0.13549341201559378,0.14487751457755144,-0.009384102561957652,105,0.8083947198713021,0.0780285,False
2017-10-03,2017Q3,0.07397605031936369,0.1452803973977623,-0.07130434707839861,105,0.8083947198713021,0.0614095,False
2017-10-04,2017Q3,0.09798791591860108,0.11819289939257138,-0.020204983473970303,105,0.8083947198713021,0.0686655,False
2017-10-05,2017Q3,0.0819627006101929,0.11868778246605691,-0.03672508185586401,105,0.8083947198713021,0.06388350000000001,False
2017-10-06,2017Q3,0.07806002594232656,0.11523524448183906,-0.0371752185395125,105,0.8083947198713021,0.062843,False
2017-10-09,2017Q3,0.0989832289063315,0.10567183944169946,-0.006688610535367956,131,0.8884279145074424,0.0679845,False
2017-10-10,2017Q3,0.09747174900900694,0.10430140358114089,-0.006829654572133942,131,0.8884279145074424,0.067714,False
2017-10-11,2017Q3,0.10079474949030948,0.10330803910783463,-0.002513289617525158,131,0.8884279145074424,0.06827849999999999,False
2017-10-12,2017Q3,0.09913180635549035,0.10395832680494518,-0.004826520449454835,131,0.8884279145074424,0.0679095,False
2017-10-13,2017Q3,0.09060245326536312,0.09986792808056168,-0.009265474815198557,131,0.8884279145074424,0.064805,False
2017-10-16,2017Q3,0.10089850106525315,0.09950015544494133,0.001398345620311825,130,0.8854773561296454,0.0687365,False
2017-10-17,2017Q3,0.10901889200266217,0.07692871433317222,0.03209017766948995,129,0.8831985782838779,0.07013849999999999,False
2017-10-18,2017Q3,0.10328995173946154,0.07474664123245295,0.02854331050700859,130,0.8854773561296454,0.0680425,False
2017-10-19,2017Q3,0.10702928073973031,0.0766717666307332,0.030357514108997105,131,0.8884279145074424,0.0690405,False
2017-10-20,2017Q3,0.10865091660465062,0.07441140811811014,0.034239508486540476,131,0.8884279145074424,0.0675135,False
2017-10-23,2017Q3,0.13663476352963821,0.05665343087848484,0.07998133265115337,130,0.8861491366616749,0.075326,False
2017-10-24,2017Q3,0.1404338318961356,0.05253671873204859,0.08789711316408699,130,0.8861491366616749,0.07663400000000001,False
2017-10-25,2017Q3,0.1654142295712975,0.06069280281484956,0.10472142675644794,130,0.8861491366616749,0.08334,False
2017-10-26,2017Q3,0.1643714886007926,0.05827617453532927,0.10609531406546333,129,0.8831985782838779,0.083041,False
2017-10-27,2017Q3,0.12035720164518698,0.06763443933108419,0.05272276231410279,130,0.8854773561296454,0.06770799999999999,False
2017-10-30,2017Q3,0.18852674606436673,0.07715411460315263,0.1113726314612141,105,0.8083947198713021,0.088011,False
2017-10-31,2017Q3,0.17872023526671593,0.07579740526771872,0.10292282999899721,105,0.8083947198713021,0.085743,False
2017-11-01,2017Q3,0.1368605517631972,0.07684045542846155,0.06002009633473565,105,0.8083947198713021,0.07626749999999999,False
2017-11-02,2017Q3,0.13079014968308852,0.07079644511660375,0.05999370456648477,105,0.8083947198713021,0.073828,False
2017-11-03,2017Q3,0.111645018835168,0.07210559618807243,0.039539422647095576,105,0.8083947198713021,0.065474,False
2017-11-06,2017Q3,0.12924097137526516,0.06172092096411603,0.06752005041114914,129,0.8831985782838779,0.0699085,False
2017-11-07,2017Q3,0.1399737740035885,0.05967000166406559,0.08030377233952293,129,0.8831985782838779,0.0728655,False
2017-11-08,2017Q3,0.1505776856314499,0.05815774228976591,0.09241994334168399,129,0.8831985782838779,0.07449549999999999,False
2017-11-09,2017Q3,0.17672089318521186,0.06465645079569905,0.11206444238951281,131,0.8884279145074424,0.08241899999999999,False
2017-11-10,2017Q3,0.18726962239054046,0.06306176516828754,0.12420785722225292,129,0.8831985782838779,0.08371300000000001,False
2017-11-13,2017Q3,0.17729800500415432,0.06169070343751485,0.11560730156663948,129,0.8831985782838779,0.082578,False
2017-11-14,2017Q3,0.19046588238269963,0.06408595037423458,0.12637993200846503,130,0.8861491366616749,0.08516699999999999,False
2017-11-15,2017Q3,0.23939141168134936,0.07172489265811507,0.1676665190232343,129,0.8831985782838779,0.095919,False
2017-11-16,2017Q3,0.19158070526269405,0.07725220618539852,0.11432849907729553,129,0.8831985782838779,0.08097750000000001,False
2017-11-17,2017Q3,0.18761401928295604,0.08246949721637614,0.1051445220665799,128,0.8802287964224581,0.07923050000000001,False
2017-11-20,2017Q3,0.1704908779855685,0.08226755805319094,0.08822331993237756,128,0.8802287964224581,0.07565749999999999,False
2017-11-21,2017Q3,0.14756189304493525,0.09009752943008036,0.057464363614854894,127,0.877992948245476,0.068436,False
2017-11-22,2017Q3,0.15801785485263212,0.08913465302262698,0.06888320183000514,127,0.8782838807393153,0.069933,False
2017-11-24,2017Q3,0.1564950610159844,0.08952095482869256,0.06697410618729184,127,0.8782838807393153,0.06983349999999999,False
2017-11-27,2017Q3,0.1621649111997529,0.09653005063212601,0.0656348605676269,105,0.8083947198713021,0.0712715,False
2017-11-28,2017Q3,0.18385951722649324,0.10793012476252313,0.07592939246397011,105,0.8083947198713021,0.0763015,False
2017-11-29,2017Q3,0.17777681879479196,0.10037548334523731,0.07740133544955465,105,0.8083947198713021,0.082698,False
2017-11-30,2017Q3,0.21946225142642214,0.11194485757888518,0.10751739384753696,105,0.8083947198713021,0.089164,False
2017-12-01,2017Q3,0.21164620640712442,0.11532287430494556,0.09632333210217886,105,0.8083947198713021,0.0897915,False
2017-12-04,2017Q3,0.14942947534271367,0.10499150433273233,0.04443797100998134,105,0.8083947198713021,0.0835745,False
2017-12-05,2017Q3,0.17802806163312487,0.10148480306784154,0.07654325856528334,105,0.8083947198713021,0.08550050000000001,False
2017-12-06,2017Q3,0.1805012958758528,0.10214195043954864,0.07835934543630417,105,0.8083947198713021,0.0837955,False
2017-12-07,2017Q3,0.17252640913007844,0.09780589967230974,0.0747205094577687,105,0.8083947198713021,0.0792765,False
2017-12-08,2017Q3,0.15676034346393827,0.10448116600380562,0.05227917746013265,105,0.8083947198713021,0.0725875,False
2017-12-11,2017Q3,0.14761238583197067,0.10298723206832319,0.04462515376364748,130,0.8861491366616749,0.07067799999999999,False
2017-12-12,2017Q3,0.15413012374764412,0.10123066998508162,0.0528994537625625,130,0.8861491366616749,0.07333300000000001,False
2017-12-13,2017Q3,0.17981127303341787,0.10205247961163626,0.07775879342178162,130,0.8861491366616749,0.076904,False
2017-12-14,2017Q3,0.1737404700561521,0.10776169635784996,0.06597877369830213,130,0.8861491366616749,0.0757655,False
2017-12-15,2017Q3,0.16000733708031364,0.12076200677445274,0.0392453303058609,130,0.8861491366616749,0.069285,False
2017-12-18,2017Q3,0.13355634153329382,0.1231150077862072,0.010441333747086626,130,0.8861491366616749,0.06570899999999999,False
2017-12-19,2017Q3,0.17519810694244795,0.13064078410959615,0.0445573228328518,130,0.8861491366616749,0.0750475,False
2017-12-20,2017Q3,0.17639089117505585,0.13292371123910943,0.043467179935946426,129,0.8839122304610192,0.0741565,False
2017-12-21,2017Q3,0.17777857014019474,0.1323160123542095,0.045462557785985236,130,0.8861491366616749,0.073312,False
2017-12-22,2017Q3,0.1848376537092842,0.129282679986376,0.05555497372290821,130,0.8861491366616749,0.07332549999999999,False
2017-12-26,2017Q3,0.23366369157593636,0.1310053121796406,0.10265837939629577,130,0.8861491366616749,0.09064549999999999,False
2017-12-27,2017Q3,0.18432463878746685,0.13358849806399398,0.05073614072347288,130,0.8861491366616749,0.079627,False
2017-12-28,2017Q3,0.15954506304257335,0.13165913319489989,0.027885929847673463,129,0.8834702872940944,0.0729375,False
2017-12-29,2017Q3,0.16668716236939762,0.13425064172842424,0.03243652064097338,130,0.8861491366616749,0.074961,False
2018-01-02,2017Q4,0.09473461630630242,0.13824049798758378,-0.04350588168128136,108,0.8250396630960257,0.06922400000000001,False
2018-01-03,2017Q4,0.08476753537810355,0.12916733123446927,-0.04439979585636572,108,0.8250396630960257,0.0670155,False
2018-01-04,2017Q4,0.09320079742487102,0.13063177627460426,-0.037430978849733246,111,0.8341540264516936,0.06969,False
2018-01-05,2017Q4,0.09765941068268669,0.13156183381811784,-0.03390242313543115,111,0.8341540264516936,0.070593,False
2018-01-08,2017Q4,0.09725806817202041,0.12773812644218016,-0.030480058270159746,133,0.9028722927908372,0.0702345,False
2018-01-09,2017Q4,0.11674116421719462,0.12603450115500592,-0.0092933369378113,133,0.9028722927908372,0.076778,False
2018-01-10,2017Q4,0.1203644969051714,0.1268074373920402,-0.006442940486868803,133,0.9028722927908372,0.07813200000000001,False
2018-01-11,2017Q4,0.11797369981146487,0.11889936252671093,-0.0009256627152460645,133,0.9028722927908372,0.077288,False
2018-01-12,2017Q4,0.12810303387367433,0.14038870895082206,-0.012285675077147729,133,0.9028722927908372,0.08067350000000001,False
2018-01-16,2017Q4,0.18590184139007002,0.13042675960060565,0.055475081789464364,132,0.899525862514724,0.100423,False
2018-01-17,2017Q4,0.15623541597830023,0.14191415302013066,0.014321262958169573,133,0.9017554043949478,0.0928435,False
2018-01-18,2017Q4,0.16709615261992317,0.16253047118632036,0.004565681433602808,132,0.899525862514724,0.09530949999999999,False
2018-01-19,2017Q4,0.14526715830813838,0.155846662160219,-0.010579503852080618,133,0.9017554043949478,0.08686050000000001,False
2018-01-22,2017Q4,0.13220361570344835,0.16415230419846097,-0.03194868849501262,133,0.9017554043949478,0.082673,False
2018-01-23,2017Q4,0.13649626638891355,0.15784030314582193,-0.02134403675690838,133,0.9017554043949478,0.0851915,False
2018-01-24,2017Q4,0.16539739753425609,0.15279421197773768,0.012603185556518404,132,0.899525862514724,0.0954835,False
2018-01-25,2017Q4,0.15795367749090744,0.1488527438240353,0.009100933666872146,132,0.899525862514724,0.09554499999999999,False
2018-01-26,2017Q4,0.15333413022025558,0.16802812852655782,-0.014693998306302247,132,0.899525862514724,0.094012,False
2018-01-29,2017Q4,0.1841249004988537,0.18676223906252087,-0.0026373385636671853,112,0.83660932656896,0.1145545,False
2018-01-30,2017Q4,0.2102451520555429,0.21912084785157637,-0.008875695796033478,112,0.83660932656896,0.1210715,False
2018-01-31,2017Q4,0.201672857237309,0.20742298436996337,-0.005750127132654381,112,0.83660932656896,0.1156555,False
2018-02-01,2017Q4,0.22424964702774292,0.1928937828170982,0.03135586421064471,113,0.8388474415856526,0.1137565,False
2018-02-02,2017Q4,0.3542490004175173,0.2691151900523341,0.0851338103651832,116,0.8464718913990142,0.141896,False
2018-02-05,2017Q4,0.9170437740426923,0.4584151991788468,0.4586285748638455,134,0.9051018346710611,0.27436299999999997,False
2018-02-06,2017Q4,0.6357450233115254,0.47322325929003206,0.16252176402149332,133,0.9028722927908372,0.2204865,False
2018-02-07,2017Q4,0.4491064985778548,0.46640680892006314,-0.017300310342208358,133,0.9028722927908372,0.173414,False
2018-02-08,2017Q4,0.7402633856063429,0.543183494798171,0.1970798908081719,134,0.9051018346710611,0.26707400000000003,False
2018-02-09,2017Q4,0.4777089767032902,0.5452113793849078,-0.06750240268161761,133,0.9028722927908372,0.2240585,False
2018-02-12,2017Q4,0.44989848187897924,0.5488908966382876,-0.09899241475930837,133,0.9028722927908372,0.1785635,False
2018-02-13,2017Q4,0.44282746839416504,0.5463881597148266,-0.10356069132066154,133,0.9028722927908372,0.170181,False
2018-02-14,2017Q4,0.3906363616994669,0.5504985556813072,-0.15986219398184032,133,0.9028722927908372,0.14723,False
2018-02-15,2017Q4,0.37928796161242484,0.5553912369909438,-0.176103275378519,133,0.9028722927908372,0.1414585,False
2018-02-16,2017Q4,0.3644715346486466,0.5532760876221501,-0.18880455297350346,133,0.9028722927908372,0.136354,False
2018-02-20,2017Q4,0.4038950034007491,0.541452965763112,-0.1375579623623629,133,0.9028722927908372,0.14905449999999998,False
2018-02-21,2017Q4,0.4496113458850112,0.5429621970295339,-0.09335085114452263,133,0.9028722927908372,0.1549825,False
2018-02-22,2017Q4,0.39003810787508,0.5433539916230202,-0.15331588374794025,133,0.9028722927908372,0.1428485,False
2018-02-23,2017Q4,0.31001128893967117,0.5554679331038505,-0.24545664416417928,133,0.9028722927908372,0.11668999999999999,False
2018-02-26,2017Q4,0.32492062468547805,0.5671820725376436,-0.24226144785216558,117,0.8511534366770814,0.12084900000000001,False
2018-02-27,2017Q4,0.38394725148913983,0.5682614432023535,-0.18431419171321367,117,0.8511534366770814,0.139004,False
2018-02-28,2017Q4,0.38567241922055834,0.5768748227998098,-0.1912024035792515,117,0.8511534366770814,0.1455155,False
2018-03-01,2017Q4,0.4116946371750925,0.579284440503849,-0.16758980332875645,117,0.8511534366770814,0.1624625,False
2018-03-02,2017Q4,0.3348521884552858,0.5793832430192523,-0.24453105456396645,117,0.8511534366770814,0.142672,False
2018-03-05,2017Q4,0.3970565835451814,0.5858957794992354,-0.18883919595405402,117,0.8511534366770814,0.14380700000000002,False
2018-03-06,2017Q4,0.35179958579215137,0.5841402601220839,-0.2323406743299325,117,0.8511534366770814,0.134252,False
2018-03-07,2017Q4,0.345186107000406,0.5887938344049537,-0.24360772740454772,117,0.8511534366770814,0.134232,False
2018-03-08,2017Q4,0.3256181321437644,0.5925891851041428,-0.26697105296037843,117,0.8511534366770814,0.1250995,False
2018-03-09,2017Q4,0.26371938718196886,0.6088704613531448,-0.34515107417117596,117,0.8511534366770814,0.10362950000000001,False
2018-03-12,2017Q4,0.2761045678611682,0.6062800697466291,-0.33017550188546085,134,0.9051018346710611,0.11024300000000001,False
2018-03-13,2017Q4,0.3306926881466949,0.6065845832764809,-0.275891895129786,134,0.9051018346710611,0.125026,False
2018-03-14,2017Q4,0.3325519093090795,0.6076565910121592,-0.27510468170307967,134,0.9051018346710611,0.1251815,False
2018-03-15,2017Q4,0.3306794078770316,0.6158795996847735,-0.28520019180774187,134,0.9051018346710611,0.1207575,False
2018-03-16,2017Q4,0.2975378525102615,0.6320779234280735,-0.33454007091781196,134,0.9051018346710611,0.108212,False
2018-03-19,2017Q4,0.3926222169413961,0.6370916675203491,-0.24446945057895297,134,0.9051018346710611,0.14353749999999998,False
2018-03-20,2017Q4,0.41385463378224135,0.5497402229621955,-0.13588558917995414,134,0.9051018346710611,0.14299050000000002,False
2018-03-21,2017Q4,0.3764500217160451,0.5384971234286422,-0.16204710171259712,134,0.9051018346710611,0.137442,False
2018-03-22,2017Q4,0.5145851977269826,0.573512493290604,-0.05892729556362142,133,0.9028722927908372,0.18324600000000002,False
2018-03-23,2017Q4,0.4870032492412724,0.5140059623763829,-0.027002713135110434,133,0.9028722927908372,0.193586,False
2018-03-26,2017Q4,0.3797338210834342,0.5482899024152748,-0.16855608133184058,133,0.9028722927908372,0.166548,False
2018-03-27,2017Q4,0.42315757284691663,0.5414128516553313,-0.11825527880841463,133,0.9028722927908372,0.189409,False
2018-03-28,2017Q4,0.3965021753306907,0.5264575861109765,-0.12995541078028577,133,0.9028722927908372,0.1884325,False
2018-03-29,2017Q4,0.3857515458228041,0.5320383972191093,-0.1462868513963052,133,0.9028722927908372,0.1702755,False
2018-04-02,2018Q1,0.3689397484876797,0.5641699555969931,-0.19523020710931344,115,0.8486951705023814,0.194024,False
2018-04-03,2018Q1,0.3864321391227273,0.5748414382817909,-0.18840929915906363,115,0.8486951705023814,0.18888850000000001,False
2018-04-04,2018Q1,0.36042889768697745,0.5936774691490199,-0.23324857146204242,115,0.8486951705023814,0.1754285,False
2018-04-05,2018Q1,0.32480637300813225,0.5950786662979208,-0.2702722932897886,115,0.8486951705023814,0.1626175,False
2018-04-06,2018Q1,0.33958526647111653,0.6164171772093953,-0.27683191073827873,115,0.8486951705023814,0.17955100000000002,False
2018-04-09,2018Q1,0.4215670927184379,0.5964663280354209,-0.17489923531698298,132,0.9024183344487772,0.19160549999999998,False
2018-04-10,2018Q1,0.3688110416833888,0.599441765577746,-0.23063072389435718,132,0.9024183344487772,0.17420999999999998,False
2018-04-11,2018Q1,0.363458238031861,0.6004009738411384,-0.23694273580927744,132,0.9024183344487772,0.1724755,False
2018-04-12,2018Q1,0.3267082525314431,0.6013807949515965,-0.2746725424201534,132,0.9024183344487772,0.15761550000000002,False
2018-04-13,2018Q1,0.2825875208124283,0.5936498402839342,-0.3110623194715059,132,0.9024183344487772,0.145008,False
2018-04-16,2018Q1,0.22719343670810924,0.5934490179614689,-0.36625558125335966,132,0.9024183344487772,0.12377949999999999,False
2018-04-17,2018Q1,0.24193463310588156,0.5870998696650961,-0.3451652365592145,132,0.9024183344487772,0.1219675,False
2018-04-18,2018Q1,0.23067920974830045,0.5786888539083139,-0.34800964416001345,132,0.9024183344487772,0.119877,False
2018-04-19,2018Q1,0.24422704178213975,0.5569247419251162,-0.3126977001429765,132,0.9024183344487772,0.128874,False
2018-04-20,2018Q1,0.2819211856085356,0.5585372923556398,-0.2766161067471042,132,0.9024183344487772,0.141962,False
2018-04-23,2018Q1,0.3071224271473602,0.5426710400509865,-0.23554861290362633,133,0.9047548538861037,0.14287,False
2018-04-24,2018Q1,0.3174367994925645,0.5442266790059721,-0.22678987951340762,132,0.9024183344487772,0.150768,False
2018-04-25,2018Q1,0.34015564773179846,0.5398963558837372,-0.19974070815193873,132,0.9024183344487772,0.1541365,False
2018-04-26,2018Q1,0.3151369609538196,0.529790349997396,-0.21465338904357645,132,0.9024183344487772,0.13871899999999998,False
2018-04-27,2018Q1,0.3350923758353424,0.5162591690492097,-0.18116679321386725,132,0.9024183344487772,0.13073649999999998,False
2018-04-30,2018Q1,0.3395284306459413,0.5146877402288552,-0.17515930958291392,116,0.8512956720236868,0.1316945,False
2018-05-01,2018Q1,0.31090499483620576,0.4991417847148631,-0.18823678987865733,116,0.8512956720236868,0.126935,False
2018-05-02,2018Q1,0.36378393599758524,0.4963916940971554,-0.13260775809957015,116,0.8512956720236868,0.1334635,False
2018-05-03,2018Q1,0.3865483900400893,0.49738800194397165,-0.11083961190388236,116,0.8512956720236868,0.13793650000000002,False
2018-05-04,2018Q1,0.3149379472108526,0.47637634472772755,-0.16143839751687494,116,0.8512956720236868,0.11898,False
2018-05-07,2018Q1,0.32306340768787684,0.44700815642263114,-0.1239447487347543,132,0.9024183344487772,0.12215799999999999,False
2018-05-08,2018Q1,0.31401454819618274,0.39621233861079513,-0.08219779041461239,132,0.9024183344487772,0.1205195,False
2018-05-09,2018Q1,0.284478020059636,0.38073985418006895,-0.09626183412043293,132,0.9024183344487772,0.11293600000000001,False
2018-05-10,2018Q1,0.26034973346961665,0.39564358590198084,-0.1352938524323642,132,0.9024183344487772,0.10515250000000001,False
2018-05-11,2018Q1,0.244618592699625,0.38491993484315745,-0.14030134214353246,132,0.9024183344487772,0.0986975,False
2018-05-14,2018Q1,0.2559577830330192,0.33541978041838044,-0.07946199738536125,132,0.9024183344487772,0.1021845,False
2018-05-15,2018Q1,0.29067789579313097,0.33135903529773864,-0.040681139504607666,132,0.9024183344487772,0.11292450000000001,False
2018-05-16,2018Q1,0.2742308226814703,0.32300583721710746,-0.04877501453563715,132,0.9024183344487772,0.10642299999999999,False
2018-05-17,2018Q1,0.2768385261631306,0.3190557106478149,-0.04221718448468431,133,0.9047548538861037,0.104395,False
2018-05-18,2018Q1,0.279195518198857,0.2573124718438762,0.02188304635498084,131,0.8998422820018472,0.10333200000000001,False
2018-05-21,2018Q1,0.2619342323365027,0.2604563737433224,0.0014778585931802812,131,0.8982640514986278,0.0994925,False
2018-05-22,2018Q1,0.2687168835185648,0.23213190226382327,0.03658498125474155,132,0.9022137812525102,0.1004955,False
2018-05-23,2018Q1,0.24106693528118983,0.2224516161091126,0.018615319172077233,130,0.8956879990516979,0.09528500000000001,False
2018-05-24,2018Q1,0.23754411297911096,0.21390426529982598,0.02363984767928498,131,0.8982640514986278,0.094749,False
2018-05-25,2018Q1,0.24278013888149827,0.21535162433125055,0.027428514550247723,129,0.8912467385912612,0.095205,False
2018-05-29,2018Q1,0.33812121449237614,0.22774817323022203,0.11037304126215411,117,0.8554151351329617,0.12606,False
2018-05-30,2018Q1,0.2780297512543804,0.23660163300432704,0.04142811825005335,117,0.8554151351329617,0.106654,False
2018-05-31,2018Q1,0.295197294425276,0.24569587236007498,0.049501422065201,117,0.8554151351329617,0.112073,False
2018-06-01,2018Q1,0.2456106198030147,0.27704474551548425,-0.031434125712469535,117,0.8554151351329617,0.0965655,False
2018-06-04,2018Q1,0.23578543664557813,0.2693469472472558,-0.03356151060167764,117,0.8554151351329617,0.0929725,False
2018-06-05,2018Q1,0.23640215757590094,0.2706802456801153,-0.034278088104214344,117,0.8554151351329617,0.09348400000000001,False
2018-06-06,2018Q1,0.1953758232247837,0.25285244067905843,-0.05747661745427474,117,0.8554151351329617,0.08505299999999999,False
2018-06-07,2018Q1,0.2072370667493863,0.25318307184719574,-0.04594600509780944,117,0.8554151351329617,0.0885005,False
2018-06-08,2018Q1,0.20157537956128874,0.25884579844832617,-0.05727041888703743,117,0.8554151351329617,0.0848775,False
2018-06-11,2018Q1,0.21046802711670562,0.2701893586852672,-0.0597213315685616,132,0.9024183344487772,0.089364,False
2018-06-12,2018Q1,0.205745898063231,0.26402131832579673,-0.05827542026256574,132,0.9024183344487772,0.08762600000000001,False
2018-06-13,2018Q1,0.2378210861533747,0.27407122102303916,-0.03625013486966447,132,0.9024183344487772,0.09353900000000001,False
2018-06-14,2018Q1,0.2163946887354676,0.2692899949666709,-0.05289530623120328,132,0.9024183344487772,0.08823700000000001,False
2018-06-15,2018Q1,0.1970218209549729,0.26792829200772117,-0.07090647105274828,132,0.9004947434077,0.084398,False
2018-06-18,2018Q1,0.19467483567081448,0.24978922489276878,-0.0551143892219543,131,0.8981582239703735,0.0908475,False
2018-06-19,2018Q1,0.21101526756301692,0.2504347331004685,-0.03941946553745157,131,0.8981582239703735,0.097616,False
2018-06-20,2018Q1,0.2063880708354994,0.25025108783154826,-0.04386301699604886,131,0.8981582239703735,0.096094,False
2018-06-21,2018Q1,0.2500185030319547,0.2520150584833083,-0.0019965554513535766,131,0.8981582239703735,0.10981199999999999,False
2018-06-22,2018Q1,0.22881476225652098,0.2286645823623863,0.00015017989413468324,131,0.8981582239703735,0.10210849999999999,False
2018-06-25,2018Q1,0.2612631819867814,0.25802564778398335,0.0032375342027980425,131,0.8981582239703735,0.12927850000000002,False
2018-06-26,2018Q1,0.25495233416470314,0.2549116943292244,4.063983547875072e-05,131,0.8981582239703735,0.1245465,False
2018-06-27,2018Q1,0.3095672851645421,0.25709125917644854,0.05247602598809359,131,0.8981582239703735,0.142938,False
2018-06-28,2018Q1,0.2666385914821437,0.25857256814089763,0.008066023341246065,132,0.9004947434077,0.130875,False
2018-06-29,2018Q1,0.23278978386964333,0.25563218428696993,-0.022842400417326603,132,0.9004947434077,0.120187,False
2018-07-02,2018Q2,0.2134753878189411,0.26664357939224675,-0.053168191573305656,116,0.8514307448563316,0.1195745,False
2018-07-03,2018Q2,0.22074886873545704,0.25863032704712335,-0.03788145831166631,116,0.8514307448563316,0.1236735,False
2018-07-05,2018Q2,0.19207363229941013,0.2691196076570114,-0.07704597535760124,116,0.8514307448563316,0.11431,False
2018-07-06,2018Q2,0.16195064489575353,0.2807869804769674,-0.11883633558121384,116,0.8514307448563316,0.101739,False
2018-07-09,2018Q2,0.12620854735425976,0.2773666511570466,-0.15115810380278685,130,0.8964515856556621,0.086662,False
2018-07-10,2018Q2,0.14556054956378736,0.278273003028331,-0.13271245346454366,130,0.8964515856556621,0.0914215,False
2018-07-11,2018Q2,0.16578331988832412,0.2651597848027165,-0.09937646491439239,131,0.8986559818237578,0.10000600000000001,False
2018-07-12,2018Q2,0.14117825027610267,0.24742296618376972,-0.10624471590766704,131,0.8986559818237578,0.0910995,False
2018-07-13,2018Q2,0.13447961614858056,0.24027220374924843,-0.10579258760066787,131,0.8986559818237578,0.087688,False
2018-07-16,2018Q2,0.13500490741188786,0.21796600724307777,-0.0829610998311899,131,0.8986559818237578,0.089226,False
2018-07-17,2018Q2,0.12480459326756102,0.21414469029922634,-0.08934009703166532,131,0.8986559818237578,0.084586,False
2018-07-18,2018Q2,0.13033013795968165,0.2126415833416043,-0.08231144538192264,131,0.8986559818237578,0.08617949999999999,False
2018-07-19,2018Q2,0.14725191040503477,0.2020704735875724,-0.05481856318253764,131,0.8986559818237578,0.092142,False
2018-07-20,2018Q2,0.14952807768833187,0.20466743031051793,-0.055139352622186055,130,0.8964515856556621,0.08874850000000001,False
2018-07-23,2018Q2,0.16572625217897202,0.20108087376448,-0.03535462158550798,130,0.8964515856556621,0.0923525,False
2018-07-24,2018Q2,0.19364197935059582,0.20293504608083324,-0.009293066730237415,131,0.8986559818237578,0.0964895,False
2018-07-25,2018Q2,0.16385657323875097,0.20855042302665747,-0.0446938497879065,131,0.8986559818237578,0.087048,False
2018-07-26,2018Q2,0.16536335603349964,0.19966924912057266,-0.03430589308707302,131,0.8986559818237578,0.0882175,False
2018-07-27,2018Q2,0.22462541689415627,0.204202747399581,0.020422669494575274,130,0.8947923208693486,0.09909599999999999,False
2018-07-30,2018Q2,0.22188207384914513,0.21652168248032538,0.005360391368819745,116,0.8514307448563316,0.103632,False
2018-07-31,2018Q2,0.21556188492669867,0.21422111439489536,0.0013407705318033147,116,0.8514307448563316,0.100492,False
2018-08-01,2018Q2,0.2068572863824707,0.20070815875181813,0.006149127630652562,116,0.8514307448563316,0.0946655,False
2018-08-02,2018Q2,0.19144142807178816,0.2026950482538854,-0.011253620182097246,116,0.8514307448563316,0.088539,False
2018-08-03,2018Q2,0.18277310784945197,0.19491869267574657,-0.012145584826294603,116,0.8514307448563316,0.082703,False
2018-08-06,2018Q2,0.18285183294576784,0.20021693447120079,-0.01736510152543294,116,0.8514307448563316,0.0800005,False
2018-08-07,2018Q2,0.1767092237400513,0.15641844968588545,0.02029077405416585,116,0.8514307448563316,0.0775295,False
2018-08-08,2018Q2,0.18910327525875564,0.1583106418436417,0.030792633415113957,116,0.8514307448563316,0.078217,False
2018-08-09,2018Q2,0.2097281306566674,0.14213309781039107,0.06759503284627633,116,0.8514307448563316,0.08205699999999999,False
2018-08-10,2018Q2,0.23399928941326908,0.15155693925770222,0.08244235015556686,116,0.8514307448563316,0.08940200000000001,False
2018-08-13,2018Q2,0.2767347007535466,0.15344358221210355,0.12329111854144306,131,0.8986559818237578,0.100828,False
2018-08-14,2018Q2,0.25506651185303414,0.15810566303961288,0.09696084881342126,130,0.8964515856556621,0.092834,False
2018-08-15,2018Q2,0.29467602821439626,0.1632793440566804,0.13139668415771585,130,0.8961491786975166,0.10778399999999999,False
2018-08-16,2018Q2,0.2547493289615836,0.16170873589769894,0.09304059306388465,131,0.8986559818237578,0.09578500000000001,False
2018-08-17,2018Q2,0.24166989739386782,0.15287205487104683,0.088797842522821,130,0.8964515856556621,0.088743,False
2018-08-20,2018Q2,0.22921180204472186,0.14116100542285168,0.08805079662187018,130,0.8964515856556621,0.0877965,False
2018-08-21,2018Q2,0.23022115057673917,0.13736630679231276,0.0928548437844264,130,0.8964515856556621,0.086742,False
2018-08-22,2018Q2,0.23258726407614658,0.12637727155578315,0.10620999252036342,129,0.8939568999534814,0.0863825,False
2018-08-23,2018Q2,0.2415074382558457,0.1175512870547861,0.1239561512010596,129,0.8939568999534814,0.08804300000000001,False
2018-08-24,2018Q2,0.22379674999424595,0.12384306387934169,0.09995368611490427,128,0.8892739219405807,0.082481,False
2018-08-27,2018Q2,0.21086918346364159,0.13841349298953864,0.07245569047410294,126,0.8842512132656677,0.0820905,False
2018-08-28,2018Q2,0.2219996081878704,0.14052223723289345,0.08147737095497695,127,0.8878658016998615,0.0839135,False
2018-08-29,2018Q2,0.22981278511383166,0.1458256671084967,0.08398711800533495,129,0.8939568999534814,0.08502599999999999,False
2018-08-30,2018Q2,0.24584994572594046,0.14697475907162905,0.09887518665431141,127,0.8875864358728311,0.091291,False
2018-08-31,2018Q2,0.20997400282345108,0.14917740774229413,0.06079659508115695,129,0.8940638277216796,0.084781,False
2018-09-04,2018Q2,0.2097770762380202,0.15539981724689053,0.05437725899112966,116,0.8514307448563316,0.0921275,False
2018-09-05,2018Q2,0.21659745450170523,0.15186457197450295,0.06473288252720227,116,0.8514307448563316,0.0972875,False
2018-09-06,2018Q2,0.23340776464716514,0.14506680126580251,0.08834096338136263,116,0.8514307448563316,0.1024675,False
2018-09-07,2018Q2,0.22080016818504875,0.15255066194740988,0.06824950623763887,116,0.8514307448563316,0.0987805,False
2018-09-10,2018Q2,0.21764215815213417,0.142813569335248,0.07482858881688617,130,0.8964515856556621,0.0984495,False
2018-09-11,2018Q2,0.18758276764251958,0.1393123294614494,0.048270438181070185,130,0.8964515856556621,0.09135850000000001,False
2018-09-12,2018Q2,0.18664002075041636,0.13759013610453696,0.049049884645879394,130,0.8964515856556621,0.090358,False
2018-09-13,2018Q2,0.17330422966464387,0.1529943706059581,0.020309859058685764,130,0.8964515856556621,0.0838805,False
2018-09-14,2018Q2,0.168063527860404,0.15434002212964576,0.013723505730758229,130,0.8964515856556621,0.07995050000000001,False
2018-09-17,2018Q2,0.1754770023353019,0.16056734167155204,0.014909660663749852,130,0.8964515856556621,0.0918205,False
2018-09-18,2018Q2,0.1826099330145911,0.1647907271340398,0.017819205880551303,130,0.8964515856556621,0.089182,False
2018-09-19,2018Q2,0.17447123141133805,0.1585875448451989,0.015883686566139144,130,0.8964515856556621,0.08655550000000001,False
2018-09-20,2018Q2,0.17331030869790764,0.1714621385172779,0.0018481701806297435,130,0.8964515856556621,0.083746,False
2018-09-21,2018Q2,0.17111645083916785,0.17022215112968747,0.0008942997094803784,130,0.8964515856556621,0.082175,False
2018-09-24,2018Q2,0.15864829690481655,0.15270078836713827,0.005947508537678281,130,0.8964515856556621,0.0891845,False
2018-09-25,2018Q2,0.1632759651032992,0.14493753588755603,0.018338429215743163,130,0.8964515856556621,0.09105250000000001,False
2018-09-26,2018Q2,0.17366597051273475,0.14404723379640597,0.02961873671632878,131,0.8986559818237578,0.094624,False
2018-09-27,2018Q2,0.15617453974970852,0.12946719317854263,0.026707346571165885,131,0.8986559818237578,0.0887775,False
2018-09-28,2018Q2,0.14430748702145776,0.11408031939745022,0.03022716762400754,131,0.8986559818237578,0.085609,False
2018-10-01,2018Q3,0.12465351452656673,0.12621873145340282,-0.0015652169268360883,117,0.8573014678876264,0.0851585,False
2018-10-02,2018Q3,0.12097630141584355,0.12458565812524904,-0.003609356709405487,117,0.8573014678876264,0.086261,False
2018-10-03,2018Q3,0.1252342022875502,0.12457436373017587,0.0006598385573743232,117,0.8573014678876264,0.088309,False
2018-10-04,2018Q3,0.1584150966617206,0.1443553786364288,0.014059718025291795,118,0.8637502757640158,0.105041,False
2018-10-05,2018Q3,0.18012432530798816,0.15423008980257338,0.02589423550541478,118,0.8637502757640158,0.11244499999999999,False
2018-10-08,2018Q3,0.1918495962943665,0.13840503483009378,0.053444561464272705,134,0.9123174511413877,0.1164705,False
2018-10-09,2018Q3,0.22667765936424134,0.1227807349987845,0.10389692436545683,133,0.9100903537204772,0.126142,False
2018-10-10,2018Q3,0.3350696211706294,0.33053308825400496,0.004536532916624425,134,0.9123174511413877,0.178175,False
2018-10-11,2018Q3,0.43002008907058004,0.35559809168611534,0.0744219973844647,134,0.9123174511413877,0.2165795,False
2018-10-12,2018Q3,0.32188390356197066,0.3837096523261131,-0.06182574876414243,133,0.9100903537204772,0.17108299999999999,False
2018-10-15,2018Q3,0.3520195596047695,0.383451136537996,-0.03143157693322651,134,0.9123174511413877,0.17432799999999998,False
2018-10-16,2018Q3,0.2826376298940083,0.4320580359265829,-0.14942040603257456,134,0.9123174511413877,0.1436095,False
2018-10-17,2018Q3,0.27829919957355126,0.43187696541009385,-0.1535777658365426,133,0.9100903537204772,0.142656,False
2018-10-18,2018Q3,0.3257514149118195,0.44990780608700753,-0.12415639117518801,133,0.9100903537204772,0.1669575,False
2018-10-19,2018Q3,0.32254914584208627,0.43430600949602544,-0.11175686365393916,134,0.9123174511413877,0.1599745,False
2018-10-22,2018Q3,0.3476862309786724,0.43028898861975495,-0.08260275764108255,134,0.9123174511413877,0.16176249999999998,False
2018-10-23,2018Q3,0.37523477259397303,0.4229276898732224,-0.04769291727924935,134,0.9123174511413877,0.17654799999999998,False
2018-10-24,2018Q3,0.4378079486321831,0.47245289210821195,-0.03464494347602887,134,0.9123174511413877,0.2177915,False
2018-10-25,2018Q3,0.40852046244713136,0.4870634521732905,-0.07854298972615914,134,0.9123174511413877,0.1937255,False
2018-10-26,2018Q3,0.4411763150442162,0.49058778635978384,-0.04941147131556761,134,0.9123174511413877,0.210828,False
2018-10-29,2018Q3,0.38706224871780365,0.486206281809777,-0.09914403309197334,117,0.8573014678876264,0.2093545,False
2018-10-30,2018Q3,0.39776980503664133,0.48513313161291616,-0.08736332657627482,117,0.8573014678876264,0.1975965,False
2018-10-31,2018Q3,0.39376976856640566,0.48441618229141015,-0.09064641372500448,117,0.8573014678876264,0.18387399999999998,False
2018-11-01,2018Q3,0.3515009366643997,0.4786637293282979,-0.12716279266389824,118,0.8637502757640158,0.16560599999999998,False
2018-11-02,2018Q3,0.35622436929214285,0.46498898913658343,-0.10876461984444058,118,0.8637502757640158,0.1668635,False
2018-11-05,2018Q3,0.3605199369015954,0.46605537350626897,-0.10553543660467357,118,0.8637502757640158,0.1667415,False
2018-11-06,2018Q3,0.39062129019562736,0.4683170179934042,-0.07769572779777684,118,0.8637502757640158,0.1671405,False
2018-11-07,2018Q3,0.340417246640708,0.49242902331488775,-0.15201177667417975,118,0.8637502757640158,0.13756849999999998,False
2018-11-08,2018Q3,0.3428363788102096,0.48933318806356607,-0.14649680925335645,118,0.8637502757640158,0.138487,False
2018-11-09,2018Q3,0.32478299109307734,0.48993257693868314,-0.1651495858456058,118,0.8637502757640158,0.142848,False
2018-11-12,2018Q3,0.3874982890776287,0.49256421764501906,-0.10506592856739039,133,0.9100903537204772,0.1750525,False
2018-11-13,2018Q3,0.38205127625412544,0.4906840791360045,-0.10863280288187904,133,0.9100903537204772,0.172399,False
2018-11-14,2018Q3,0.39207240906002316,0.49242234157584075,-0.10034993251581759,133,0.9100903537204772,0.1834965,False
2018-11-15,2018Q3,0.38448596657146433,0.4957280585570947,-0.11124209198563034,134,0.9123174511413877,0.1732635,False
2018-11-16,2018Q3,0.3577443899662664,0.48964639354135564,-0.13190200357508924,133,0.9100903537204772,0.15850999999999998,False
2018-11-19,2018Q3,0.38538585841989376,0.49427606812760577,-0.10889020970771202,133,0.9100903537204772,0.1809305,False
2018-11-20,2018Q3,0.40496102826502045,0.495715378973314,-0.09075435070829357,134,0.9123174511413877,0.199313,False
2018-11-21,2018Q3,0.40403380151726775,0.4565486759357007,-0.052514874418432944,133,0.9100903537204772,0.1822745,False
2018-11-23,2018Q3,0.3673710928492314,0.44990726441543594,-0.08253617156620452,133,0.9100903537204772,0.1809555,False
2018-11-26,2018Q3,0.3765310279828589,0.4508084048106177,-0.07427737682775876,134,0.9123174511413877,0.16236050000000002,False
2018-11-27,2018Q3,0.4039672239516967,0.4517126570112541,-0.04774543305955742,133,0.9100903537204772,0.16511599999999999,False
2018-11-28,2018Q3,0.4204193038592271,0.46157278944616265,-0.041153485586935545,133,0.9100903537204772,0.1611165,False
2018-11-29,2018Q3,0.4288970661927783,0.46727540637763143,-0.038378340184853144,131,0.9042297780536506,0.165831,False
2018-11-30,2018Q3,0.4174469323045382,0.4597761206131083,-0.042329188308570076,132,0.906627610442905,0.1625115,False
2018-12-03,2018Q3,0.36745435260147025,0.4810426914461845,-0.11358833884471425,117,0.8602875324864436,0.13697399999999998,False
2018-12-04,2018Q3,0.44942438228577214,0.5263034625772578,-0.07687908029148566,117,0.8602875324864436,0.1793745,False
2018-12-06,2018Q3,0.4278030117555079,0.5272626857152078,-0.09945967395969996,117,0.8602875324864436,0.184385,False
2018-12-07,2018Q3,0.4485488807524611,0.5228861715708941,-0.07433729081843304,117,0.8602875324864436,0.2031945,False
2018-12-10,2018Q3,0.42310967416123013,0.49978800057829503,-0.0766783264170649,133,0.9088547078638155,0.197141,False
2018-12-11,2018Q3,0.42073088283926996,0.4952590730711492,-0.07452819023187923,133,0.9088547078638155,0.19034099999999998,False
2018-12-12,2018Q3,0.46023566344487477,0.5089626884942137,-0.0487270250493389,133,0.9088547078638155,0.1893145,False
2018-12-13,2018Q3,0.43360730614528165,0.5106919721281193,-0.0770846659828377,133,0.9088547078638155,0.180052,False
2018-12-14,2018Q3,0.41028370317101404,0.5230721308334472,-0.11278842766243313,133,0.9088547078638155,0.1876465,False
2018-12-17,2018Q3,0.43169080561915635,0.5333577902652686,-0.10166698464611229,133,0.9088547078638155,0.2143985,False
2018-12-18,2018Q3,0.4576806280100118,0.5384002613058334,-0.0807196332958216,132,0.906627610442905,0.220279,False
2018-12-19,2018Q3,0.4369323335398148,0.5452918029257189,-0.10835946938590407,133,0.9088547078638155,0.2157055,False
2018-12-20,2018Q3,0.4855069744043781,0.5463960497296447,-0.060889075325266606,133,0.9088547078638155,0.246047,False
2018-12-21,2018Q3,0.4906354033061288,0.5245107584150264,-0.033875355108897554,132,0.9060602018974545,0.2605735,False
2018-12-24,2018Q3,0.5521625504540502,0.5382623005973772,0.01390024985667293,132,0.9060602018974545,0.305828,False
2018-12-26,2018Q3,0.4806044934696171,0.6401159630039456,-0.1595114695343285,132,0.9060602018974545,0.262282,False
2018-12-27,2018Q3,0.5153399412526876,0.6388127841265862,-0.12347284287389859,132,0.9060602018974545,0.270619,False
2018-12-28,2018Q3,0.4657070131455186,0.6424397821185567,-0.17673276897303808,132,0.9060602018974545,0.2449865,False
2018-12-31,2018Q3,0.40668243254737535,0.6531379248830571,-0.24645549233568176,116,0.8574930265200826,0.22738399999999998,False
2019-01-02,2018Q4,0.36536064840248533,0.6459013245586933,-0.280540676156208,112,0.8450086950656132,0.2053245,False
2019-01-03,2018Q4,0.40270419182226025,0.6499698175667997,-0.24726562574453947,112,0.8450086950656132,0.22901,False
2019-01-04,2018Q4,0.3303453676380759,0.6875472478621696,-0.35720188022409366,112,0.8450086950656132,0.18812250000000003,False
2019-01-07,2018Q4,0.3430293334076951,0.6730125523655088,-0.32998321895781374,133,0.9110973595161387,0.186559,False
2019-01-08,2018Q4,0.32483137478207286,0.6752267225683408,-0.35039534778626796,133,0.9110973595161387,0.1756075,False
2019-01-09,2018Q4,0.3277893867221367,0.6712291123917346,-0.34343972566959785,133,0.9110973595161387,0.1725715,False
2019-01-10,2018Q4,0.3228343412901244,0.6681853834997231,-0.3453510422095987,132,0.9088626317176057,0.16802499999999998,False
2019-01-11,2018Q4,0.28310173008363526,0.6686948876218101,-0.3855931575381748,132,0.9088626317176057,0.1525535,False
2019-01-14,2018Q4,0.31484515711612965,0.655056830014847,-0.3402116728987174,132,0.9088626317176057,0.1587955,False
2019-01-15,2018Q4,0.30075700836485036,0.6549840479685264,-0.354227039603676,133,0.9110973595161387,0.1483085,False
2019-01-16,2018Q4,0.3068399881669642,0.6500715533219309,-0.3432315651549667,133,0.9110973595161387,0.148187,False
2019-01-17,2018Q4,0.29419827850160557,0.6570873598286422,-0.3628890813270366,133,0.9110973595161387,0.1433975,False
2019-01-18,2018Q4,0.3234259693953017,0.640970660553,-0.3175446911576983,133,0.9110973595161387,0.142604,False
2019-01-22,2018Q4,0.36435770401702894,0.6497311154631369,-0.28537341144610795,133,0.9110973595161387,0.16615449999999998,False
2019-01-23,2018Q4,0.372430906259138,0.6297615899220155,-0.2573306836628775,133,0.9110973595161387,0.16547499999999998,False
2019-01-24,2018Q4,0.3256738707128492,0.6300391142629058,-0.3043652435500566,133,0.9110973595161387,0.152995,False
2019-01-25,2018Q4,0.31539270739881853,0.6242600586025883,-0.30886735120376974,133,0.9110973595161387,0.142505,False
2019-01-28,2018Q4,0.34375763097955925,0.6281830453753717,-0.2844254143958125,112,0.8450086950656132,0.1581015,False
2019-01-29,2018Q4,0.34943727020676035,0.6252762467163271,-0.27583897650956674,112,0.8450086950656132,0.1608875,False
2019-01-30,2018Q4,0.34208221116974835,0.6158909841419226,-0.2738087729721742,112,0.8450086950656132,0.14943849999999997,False
2019-01-31,2018Q4,0.32541738035273127,0.5920784273904339,-0.26666104703770266,112,0.8450086950656132,0.1391715,False
2019-02-01,2018Q4,0.32691344111433446,0.589384952667592,-0.2624715115532576,112,0.8450086950656132,0.1312605,False
2019-02-04,2018Q4,0.3302441257521086,0.5766040512299909,-0.24635992547788232,133,0.9110973595161387,0.12670900000000002,False
2019-02-05,2018Q4,0.3552521880035895,0.5692795881849037,-0.21402740018131416,133,0.9110973595161387,0.126593,False
2019-02-06,2018Q4,0.37325231578442564,0.5557503239257018,-0.18249800814127615,133,0.9110973595161387,0.129411,False
2019-02-07,2018Q4,0.3712116556606084,0.5271030056408137,-0.15589134998020532,133,0.9110973595161387,0.1360215,False
2019-02-08,2018Q4,0.33078695946828035,0.39859722783638796,-0.0678102683681076,133,0.9110973595161387,0.1290545,False
2019-02-11,2018Q4,0.36135890782101043,0.3981598750799031,-0.03680096725889265,133,0.9110973595161387,0.1344715,False
2019-02-12,2018Q4,0.3453591705947637,0.4043152354570591,-0.05895606486229543,133,0.9110973595161387,0.1250665,False
2019-02-13,2018Q4,0.36157547151223485,0.40167720659276057,-0.040101735080525724,133,0.9110973595161387,0.12655450000000001,False
2019-02-14,2018Q4,0.381807789900791,0.40592639530385627,-0.024118605403065263,133,0.9110973595161387,0.13189299999999998,False
2019-02-15,2018Q4,0.32960941919999887,0.3521826979339474,-0.022573278733948543,133,0.9110973595161387,0.1179185,False
2019-02-19,2018Q4,0.3426663068741861,0.24487090503601366,0.09779540183817242,132,0.9082613868936441,0.1215405,False
2019-02-20,2018Q4,0.32012056830445856,0.2476311819386439,0.07248938636581467,131,0.9038919750998021,0.1163225,False
2019-02-21,2018Q4,0.3211437068999135,0.24692810945695298,0.07421559744296052,131,0.9044999323853848,0.1186605,False
2019-02-22,2018Q4,0.28511343391197386,0.24950521382945512,0.03560822008251874,131,0.9038403644389457,0.108293,False
2019-02-25,2018Q4,0.3179008909973583,0.2592731522786294,0.058627738718728895,112,0.8450086950656132,0.1155075,False
2019-02-26,2018Q4,0.3339723519466268,0.2632220622136369,0.07075028973298986,111,0.8410281441978396,0.1168915,False
2019-02-27,2018Q4,0.34235051117248066,0.25541271721753606,0.08693779395494461,111,0.8410281441978396,0.1185635,False
2019-02-28,2018Q4,0.334632133234575,0.2504496315285245,0.08418250170605052,112,0.8450086950656132,0.118243,False
2019-03-01,2018Q4,0.2703712417203574,0.26272379947911434,0.007647442241243085,112,0.8450086950656132,0.1031665,False
2019-03-04,2018Q4,0.29066106672796904,0.2620110728652059,0.028649993862763123,112,0.8450086950656132,0.114426,False
2019-03-05,2018Q4,0.3189172423765358,0.25079857786260046,0.06811866451393533,112,0.8450086950656132,0.1159095,False
2019-03-06,2018Q4,0.358641201387165,0.2237490178628967,0.1348921835242683,112,0.8450086950656132,0.1268515,False
2019-03-07,2018Q4,0.4039519996843393,0.2470796790895888,0.1568723205947505,112,0.8450086950656132,0.139859,False
2019-03-08,2018Q4,0.3591856009645153,0.25569209435848805,0.10349350660602724,112,0.8450086950656132,0.13342700000000002,False
2019-03-11,2018Q4,0.3294729681131016,0.2686036812639404,0.06086928684916121,133,0.9110973595161387,0.116495,False
2019-03-12,2018Q4,0.3016340931591691,0.25321457335764713,0.04841951980152198,133,0.9110973595161387,0.1098595,False
2019-03-13,2018Q4,0.31011112859904033,0.26175746106268094,0.04835366753635939,132,0.9088626317176057,0.10850950000000001,False
2019-03-14,2018Q4,0.3252946446050466,0.24663532141622269,0.0786593231888239,132,0.9088626317176057,0.109399,False
2019-03-15,2018Q4,0.30282195788954147,0.25448146318594894,0.04834049470359253,133,0.9110973595161387,0.10240650000000001,False
2019-03-18,2018Q4,0.32574199212876603,0.26962030186433916,0.05612169026442687,133,0.9110973595161387,0.1093365,False
2019-03-19,2018Q4,0.34145500019354724,0.2671760406979423,0.07427895949560492,133,0.9110973595161387,0.115235,False
2019-03-20,2018Q4,0.3406217062029409,0.26013962764549003,0.08048207855745088,133,0.9110973595161387,0.117356,False
2019-03-21,2018Q4,0.3343295717307262,0.2588512808686902,0.075478290862036,132,0.9096479252577468,0.11776600000000001,False
2019-03-22,2018Q4,0.4208672531179294,0.30293870269204354,0.11792855042588585,134,0.9141763000153076,0.1449435,False
2019-03-25,2018Q4,0.3719359572715666,0.3059442548857854,0.06599170238578117,133,0.9118826530562799,0.143804,False
2019-03-26,2018Q4,0.3108291136970925,0.3081424835525657,0.0026866301445268026,133,0.9119415722167746,0.127914,False
2019-03-27,2018Q4,0.35626006037798513,0.2910639184352263,0.06519614194275886,133,0.9118826530562799,0.1375685,False
2019-03-28,2018Q4,0.32496628983540565,0.28892999894218363,0.03603629089322202,133,0.9119415722167746,0.128544,False
2019-03-29,2018Q4,0.2669043052769929,0.3251035049304176,-0.05819919965342474,114,0.8511758681186824,0.1152985,False
2019-04-01,2019Q1,0.21711449975133928,0.3379141371136842,-0.12079963736234489,116,0.8554812519463679,0.110165,False
2019-04-02,2019Q1,0.19813046961827746,0.33871355555415916,-0.1405830859358817,116,0.8554812519463679,0.1065805,False
2019-04-03,2019Q1,0.22639567748293843,0.3383349108735061,-0.11193923339056766,116,0.8554812519463679,0.113907,False
2019-04-04,2019Q1,0.20806802443630948,0.335139659172165,-0.1270716347358555,116,0.8554812519463679,0.1104495,False
2019-04-05,2019Q1,0.16989121946663097,0.33138873139573544,-0.16149751192910447,116,0.8554812519463679,0.0997985,False
2019-04-08,2019Q1,0.18867374512039425,0.3169360291371186,-0.12826228401672435,136,0.9199415967408756,0.1032845,False
2019-04-09,2019Q1,0.21679260895546548,0.3241714884883725,-0.10737887953290703,135,0.91748924740659,0.1128555,False
2019-04-10,2019Q1,0.1956378808453717,0.33057602863414925,-0.13493814778877755,136,0.9199415967408756,0.1066695,False
2019-04-11,2019Q1,0.18284096642323863,0.3295630237856485,-0.14672205736240987,136,0.9199415967408756,0.1040855,False
2019-04-12,2019Q1,0.15304756844204917,0.30559362722550176,-0.1525460587834526,136,0.9199415967408756,0.094422,False
2019-04-15,2019Q1,0.16821365982816028,0.303574802281115,-0.13536114245295472,136,0.9199415967408756,0.098277,False
2019-04-16,2019Q1,0.17132583555886619,0.2859499351979257,-0.11462409963905953,135,0.91748924740659,0.096825,False
2019-04-17,2019Q1,0.18205344298003023,0.26149793519057224,-0.079444492210542,135,0.91748924740659,0.1024275,False
2019-04-18,2019Q1,0.17075995024246304,0.2428432121336895,-0.07208326189122646,136,0.9199415967408756,0.0975165,False
2019-04-22,2019Q1,0.1771039608644369,0.2374845346009989,-0.060380573736562,135,0.91748924740659,0.0988995,False
2019-04-23,2019Q1,0.1708128390777889,0.21288799126748295,-0.04207515218969404,136,0.9199415967408756,0.09538050000000001,False
2019-04-24,2019Q1,0.2048901883276926,0.21502902259374862,-0.010138834266056024,136,0.9199415967408756,0.10413800000000001,False
2019-04-25,2019Q1,0.21004358201747164,0.19507760158295936,0.014965980434512277,136,0.9199415967408756,0.103737,False
2019-04-26,2019Q1,0.20973590525835029,0.18620176834788457,0.023534136910465714,136,0.9199415967408756,0.098606,False
2019-04-29,2019Q1,0.21137136277580099,0.1902441335612456,0.0211272292145554,117,0.8576338935127138,0.0990975,False
2019-04-30,2019Q1,0.22220573099973615,0.17483287838391282,0.04737285261582333,117,0.8576338935127138,0.0980755,False
2019-05-01,2019Q1,0.32055611459150174,0.17588393066767247,0.14467218392382927,117,0.8576338935127138,0.1147575,False
2019-05-02,2019Q1,0.31555772240331176,0.18040962592243195,0.1351480964808798,117,0.8576338935127138,0.11571500000000001,False
2019-05-03,2019Q1,0.26131093987075527,0.1862734223466427,0.07503751752411256,117,0.8576338935127138,0.100259,False
2019-05-06,2019Q1,0.33053928317273634,0.11598751494499007,0.21455176822774627,117,0.8576338935127138,0.12159800000000001,False
2019-05-07,2019Q1,0.49014143104897145,0.17355793396464408,0.31658349708432737,117,0.8576338935127138,0.171207,False
2019-05-08,2019Q1,0.5169035727224518,0.17003541153751037,0.34686816118494146,117,0.8576338935127138,0.172214,False
2019-05-09,2019Q1,0.4879678071315802,0.1659770769197659,0.32199073021181435,117,0.8576338935127138,0.1697265,False
2019-05-10,2019Q1,0.3724666322241567,0.16507380161025587,0.20739283061390085,117,0.8576338935127138,0.1365265,False
2019-05-13,2019Q1,0.5037409397917876,0.24006824153762604,0.2636726982541615,136,0.9199415967408756,0.178499,False
2019-05-14,2019Q1,0.4959832394123261,0.23423703998241782,0.2617461994299083,136,0.9199415967408756,0.1613665,False
2019-05-15,2019Q1,0.4475394691495051,0.23875196523870684,0.20878750391079826,136,0.9199415967408756,0.145625,False
2019-05-16,2019Q1,0.4301529501621699,0.2498789526408599,0.18027399752131001,136,0.9199415967408756,0.134013,False
2019-05-17,2019Q1,0.4227887189270732,0.2537907506270479,0.16899796830002528,136,0.9199415967408756,0.1373255,False
2019-05-20,2019Q1,0.4169410644399504,0.2519838034270629,0.1649572610128875,136,0.9199415967408756,0.145872,False
2019-05-21,2019Q1,0.39005707665943906,0.25957344964095436,0.1304836270184847,135,0.91748924740659,0.131984,False
2019-05-22,2019Q1,0.3740886754914147,0.2500548829203203,0.12403379257109443,136,0.9199415967408756,0.130393,False
2019-05-23,2019Q1,0.4020257084845422,0.25828983482394413,0.1437358736605981,136,0.9199415967408756,0.148984,False
2019-05-24,2019Q1,0.4088447433246608,0.25945304525226587,0.14939169807239494,136,0.9199415967408756,0.1401905,False
2019-05-28,2019Q1,0.444927312822702,0.274183995048425,0.17074331777427698,136,0.9199415967408756,0.15500049999999999,False
2019-05-29,2019Q1,0.4499450498196738,0.27549818175904095,0.17444686806063286,135,0.91748924740659,0.16294399999999998,False
2019-05-30,2019Q1,0.44091682028237084,0.2873587111764925,0.15355810910587836,135,0.91748924740659,0.1581575,False
2019-05-31,2019Q1,0.4898986620696674,0.3225107677452348,0.16738789432443263,136,0.9199415967408756,0.17458,False
2019-06-03,2019Q1,0.4642476448281563,0.3110051259257464,0.15324251890240986,117,0.8576338935127138,0.1769405,False
2019-06-04,2019Q1,0.4264277505618994,0.3703583067313489,0.056069443830550514,117,0.8576338935127138,0.15634150000000002,False
2019-06-05,2019Q1,0.3759444376508796,0.36739365249254735,0.008550785158332241,117,0.8576338935127138,0.145767,False
2019-06-06,2019Q1,0.37528783759181944,0.3765097973818695,-0.0012219597900500756,117,0.8576338935127138,0.140992,False
2019-06-07,2019Q1,0.3708918160234581,0.4060973083480468,-0.035205492324588694,117,0.8576338935127138,0.137229,False
2019-06-10,2019Q1,0.38019462513274327,0.3980183851207868,-0.01782375998804353,136,0.9199415967408756,0.13878449999999998,False
2019-06-11,2019Q1,0.39051437623160623,0.3968845482745876,-0.006370172042981348,136,0.9199415967408756,0.1405755,False
2019-06-12,2019Q1,0.3950272367988966,0.4123658460174464,-0.017338609218549794,136,0.9199415967408756,0.1410435,False
2019-06-13,2019Q1,0.4046949916756033,0.4216254991000267,-0.016930507424423424,136,0.9199415967408756,0.140134,False
2019-06-14,2019Q1,0.3729062617012164,0.4239552915044945,-0.051049029803278134,136,0.9199415967408756,0.13259749999999998,False
2019-06-17,2019Q1,0.3574229393177301,0.4167141608225132,-0.05929122150478311,136,0.9199415967408756,0.135247,False
2019-06-18,2019Q1,0.3459002946238268,0.42157513306836325,-0.07567483844453643,136,0.9199415967408756,0.131046,False
2019-06-19,2019Q1,0.3318284071237344,0.39367357479397874,-0.06184516767024434,136,0.9199415967408756,0.1262775,False
2019-06-20,2019Q1,0.3406592965563015,0.3975663548869819,-0.05690705833068038,135,0.91748924740659,0.125975,False
2019-06-21,2019Q1,0.35352419668280427,0.39502656303704853,-0.04150236635424426,136,0.9199415967408756,0.1282085,False
2019-06-24,2019Q1,0.32435289200088757,0.39561199233500194,-0.07125910033411437,136,0.9199415967408756,0.132574,False
2019-06-25,2019Q1,0.33892491631311417,0.3406630230356397,-0.0017381067225255564,136,0.9199415967408756,0.1412705,False
2019-06-26,2019Q1,0.3462742922034177,0.3234956296598869,0.022778662543530837,136,0.9199415967408756,0.1424365,False
2019-06-27,2019Q1,0.32760312774057415,0.3251265988937796,0.0024765288467945568,135,0.9149460157881023,0.137321,False
2019-06-28,2019Q1,0.29375620738438707,0.31685932066224215,-0.02310311327785508,134,0.9109633776182458,0.1294595,False
2019-07-01,2019Q2,0.25551782959821884,0.33851773322567175,-0.08299990362745291,115,0.8530668110733607,0.116137,False
2019-07-02,2019Q2,0.2211605676862,0.3346355936566793,-0.11347502597047929,115,0.8530668110733607,0.10553950000000001,False
2019-07-03,2019Q2,0.21607038531577258,0.33523328346831727,-0.11916289815254469,115,0.8530668110733607,0.10407150000000001,False
2019-07-05,2019Q2,0.2100984669290912,0.34439079836152725,-0.13429233143243605,115,0.8530668110733607,0.1051,False
2019-07-08,2019Q2,0.25305032280249173,0.3154877517567691,-0.06243742895427734,137,0.9235816577934491,0.113855,False
2019-07-09,2019Q2,0.26098863110556497,0.31612304574607464,-0.055134414640509666,137,0.9235816577934491,0.11623449999999999,False
2019-07-10,2019Q2,0.2395654939292268,0.304374163987291,-0.0648086700580642,137,0.9235816577934491,0.109304,False
2019-07-11,2019Q2,0.2243202833561471,0.284267262000171,-0.0599469786440239,137,0.9235816577934491,0.105739,False
2019-07-12,2019Q2,0.19700910197919108,0.2762485722983379,-0.0792394703191468,137,0.9235816577934491,0.0990325,False
2019-07-15,2019Q2,0.22288737222579533,0.23633691993039047,-0.013449547704595138,137,0.9235816577934491,0.1055035,False
2019-07-16,2019Q2,0.20745974969388425,0.26463364629782643,-0.057173896603942176,137,0.9235816577934491,0.1028525,False
2019-07-17,2019Q2,0.24856567385241127,0.20440428276633898,0.04416139108607228,137,0.9235816577934491,0.1139085,False
2019-07-18,2019Q2,0.24000080765113121,0.1939101305705004,0.046090677080630804,136,0.9209305804575175,0.110361,False
2019-07-19,2019Q2,0.26182953263224457,0.20020933403550145,0.061620198596743114,137,0.9235816577934491,0.1131325,False
2019-07-22,2019Q2,0.24405037342853034,0.17898699979967214,0.0650633736288582,137,0.9235816577934491,0.109737,False
2019-07-23,2019Q2,0.20439114385114943,0.18290403866009597,0.021487105191053457,136,0.9209305804575175,0.100704,False
2019-07-24,2019Q2,0.20994127751371738,0.17757787662738161,0.03236340088633577,136,0.9209305804575175,0.09992300000000001,False
2019-07-25,2019Q2,0.2312406537279135,0.1818072300510045,0.049433423676909005,137,0.9235816577934491,0.105534,False
2019-07-26,2019Q2,0.21921390787901104,0.1745403891838025,0.04467351869520855,136,0.9209305804575175,0.0957805,False
2019-07-29,2019Q2,0.2388589916986716,0.17470882619427805,0.06415016550439356,115,0.8530668110733607,0.1026875,False
2019-07-30,2019Q2,0.2883257852504705,0.17671758188028952,0.11160820337018096,115,0.8530668110733607,0.11343249999999999,False
2019-07-31,2019Q2,0.3768911524127864,0.18618065609216763,0.1907104963206188,115,0.8530668110733607,0.131905,False
2019-08-01,2019Q2,0.44160137118642995,0.19213931368414205,0.2494620575022879,115,0.8530668110733607,0.1562985,False
2019-08-02,2019Q2,0.44621849839010375,0.18297374268726546,0.2632447557028383,115,0.8530668110733607,0.1625025,False
2019-08-05,2019Q2,0.5306088633896784,0.30827294147660056,0.22233592191307783,115,0.8530668110733607,0.2090885,False
2019-08-06,2019Q2,0.4327660088498649,0.33054379520393695,0.10222221364592793,115,0.8530668110733607,0.17321799999999998,False
2019-08-07,2019Q2,0.42123504862571204,0.3188037980205618,0.10243125060515024,115,0.8530668110733607,0.1729235,False
2019-08-08,2019Q2,0.3704805818503023,0.36586366178597035,0.004616920064331953,115,0.8530668110733607,0.144345,False
2019-08-09,2019Q2,0.3997109858492125,0.36721195749337276,0.03249902835583973,115,0.8530668110733607,0.153453,False
2019-08-12,2019Q2,0.5024707973084825,0.37701760097435744,0.1254531963341251,137,0.9235816577934491,0.182592,False
2019-08-13,2019Q2,0.42811447573917033,0.3947264010891982,0.03338807464997212,137,0.9235816577934491,0.153988,False
2019-08-14,2019Q2,0.5548880245128098,0.4604492703113029,0.09443875420150694,137,0.9235816577934491,0.2059375,False
2019-08-15,2019Q2,0.5420393440659285,0.44010797597056434,0.10193136809536413,137,0.9235816577934491,0.1969085,False
2019-08-16,2019Q2,0.45467595149075135,0.4568139436458998,-0.002137992155148427,137,0.9235816577934491,0.160321,False
2019-08-19,2019Q2,0.41545010881870537,0.46765499564939444,-0.05220488683068908,137,0.9235816577934491,0.1453465,False
2019-08-20,2019Q2,0.4483610302488901,0.46939429071112904,-0.021033260462238912,136,0.9209305804575175,0.1549085,False
2019-08-21,2019Q2,0.40910008226313144,0.4695600558654208,-0.060459973602289385,137,0.9235816577934491,0.14144299999999999,False
2019-08-22,2019Q2,0.4083906610345548,0.47648728967825665,-0.06809662864370186,137,0.9235816577934491,0.14572400000000002,False
2019-08-23,2019Q2,0.4848903988849677,0.521830852192258,-0.03694045330729029,137,0.9235816577934491,0.18366749999999998,False
2019-08-26,2019Q2,0.45974899670403063,0.5294751747437476,-0.06972617803971698,136,0.9209305804575175,0.172304,False
2019-08-27,2019Q2,0.5070054181840823,0.5262853232649344,-0.01927990508085209,137,0.9235816577934491,0.1816115,False
2019-08-28,2019Q2,0.49634465798440963,0.5319010408004706,-0.035556382816060994,136,0.9209305804575175,0.173254,False
2019-08-29,2019Q2,0.44406411791741074,0.5495993112584585,-0.10553519334104777,137,0.9235816577934491,0.1531335,False
2019-08-30,2019Q2,0.4630460722880122,0.5537815605348183,-0.0907354882468061,136,0.9214007351902231,0.15560400000000002,False
2019-09-03,2019Q2,0.456716267377072,0.5603072820836418,-0.10359101470656978,115,0.8530668110733607,0.169253,False
2019-09-04,2019Q2,0.3934601270741704,0.5687098151910668,-0.1752496881168964,115,0.8530668110733607,0.1482655,False
2019-09-05,2019Q2,0.3359608431843468,0.5823361790340291,-0.2463753358496823,115,0.8530668110733607,0.12864899999999999,False
2019-09-06,2019Q2,0.31334563543208266,0.5867082984644378,-0.2733626630323552,115,0.8530668110733607,0.120291,False
2019-09-09,2019Q2,0.30381891643261544,0.5782935357311509,-0.2744746192985355,137,0.9235816577934491,0.1229835,False
2019-09-10,2019Q2,0.28809689393867943,0.5650429076028851,-0.2769460136642057,137,0.9235816577934491,0.121482,False
2019-09-11,2019Q2,0.3018238104697087,0.5705332346083275,-0.2687094241386188,137,0.9235816577934491,0.11982799999999999,False
2019-09-12,2019Q2,0.29243140229967995,0.5687750194463452,-0.2763436171466653,137,0.9235816577934491,0.115338,False
2019-09-13,2019Q2,0.27667815329644135,0.5735037923977829,-0.2968256391013416,137,0.9235816577934491,0.109287,False
2019-09-16,2019Q2,0.29090548241311887,0.5694335448723822,-0.2785280624592633,137,0.9235816577934491,0.12346299999999999,False
2019-09-17,2019Q2,0.28506279118603084,0.5102901452572834,-0.2252273540712526,137,0.9235816577934491,0.119706,False
2019-09-18,2019Q2,0.29489482267767114,0.5024891144298758,-0.20759429175220462,137,0.9235816577934491,0.11960699999999999,False
2019-09-19,2019Q2,0.305483066517578,0.5119478015911021,-0.20646473507352409,136,0.918433678873101,0.11804200000000001,False
2019-09-20,2019Q2,0.3343954484262701,0.4862599115781544,-0.1518644631518843,137,0.9235816577934491,0.125965,False
2019-09-23,2019Q2,0.28951489044985107,0.4914029556212923,-0.20188806517144126,136,0.918433678873101,0.1260075,False
2019-09-24,2019Q2,0.3448091437656669,0.48188123407285155,-0.13707209030718465,137,0.9235816577934491,0.1465545,False
2019-09-25,2019Q2,0.3270643017540876,0.46334981131214875,-0.13628550955806112,137,0.9235816577934491,0.137439,False
2019-09-26,2019Q2,0.3271967657473125,0.3743876913637448,-0.04719092561643229,137,0.9235816577934491,0.1384275,False
2019-09-27,2019Q2,0.34457402680593896,0.39206915173778406,-0.0474951249318451,137,0.9235816577934491,0.14715899999999998,False
2019-09-30,2019Q2,0.29955698397157166,0.3875132728691081,-0.08795628889753643,115,0.8530668110733607,0.1424895,False
2019-10-01,2019Q3,0.36077438150395097,0.3841520133228832,-0.02337763181893221,112,0.8436989276874728,0.1624815,False
2019-10-02,2019Q3,0.4245150822674737,0.41652116581332266,0.00799391645415104,112,0.8436989276874728,0.1899095,False
2019-10-03,2019Q3,0.3938110120677731,0.4197292271516297,-0.02591821508385661,112,0.8436989276874728,0.17756650000000002,False
2019-10-04,2019Q3,0.3176966662240037,0.44558799157701534,-0.12789132535301162,112,0.8436989276874728,0.1487695,False
2019-10-07,2019Q3,0.3562811945552411,0.3541692390843425,0.0021119554708985966,136,0.9225892472242427,0.1569555,False
2019-10-08,2019Q3,0.4372088633898981,0.371520479091048,0.0656883842988501,136,0.9225892472242427,0.187642,False
2019-10-09,2019Q3,0.3853834436589158,0.3871459514029967,-0.0017625077440808767,136,0.9225892472242427,0.1700045,False
2019-10-10,2019Q3,0.35498393147580226,0.3883692661339209,-0.03338533465811866,136,0.9225892472242427,0.16082000000000002,False
2019-10-11,2019Q3,0.28342337251428407,0.3798383322415865,-0.09641495972730241,136,0.9225892472242427,0.1387585,False
2019-10-14,2019Q3,0.27078156020386906,0.38029591117068745,-0.10951435096681839,136,0.9225892472242427,0.131445,False
2019-10-15,2019Q3,0.23610226306139057,0.38137828790336215,-0.14527602484197158,136,0.9225892472242427,0.1182585,False
2019-10-16,2019Q3,0.245540016146486,0.36946571493480657,-0.12392569878832058,136,0.9225892472242427,0.12055099999999999,False
2019-10-17,2019Q3,0.2572475258642534,0.3551827780620176,-0.09793525219776417,136,0.9225892472242427,0.11827,False
2019-10-18,2019Q3,0.2664214176212684,0.34715667284004076,-0.08073525521877234,136,0.9225892472242427,0.12452200000000001,False
2019-10-21,2019Q3,0.2503201877818576,0.3642143139979174,-0.11389412621605982,136,0.9225892472242427,0.1196985,False
2019-10-22,2019Q3,0.2512529391475648,0.36170905662045433,-0.11045611747288953,136,0.9225892472242427,0.122611,False
2019-10-23,2019Q3,0.2527479240775112,0.3547068092667305,-0.1019588851892193,135,0.9198124863969792,0.1202125,False
2019-10-24,2019Q3,0.25028382456969606,0.3446219825696913,-0.09433815799999523,135,0.9198124863969792,0.11515,False
2019-10-25,2019Q3,0.23723644353558704,0.340376095414939,-0.10313965187935198,136,0.9225892472242427,0.1060355,False
2019-10-28,2019Q3,0.25928166346685877,0.35188117026594473,-0.09259950679908596,112,0.8436989276874728,0.109184,False
2019-10-29,2019Q3,0.28170346737568025,0.3449279769287346,-0.06322450955305436,112,0.8436989276874728,0.1109735,False
2019-10-30,2019Q3,0.24101133995440696,0.3399328297930342,-0.09892148983862722,112,0.8436989276874728,0.10245099999999999,False
2019-10-31,2019Q3,0.29037779590532115,0.34192905000687185,-0.0515512541015507,112,0.8436989276874728,0.107492,False
2019-11-01,2019Q3,0.2602574760101708,0.341948849034186,-0.08169137302401519,112,0.8436989276874728,0.0975165,False
2019-11-04,2019Q3,0.2575297965002007,0.3308954052801673,-0.07336560877996662,112,0.8436989276874728,0.1017315,False
2019-11-05,2019Q3,0.27074557713033903,0.3173195083826724,-0.04657393125233339,112,0.8436989276874728,0.104552,False
2019-11-06,2019Q3,0.29916962637615263,0.31553935930187227,-0.016369732925719638,112,0.8436989276874728,0.1059605,False
2019-11-07,2019Q3,0.2923967686516877,0.3160917720165874,-0.023695003364899714,112,0.8436989276874728,0.1046125,False
2019-11-08,2019Q3,0.2706429429451411,0.31202981092841525,-0.04138686798327418,112,0.8436989276874728,0.0982035,False
2019-11-11,2019Q3,0.30356407110203304,0.30390361682137884,-0.0003395457193458018,135,0.9198124863969792,0.10657349999999999,False
2019-11-12,2019Q3,0.3020127232141489,0.28491621769433945,0.017096505519809457,136,0.9225892472242427,0.10545299999999999,False
2019-11-13,2019Q3,0.313319897371082,0.21786262316365484,0.09545727420742717,135,0.9198124863969792,0.109059,False
2019-11-14,2019Q3,0.32073900384021414,0.20924424726221336,0.11149475657800079,136,0.9225892472242427,0.10821149999999999,False
2019-11-15,2019Q3,0.28672053953417687,0.17982123710737324,0.10689930242680362,136,0.9225892472242427,0.0979595,False
2019-11-18,2019Q3,0.2833044248750275,0.172725430116106,0.1105789947589215,135,0.9200705261689306,0.10267899999999999,False
2019-11-19,2019Q3,0.28820425705567143,0.11214051763894632,0.1760637394167251,135,0.9200705261689306,0.10447799999999999,False
2019-11-20,2019Q3,0.2763918127075346,0.10477853773308901,0.1716132749744456,135,0.9200705261689306,0.1055145,False
2019-11-21,2019Q3,0.30185278192096365,0.10138013353605412,0.20047264838490952,136,0.9225892472242427,0.11023,False
2019-11-22,2019Q3,0.28341050245157007,0.08898506737474994,0.19442543507682014,136,0.9225892472242427,0.102238,False
2019-11-25,2019Q3,0.2662691614550451,0.0913281460078986,0.1749410154471465,135,0.9171826741232066,0.093677,False
2019-11-26,2019Q3,0.26863717269222537,0.08006062625349854,0.18857654643872684,134,0.9172937653416671,0.0928715,False
2019-11-27,2019Q3,0.26031688979718454,0.07842216078449683,0.18189472901268772,131,0.9053638572018137,0.0922355,False
2019-11-29,2019Q3,0.2865939763278482,0.08652516152422422,0.20006881480362398,133,0.9131273132116241,0.09908600000000001,False
2019-12-02,2019Q3,0.3755146450215144,0.11157980511365702,0.2639348399078574,112,0.8436989276874728,0.1201795,False
2019-12-03,2019Q3,0.42367067860850016,0.12155440790890051,0.3021162706995997,112,0.8436989276874728,0.13449,False
2019-12-04,2019Q3,0.41911665663588377,0.13097744369614675,0.288139212939737,112,0.8436989276874728,0.1266085,False
2019-12-05,2019Q3,0.4226534969372082,0.13380461767484428,0.2888488792623639,112,0.8436989276874728,0.1235445,False
2019-12-06,2019Q3,0.356429271766951,0.15672865172099018,0.1997006200459608,112,0.8436989276874728,0.1071115,False
2019-12-09,2019Q3,0.4156529500678013,0.15236390185697532,0.263289048210826,136,0.9225892472242427,0.122519,False
2019-12-10,2019Q3,0.4334632316428488,0.15226129292900437,0.2812019387138444,136,0.9225892472242427,0.125216,False
2019-12-11,2019Q3,0.4329653302898491,0.15656739396415384,0.2763979363256953,136,0.9225892472242427,0.124065,False
2019-12-12,2019Q3,0.3389885741304714,0.1696662832679986,0.1693222908624728,136,0.9225892472242427,0.10905999999999999,False
2019-12-13,2019Q3,0.30525978529057374,0.16389361843578046,0.14136616685479328,136,0.9225892472242427,0.094559,False
2019-12-16,2019Q3,0.26762510246630755,0.16382330814025714,0.10380179432605041,136,0.9225892472242427,0.091951,False
2019-12-17,2019Q3,0.26936986241820743,0.17520465874288435,0.09416520367532308,136,0.9225892472242427,0.0919035,False
2019-12-18,2019Q3,0.3088091783001749,0.18049430012765688,0.12831487817251802,134,0.9172937653416671,0.09809799999999999,False
2019-12-19,2019Q3,0.2843885235579106,0.18493542629957102,0.09945309725833959,134,0.9172937653416671,0.0932205,False
2019-12-20,2019Q3,0.3132114364960475,0.18704752245174072,0.12616391404430677,134,0.9172885365205196,0.094861,False
2019-12-23,2019Q3,0.27379494556433803,0.1880255312476429,0.08576941431669513,134,0.9172885365205196,0.0928845,False
2019-12-24,2019Q3,0.26078336512315126,0.18989557852307531,0.07088778660007594,133,0.9147698154652075,0.0925455,False
2019-12-26,2019Q3,0.25373844789443367,0.1883381376335617,0.06540031026087198,135,0.9200652973477831,0.09457850000000001,False
2019-12-27,2019Q3,0.2941274585386998,0.19949187809791905,0.09463558044078077,135,0.9200652973477831,0.104576,False
2019-12-30,2019Q3,0.2876743115418937,0.23186490835588103,0.055809403186012685,112,0.8436989276874728,0.11869099999999999,False
2019-12-31,2019Q3,0.2587872412201878,0.23242175245125624,0.026365488768931578,112,0.8436989276874728,0.1119735,False
2020-01-02,2019Q4,0.1848763538095797,0.2572916613930197,-0.07241530758343998,115,0.8520081537074884,0.09893350000000001,False
2020-01-03,2019Q4,0.24867877699011326,0.28577152664948297,-0.037092749659369706,115,0.8520081537074884,0.1153655,False
2020-01-06,2019Q4,0.22783440621882475,0.2882386651067688,-0.06040425888794407,115,0.8520081537074884,0.1135225,False
2020-01-07,2019Q4,0.23189238348960095,0.2943150301721846,-0.06242264668258363,115,0.8520081537074884,0.114777,False
2020-01-08,2019Q4,0.22948120155869595,0.2936461111554434,-0.06416490959674748,115,0.8520081537074884,0.1134015,False
2020-01-09,2019Q4,0.18548525066505,0.29679759811551776,-0.11131234745046775,115,0.8520081537074884,0.10208500000000001,False
2020-01-10,2019Q4,0.18110316038444732,0.3077299668740449,-0.1266268064895976,115,0.8520081537074884,0.10209950000000001,False
2020-01-13,2019Q4,0.17983507456246117,0.29503732931890897,-0.1152022547564478,136,0.9219727678135431,0.099666,False
2020-01-14,2019Q4,0.18796214109882484,0.28123385173565396,-0.09327171063682912,136,0.9219727678135431,0.10213050000000001,False
2020-01-15,2019Q4,0.18751413788219554,0.24413659520669836,-0.05662245732450283,136,0.9219727678135431,0.101049,False
2020-01-16,2019Q4,0.19548922218517215,0.23631651002461643,-0.04082728783944428,136,0.9219727678135431,0.09948,False
2020-01-17,2019Q4,0.1956676868072584,0.2344088433775915,-0.038741156570333085,136,0.9219727678135431,0.0979695,False
2020-01-21,2019Q4,0.20014416126429865,0.23473640678541954,-0.03459224552112089,136,0.9219727678135431,0.104236,False
2020-01-22,2019Q4,0.21925620390079098,0.217465873613974,0.0017903302868169935,136,0.9219727678135431,0.1076925,False
2020-01-23,2019Q4,0.2166873481735857,0.20469848022303436,0.011988867950551346,136,0.9219727678135431,0.108919,False
2020-01-24,2019Q4,0.2699470039504849,0.22558782076525302,0.044359183185231854,135,0.9197662481634659,0.125979,False
2020-01-27,2019Q4,0.381095123345565,0.2864149377693091,0.0946801855762559,136,0.9219727678135431,0.15737299999999999,False
2020-01-28,2019Q4,0.34305041558460125,0.29144327678104676,0.0516071388035545,135,0.9197662481634659,0.1408625,False
2020-01-29,2019Q4,0.3876633217107067,0.285410514628504,0.10225280708220275,135,0.9197662481634659,0.143751,False
2020-01-30,2019Q4,0.36968984249723846,0.2680988991489849,0.10159094334825358,136,0.9219727678135431,0.1372285,False
2020-01-31,2019Q4,0.41012036890244336,0.2838092809624416,0.12631108794000173,136,0.9219727678135431,0.160014,False
2020-02-03,2019Q4,0.4098962202023266,0.28644250482139405,0.12345371538093253,115,0.8520081537074884,0.15818,False
2020-02-04,2019Q4,0.34784882389014854,0.30654953527050716,0.04129928861964138,115,0.8520081537074884,0.1373395,False
2020-02-05,2019Q4,0.3023030836443847,0.30169833119577316,0.000604752448611523,115,0.8520081537074884,0.1283575,False
2020-02-06,2019Q4,0.2976883534373259,0.2985788758821601,-0.0008905224448341742,115,0.8520081537074884,0.1233665,False
2020-02-07,2019Q4,0.300127763261438,0.2972397362656466,0.0028880269957913818,115,0.8520081537074884,0.126652,False
2020-02-10,2019Q4,0.2934872925415249,0.2936260214567838,-0.00013872891525890108,136,0.9219727678135431,0.12482200000000002,False
2020-02-11,2019Q4,0.2731633570629636,0.2844913199679143,-0.01132796290495075,135,0.9197662481634659,0.12263550000000001,False
2020-02-12,2019Q4,0.24679787702964678,0.2726196146749743,-0.025821737645327525,136,0.9219727678135431,0.1119405,False
2020-02-13,2019Q4,0.2786508934898565,0.26907599945806376,0.009574894031792736,136,0.9219727678135431,0.11673649999999999,False
2020-02-14,2019Q4,0.2716613099244521,0.26202049806480343,0.009640811859648657,136,0.9219727678135431,0.10932349999999999,False
2020-02-18,2019Q4,0.29973716074690443,0.2536042978389315,0.046132862907972916,135,0.9188136695907448,0.118663,False
2020-02-19,2019Q4,0.2866761127092592,0.25264479773427956,0.03403131497497963,136,0.9219727678135431,0.11252999999999999,False
2020-02-20,2019Q4,0.30424460369487866,0.25490415803293937,0.04934044566193929,135,0.9197662481634659,0.12120349999999999,False
2020-02-21,2019Q4,0.337580282512619,0.26767318554076075,0.06990709697185826,135,0.9188136695907448,0.139303,False
2020-02-24,2019Q4,0.5607205543766655,0.38440856372324106,0.1763119906534244,135,0.9188136695907448,0.2087755,False
2020-02-25,2019Q4,0.6031303568012316,0.4439549792576806,0.159175377543551,136,0.9219727678135431,0.24305349999999998,False
2020-02-26,2019Q4,0.5820000709614392,0.4315059402023329,0.15049413075910634,136,0.9219727678135431,0.23659049999999998,False
2020-02-27,2019Q4,0.7457098176086122,0.5290029711125155,0.21670684649609673,136,0.9219727678135431,0.3369375,False
2020-02-28,2019Q4,0.6292198011656873,0.5098867444917553,0.11933305667393201,136,0.9219727678135431,0.3753795,False
2020-03-02,2019Q4,0.5326415187654393,0.5895794623795448,-0.056937943614105535,115,0.8520081537074884,0.26155,False
2020-03-03,2019Q4,0.6817610018954317,0.607574506987134,0.07418649490829765,115,0.8520081537074884,0.32838849999999997,False
2020-03-04,2019Q4,0.6050480084422158,0.6474614634231343,-0.04241345498091842,115,0.8520081537074884,0.25700599999999996,False
2020-03-05,2019Q4,0.6196846427016713,0.6623791420167657,-0.04269449931509439,115,0.8520081537074884,0.342898,False
2020-03-06,2019Q4,0.5204313643087709,0.6603847705339922,-0.13995340622522134,115,0.8520081537074884,0.3504665,False
2020-03-09,2019Q4,0.7023973214515922,0.7152562058535124,-0.012858884401920179,136,0.9219727678135431,0.4897825,False
2020-03-10,2019Q4,0.6657498197239534,0.7398011384844515,-0.07405131876049809,136,0.9219727678135431,0.4161685,False
2020-03-11,2019Q4,0.697149813955108,0.7467584078964375,-0.04960859394132955,136,0.9219727678135431,0.49331749999999996,False
2020-03-12,2019Q4,0.8285411427595786,0.7962402894773929,0.03230085328218568,136,0.9219727678135431,0.704951,False
2020-03-13,2019Q4,0.5938039993769868,0.8307229974368053,-0.23691899805981853,136,0.9219727678135431,0.499325,False
2020-03-16,2019Q4,0.8114536574043807,0.8602155970349104,-0.04876193963052966,136,0.9219727678135431,0.7602875,False
2020-03-17,2019Q4,0.7694990233831237,0.8499560527195833,-0.0804570293364596,136,0.9219727678135431,0.66866,False
2020-03-18,2019Q4,0.6550835073550038,0.8335554402093952,-0.17847193285439145,136,0.9219727678135431,0.7149000000000001,False
2020-03-19,2019Q4,0.6515070361985998,0.8105241157225208,-0.15901707952392097,136,0.9219727678135431,0.658825,False
2020-03-20,2019Q4,0.6135843719193056,0.8007348728616098,-0.18715050094230423,136,0.9219727678135431,0.5790885,False
2020-03-23,2019Q4,0.6016714146318695,0.7839460025938618,-0.18227458796199236,136,0.9219727678135431,0.5457745,False
2020-03-24,2019Q4,0.7391052740382994,0.7940622104003732,-0.05495693636207377,136,0.9219727678135431,0.5314810000000001,False
2020-03-25,2019Q4,0.7354245738483444,0.7801919933242073,-0.044767419475862935,136,0.9219727678135431,0.5787675,False
2020-03-26,2019Q4,0.7651539343879007,0.7872414832576833,-0.02208754886978259,136,0.9219727678135431,0.5293734999999999,False
2020-03-27,2019Q4,0.7205378933230366,0.7864218756324826,-0.06588398230944592,136,0.9219727678135431,0.550269,False
2020-03-30,2019Q4,0.6778495127930927,0.7893712290055104,-0.11152171621241769,115,0.8520081537074884,0.47854300000000005,False
2020-03-31,2019Q4,0.6451933577145682,0.7869834543791736,-0.1417900966646054,115,0.8520081537074884,0.444809,False
2020-04-01,2020Q1,0.7716804197769415,0.793259331521043,-0.021578911744101537,111,0.8472811069064012,0.512832,False
2020-04-02,2020Q1,0.6878465129486405,0.792718541183056,-0.10487202823441544,111,0.8472811069064012,0.4541625,False
2020-04-03,2020Q1,0.5807424621445055,0.7931584818328292,-0.2124160196883237,111,0.8472811069064012,0.414155,False
2020-04-06,2020Q1,0.6616324065275331,0.7975482684503364,-0.13591586192280336,138,0.9324013404401574,0.3788015,False
2020-04-07,2020Q1,0.6993368765515905,0.7945847318178365,-0.09524785526624602,138,0.9324013404401574,0.4002845,False
2020-04-08,2020Q1,0.654835790185011,0.7956862932011008,-0.1408505030160898,138,0.9324013404401574,0.373645,False
2020-04-09,2020Q1,0.6332836512152609,0.7893270163411384,-0.15604336512587758,138,0.9324013404401574,0.36475250000000004,False
2020-04-13,2020Q1,0.6331654145415406,0.7865894833416318,-0.15342406880009118,138,0.9324013404401574,0.366785,False
2020-04-14,2020Q1,0.5850657349144994,0.7837583347004309,-0.19869259978593146,138,0.9324013404401574,0.3290705,False
2020-04-15,2020Q1,0.6074107137900734,0.7822877704933936,-0.1748770567033202,138,0.9324013404401574,0.35901,False
2020-04-16,2020Q1,0.5599608695398581,0.7765172027587651,-0.216556333218907,138,0.9324013404401574,0.350367,False
2020-04-17,2020Q1,0.5069868748898207,0.7688499176977136,-0.26186304280789285,138,0.9324013404401574,0.317809,False
2020-04-20,2020Q1,0.6095188378127095,0.7693441804094049,-0.15982534259669534,138,0.9324013404401574,0.36953749999999996,False
2020-04-21,2020Q1,0.6239070600528731,0.7618797259817153,-0.13797266592884216,138,0.9324013404401574,0.4015805,False
2020-04-22,2020Q1,0.606837189182481,0.757441464113983,-0.15060427493150208,138,0.9324013404401574,0.3630985,False
2020-04-23,2020Q1,0.596628596017429,0.7525142024437202,-0.15588560642629123,138,0.9324013404401574,0.352005,False
2020-04-24,2020Q1,0.5287698600112726,0.7266904752135815,-0.19792061520230897,138,0.9324013404401574,0.3070175,False
2020-04-27,2020Q1,0.4955305299648636,0.7024303717289762,-0.20689984176411258,111,0.8472811069064012,0.27191350000000003,False
2020-04-28,2020Q1,0.5375106256606039,0.6304780171691452,-0.09296739150854127,111,0.8472811069064012,0.28131300000000004,False
2020-04-29,2020Q1,0.5055018413080437,0.6177586628983412,-0.1122568215902976,111,0.8472811069064012,0.2566535,False
2020-04-30,2020Q1,0.5691967113088862,0.6133677239416786,-0.04417101263279244,111,0.8472811069064012,0.28268550000000003,False
2020-05-01,2020Q1,0.6520835698576757,0.6356803902283206,0.016403179629355114,111,0.8472811069064012,0.3118515,False
2020-05-04,2020Q1,0.6242957508397987,0.6239927531092092,0.00030299773058950485,111,0.8472811069064012,0.300926,False
2020-05-05,2020Q1,0.6166348931597732,0.6382082058813011,-0.02157331272152796,111,0.8472811069064012,0.282334,False
2020-05-06,2020Q1,0.6711765815210623,0.5972739121660905,0.0739026693549718,111,0.8472811069064012,0.295221,False
2020-05-07,2020Q1,0.6184147758567957,0.6192632403800243,-0.0008484645232286203,111,0.8472811069064012,0.2710755,False
2020-05-08,2020Q1,0.519377039857742,0.5817319028922118,-0.0623548630344698,111,0.8472811069064012,0.22986299999999998,False
2020-05-11,2020Q1,0.5027536354323001,0.5651887750426771,-0.062435139610376944,138,0.9324013404401574,0.2296215,False
2020-05-12,2020Q1,0.6488348866550936,0.5668040960069992,0.08203079064809438,138,0.9324013404401574,0.26975150000000003,False
2020-05-13,2020Q1,0.683382526505912,0.5700156746996999,0.11336685180621209,138,0.9324013404401574,0.3054645,False
2020-05-14,2020Q1,0.5850634687677384,0.5369304989547677,0.04813296981297066,138,0.9324013404401574,0.282937,False
2020-05-15,2020Q1,0.5569701860768429,0.5342997097232528,0.022670476353590097,138,0.9324013404401574,0.2630745,False
2020-05-18,2020Q1,0.5380741935379151,0.5279218153741413,0.01015237816377379,138,0.9324013404401574,0.238385,False
2020-05-19,2020Q1,0.5898759709561384,0.44213099956300905,0.14774497139312937,138,0.9324013404401574,0.2543845,False
2020-05-20,2020Q1,0.531385633113735,0.4448856388539627,0.08649999425977228,138,0.9324013404401574,0.234625,False
2020-05-21,2020Q1,0.5710136614165511,0.431960042106399,0.1390536193101521,138,0.9324013404401574,0.2451965,False
2020-05-22,2020Q1,0.5678589824049644,0.4415614430674937,0.12629753933747068,138,0.9324013404401574,0.234536,False
2020-05-26,2020Q1,0.525315426962806,0.4443137846805834,0.08100164228222256,138,0.9324013404401574,0.22852499999999998,False
2020-05-27,2020Q1,0.5120725830149837,0.42405350624597415,0.08801907676900955,138,0.9324013404401574,0.2222175,False
2020-05-28,2020Q1,0.5762092686626022,0.41005536714326635,0.1661539015193359,138,0.9324013404401574,0.236783,False
2020-05-29,2020Q1,0.523678211909875,0.42058541523213105,0.1030927966777439,138,0.9324013404401574,0.22036699999999998,False
2020-06-01,2020Q1,0.5438948130573446,0.4204458335871014,0.12344897947024314,112,0.8505424802869794,0.228595,False
2020-06-02,2020Q1,0.5179716464730645,0.4132278852850229,0.10474376118804157,112,0.8505424802869794,0.21728550000000002,False
2020-06-03,2020Q1,0.48750271380456994,0.35779255853912806,0.12971015526544188,112,0.8505424802869794,0.207637,False
2020-06-04,2020Q1,0.49282714575615677,0.3456466733827616,0.14718047237339515,112,0.8505424802869794,0.2111265,False
2020-06-05,2020Q1,0.4405141581364,0.3651033858251985,0.07541077231120147,112,0.8505424802869794,0.1890845,False
2020-06-08,2020Q1,0.4693625979405187,0.35900312330012063,0.11035947464039808,138,0.9324013404401574,0.2053845,False
2020-06-09,2020Q1,0.5193017993879923,0.354645353202298,0.16465644618569425,138,0.9324013404401574,0.2260565,False
2020-06-10,2020Q1,0.5131113899482623,0.3433532214890476,0.1697581684592147,138,0.9324013404401574,0.2273715,False
2020-06-11,2020Q1,0.7199779751732827,0.48948167836402195,0.2304962968092607,138,0.9324013404401574,0.3398245,False
2020-06-12,2020Q1,0.5785482346541033,0.5009329021509855,0.0776153325031178,138,0.9324013404401574,0.2924755,False
2020-06-15,2020Q1,0.5926496073154656,0.4850301805479,0.10761942676756558,138,0.9324013404401574,0.2868185,False
2020-06-16,2020Q1,0.6081899496610288,0.49239143921013406,0.11579851045089473,138,0.9324013404401574,0.28074299999999996,False
2020-06-17,2020Q1,0.6219866664007816,0.4946313327077801,0.1273553336930015,138,0.9324013404401574,0.2805635,False
2020-06-18,2020Q1,0.5976338516563952,0.4955216325121279,0.10211221914426727,138,0.9324013404401574,0.26954449999999996,False
2020-06-19,2020Q1,0.5967049613882924,0.4972261604450396,0.09947880094325284,138,0.9324013404401574,0.267151,False
2020-06-22,2020Q1,0.5462140311708069,0.488596129527585,0.05761790164322189,138,0.9324013404401574,0.256445,False
2020-06-23,2020Q1,0.5492237857328994,0.4950944859169298,0.054129299815969645,138,0.9324013404401574,0.252284,False
2020-06-24,2020Q1,0.6270912695286432,0.5042883013090241,0.12280296821961911,138,0.9324013404401574,0.291221,False
2020-06-25,2020Q1,0.5507371155893295,0.5001651037689289,0.05057201182040061,137,0.9282863945792373,0.265058,False
2020-06-26,2020Q1,0.5862865229198065,0.5175114219039869,0.06877510101581963,138,0.9324013404401574,0.28973150000000003,False
2020-06-29,2020Q1,0.4910786710918536,0.5265738797145427,-0.03549520862268912,110,0.8455733254788979,0.26387099999999997,False
2020-06-30,2020Q1,0.46808942034433976,0.5217105347530637,-0.05362111440872397,110,0.8455733254788979,0.242569,False
2020-07-01,2020Q2,0.4328242811210447,0.5079138557053231,-0.0750895745842784,112,0.8553417051815072,0.2320105,False
2020-07-02,2020Q2,0.44192983009960224,0.5086155820239031,-0.06668575192430087,112,0.8553417051815072,0.223877,False
2020-07-06,2020Q2,0.3969677210604399,0.5094943847152309,-0.11252666365479097,112,0.8553417051815072,0.2211785,False
2020-07-07,2020Q2,0.42034537410819967,0.5063911053723109,-0.08604573126411125,112,0.8553417051815072,0.2369705,False
2020-07-08,2020Q2,0.38614347354989553,0.5251631181173891,-0.1390196445674936,112,0.8553417051815072,0.22949550000000002,False
2020-07-09,2020Q2,0.38612703282300537,0.5274957199170774,-0.14136868709407208,112,0.8553417051815072,0.243032,False
2020-07-10,2020Q2,0.3205293295790397,0.5268454518651363,-0.20631612228609664,112,0.8553417051815072,0.22346850000000001,False
2020-07-13,2020Q2,0.40265553189769865,0.5213482039152425,-0.11869267201754385,139,0.9367118302545206,0.25822849999999997,False
2020-07-14,2020Q2,0.34110172204883593,0.524217563461399,-0.1831158414125631,139,0.9367118302545206,0.23607699999999998,False
2020-07-15,2020Q2,0.3235757910049278,0.5181299494189044,-0.19455415841397666,139,0.9367118302545206,0.225997,False
2020-07-16,2020Q2,0.3249669464888341,0.5228729054870287,-0.19790595899819458,139,0.9367118302545206,0.2250975,False
2020-07-17,2020Q2,0.31105783725780956,0.5235841321697032,-0.21252629491189368,139,0.9367118302545206,0.20549,False
2020-07-20,2020Q2,0.2970752298880712,0.4973607819002424,-0.2002855520121712,139,0.9367118302545206,0.195331,False
2020-07-21,2020Q2,0.30974170078900365,0.4886715524589108,-0.17892985166990716,139,0.9367118302545206,0.1997885,False
2020-07-22,2020Q2,0.31357329025260317,0.4940001249147342,-0.18042683466213105,139,0.9367118302545206,0.1946225,False
2020-07-23,2020Q2,0.3629192728587373,0.5056621008524341,-0.1427428279936968,139,0.9367118302545206,0.208929,False
2020-07-24,2020Q2,0.3648656851513825,0.34061207633460316,0.02425360881677935,139,0.9367118302545206,0.20671499999999998,False
2020-07-27,2020Q2,0.3417302811140575,0.3404406288886074,0.001289652225450133,139,0.9367118302545206,0.1965335,False
2020-07-28,2020Q2,0.37839415571433976,0.34089917068688275,0.03749498502745702,139,0.9367118302545206,0.205145,False
2020-07-29,2020Q2,0.352603616445506,0.3274671963277342,0.025136420117771785,139,0.9367118302545206,0.19147799999999998,False
2020-07-30,2020Q2,0.39388419066935443,0.3193997112553932,0.07448447941396125,139,0.9367118302545206,0.2032045,False
2020-07-31,2020Q2,0.3739368187141035,0.29494027002523665,0.07899654868886685,139,0.9367118302545206,0.1892025,False
2020-08-03,2020Q2,0.34469384614720183,0.2967413992138161,0.04795244693338574,112,0.8553417051815072,0.194984,False
2020-08-04,2020Q2,0.3328314379109554,0.29598653981893,0.0368448980920254,112,0.8553417051815072,0.185795,False
2020-08-05,2020Q2,0.3339930928832237,0.29169952282195605,0.04229357006126766,112,0.8553417051815072,0.18112499999999998,False
2020-08-06,2020Q2,0.311938177012048,0.24787175052374286,0.06406642648830516,112,0.8553417051815072,0.173981,False
2020-08-07,2020Q2,0.2913701115815008,0.23995465399019555,0.051415457591305225,112,0.8553417051815072,0.172477,False
2020-08-10,2020Q2,0.2853467018576538,0.17193442011834278,0.11341228173931103,139,0.9367118302545206,0.169389,False
2020-08-11,2020Q2,0.36069807245794056,0.17579346432973053,0.18490460812821002,139,0.9367118302545206,0.191389,False
2020-08-12,2020Q2,0.33018287711607647,0.17683279787688766,0.1533500792391888,139,0.9367118302545206,0.17226799999999998,False
2020-08-13,2020Q2,0.3334311123312613,0.18035614378192022,0.1530749685493411,139,0.9367118302545206,0.174522,False
2020-08-14,2020Q2,0.33000697088720427,0.18115117530683933,0.14885579558036494,139,0.9367118302545206,0.17013699999999998,False
2020-08-17,2020Q2,0.32865321293550953,0.16402505718078506,0.16462815575472448,139,0.9367118302545206,0.168541,False
2020-08-18,2020Q2,0.3300686175351684,0.15343341593091744,0.17663520160425097,139,0.9367118302545206,0.1657675,False
2020-08-19,2020Q2,0.3711773878693804,0.15339545545448374,0.21778193241489668,139,0.9367118302545206,0.173773,False
2020-08-20,2020Q2,0.3568492211983733,0.15518344694145014,0.20166577425692317,139,0.9367118302545206,0.168685,False
2020-08-21,2020Q2,0.3054097550324995,0.15322432110103773,0.15218543393146178,139,0.9367118302545206,0.16120299999999999,False
2020-08-24,2020Q2,0.27861914788302106,0.14318146414544347,0.13543768373757759,138,0.9345889883091271,0.1626785,False
2020-08-25,2020Q2,0.27908508185099323,0.1344284355607215,0.14465664629027172,139,0.9367118302545206,0.1608925,False
2020-08-26,2020Q2,0.27878048529473276,0.13654058954153092,0.14223989575320184,139,0.9367118302545206,0.17268450000000002,False
2020-08-27,2020Q2,0.2653850754160047,0.12805794075866692,0.13732713465733778,139,0.9367118302545206,0.17833949999999998,False
2020-08-28,2020Q2,0.23470251287896654,0.13162294522071427,0.10307956765825227,139,0.9367118302545206,0.1666015,False
2020-08-31,2020Q2,0.28039466354257164,0.13481263585458148,0.14558202768799017,112,0.8553417051815072,0.191901,False
2020-09-01,2020Q2,0.25507747122420543,0.13781132584947234,0.1172661453747331,112,0.8553417051815072,0.187415,False
2020-09-02,2020Q2,0.2693083520402638,0.14641659564331502,0.1228917563969488,112,0.8553417051815072,0.2008055,False
2020-09-03,2020Q2,0.3561154032828489,0.2504487239722779,0.105666679310571,112,0.8553417051815072,0.253691,False
2020-09-04,2020Q2,0.29700799965436037,0.258846165381116,0.03816183427324438,112,0.8553417051815072,0.2308925,False
2020-09-08,2020Q2,0.38323259606191773,0.322896837567348,0.060335758494569736,139,0.9367118302545206,0.25104150000000003,False
2020-09-09,2020Q2,0.4165897675323279,0.3475096801395887,0.06908008739273919,139,0.9367118302545206,0.2369145,False
2020-09-10,2020Q2,0.4622361689725535,0.3695714783179744,0.09266469065457911,139,0.9367118302545206,0.248938,False
2020-09-11,2020Q2,0.4211380628366912,0.3774003108203795,0.04373775201631169,139,0.9367118302545206,0.22416550000000002,False
2020-09-14,2020Q2,0.39428975906614055,0.40476936172255984,-0.010479602656419285,139,0.9367118302545206,0.2131305,False
2020-09-15,2020Q2,0.39490994806214064,0.4088565376748745,-0.013946589612733873,139,0.9367118302545206,0.2094655,False
2020-09-16,2020Q2,0.3980116342370356,0.4076250983282994,-0.00961346409126379,139,0.9367118302545206,0.214432,False
2020-09-17,2020Q2,0.4011691375444192,0.4164654722205686,-0.015296334676149437,139,0.9367118302545206,0.219719,False
2020-09-18,2020Q2,0.4009686149366321,0.423355513931315,-0.02238689899468288,139,0.9367118302545206,0.2146735,False
2020-09-21,2020Q2,0.38077969667491207,0.4180599319563147,-0.03728023528140262,139,0.9367118302545206,0.22617700000000002,False
2020-09-22,2020Q2,0.40044331369795344,0.42268004258732433,-0.022236728889370894,139,0.9367118302545206,0.2264465,False
2020-09-23,2020Q2,0.4422302568574198,0.45160886623481317,-0.009378609377393377,139,0.9367118302545206,0.25130399999999997,False
2020-09-24,2020Q2,0.437650325039486,0.4377309120931418,-8.058705365582286e-05,139,0.9367118302545206,0.24663649999999998,False
2020-09-25,2020Q2,0.3967190355127049,0.45725383693803506,-0.06053480142533019,139,0.9367118302545206,0.2212635,False
2020-09-28,2020Q2,0.36685409848978306,0.4653993239169641,-0.09854522542718103,112,0.8553417051815072,0.223358,False
2020-09-29,2020Q2,0.3797074440471826,0.4700350774308739,-0.09032763338369132,112,0.8553417051815072,0.22819699999999998,False
2020-09-30,2020Q2,0.39513069432152703,0.47631003118322796,-0.08117933686170092,112,0.8553417051815072,0.22566150000000001,False
2020-10-01,2020Q3,0.38008002036289146,0.4816352611876503,-0.10155524082475886,114,0.8564697337636896,0.228509,False
2020-10-02,2020Q3,0.3662432308037919,0.48861124124488,-0.12236801044108808,114,0.8564697337636896,0.23070000000000002,False
2020-10-05,2020Q3,0.37467346170982496,0.5084849710165057,-0.13381150930668073,114,0.8564697337636896,0.2471565,False
2020-10-06,2020Q3,0.39169338431063244,0.5183698279015361,-0.12667644359090363,114,0.8564697337636896,0.2568735,False
2020-10-07,2020Q3,0.3947246108584998,0.5315428056819866,-0.13681819482348684,114,0.8564697337636896,0.2498325,False
2020-10-08,2020Q3,0.3441736109705959,0.5469550032760233,-0.2027813923054274,114,0.8564697337636896,0.230549,False
2020-10-09,2020Q3,0.301079707616659,0.5583177347203309,-0.2572380271036719,114,0.8564697337636896,0.21010099999999998,False
2020-10-12,2020Q3,0.3267700357196651,0.5573087010361606,-0.23053866531649547,140,0.9375737418868827,0.212383,False
2020-10-13,2020Q3,0.3537811561441802,0.559599850918063,-0.20581869477388276,140,0.9375737418868827,0.2223245,False
2020-10-14,2020Q3,0.36760298016547677,0.5687212403335252,-0.20111826016804846,140,0.9375737418868827,0.227487,False
2020-10-15,2020Q3,0.3799593792099559,0.5667108270676778,-0.1867514478577219,140,0.9375737418868827,0.23370249999999998,False
2020-10-16,2020Q3,0.384674882048733,0.5140237252901365,-0.1293488432414035,140,0.9375737418868827,0.2307615,False
2020-10-19,2020Q3,0.4083974588360604,0.5321662594278843,-0.12376880059182394,140,0.9375737418868827,0.247547,False
2020-10-20,2020Q3,0.4517567203551039,0.4974961666091016,-0.04573944625399773,140,0.9375737418868827,0.2564425,False
2020-10-21,2020Q3,0.44787372860753805,0.4709452208313242,-0.023071492223786128,140,0.9375737418868827,0.2530915,False
2020-10-22,2020Q3,0.4396749246862326,0.43439971331684823,0.005275211369384358,140,0.9375737418868827,0.247139,False
2020-10-23,2020Q3,0.40322634981486016,0.43243433005631315,-0.02920798024145299,140,0.9375737418868827,0.23389,False
2020-10-26,2020Q3,0.5663556199390387,0.44026419629793434,0.12609142364110437,140,0.9375737418868827,0.2881435,False
2020-10-27,2020Q3,0.5910750327273043,0.4330759235510578,0.15799910917624654,140,0.9375737418868827,0.289367,False
2020-10-28,2020Q3,0.7007584644354609,0.5019183924258352,0.1988400720096256,140,0.9375737418868827,0.351439,False
2020-10-29,2020Q3,0.6501099988198513,0.5003485160152262,0.1497614828046251,140,0.9375737418868827,0.3193085,False
2020-10-30,2020Q3,0.6464186860429929,0.4806620361100022,0.16575664993299072,140,0.9375737418868827,0.322428,False
2020-11-02,2020Q3,0.6371001864173714,0.5020555711430159,0.13504461527435552,114,0.8564697337636896,0.310865,False
2020-11-03,2020Q3,0.5937246863134357,0.5146011269200146,0.07912355939342108,114,0.8564697337636896,0.288464,False
2020-11-04,2020Q3,0.5573364491059614,0.48291485777897447,0.07442159132698689,114,0.8564697337636896,0.249305,False
2020-11-05,2020Q3,0.5156476046237478,0.48904696318729984,0.02660064143644797,114,0.8564697337636896,0.230961,False
2020-11-06,2020Q3,0.4497279180929718,0.4821568135981869,-0.032428895505215105,113,0.8545732221542748,0.205395,False
2020-11-09,2020Q3,0.4663521868004208,0.368995149846907,0.09735703695351378,140,0.9375737418868827,0.208893,False
2020-11-10,2020Q3,0.4067000553588295,0.3548256395992129,0.0518744157596166,140,0.9375737418868827,0.2014715,False
2020-11-11,2020Q3,0.4119278897393227,0.34963744080450854,0.06229044893481417,140,0.9375737418868827,0.19213950000000002,False
2020-11-12,2020Q3,0.44067102096991007,0.35437568900470534,0.08629533196520472,140,0.9375737418868827,0.20753850000000001,False
2020-11-13,2020Q3,0.3801359973657367,0.3512599731940479,0.02887602417168883,140,0.9375737418868827,0.18297000000000002,False
2020-11-16,2020Q3,0.3877402111349845,0.3389265220921607,0.04881368904282385,140,0.9375737418868827,0.181255,False
2020-11-17,2020Q3,0.401569761726506,0.32833407165635137,0.07323569007015462,139,0.9287136944373663,0.183954,False
2020-11-18,2020Q3,0.4321079479125522,0.32087860280939673,0.11122934510315546,140,0.9375737418868827,0.1907055,False
2020-11-19,2020Q3,0.42460321653650307,0.32098639029111553,0.10361682624538754,140,0.9375737418868827,0.185333,False
2020-11-20,2020Q3,0.4422220649493256,0.32055659496741307,0.12166546998191252,140,0.9375737418868827,0.1887365,False
2020-11-23,2020Q3,0.4022107917421024,0.3089436667284844,0.093267125013618,140,0.9375737418868827,0.1796665,False
2020-11-24,2020Q3,0.37644300709507256,0.31671738407617284,0.05972562301889972,140,0.9375737418868827,0.1718865,False
2020-11-25,2020Q3,0.3594219494290374,0.31126385932365425,0.04815809010538313,140,0.9375737418868827,0.1677815,False
2020-11-27,2020Q3,0.34184458694990527,0.31279300313461733,0.02905158381528794,140,0.9375737418868827,0.1645035,False
2020-11-30,2020Q3,0.32705216524951364,0.3212918098205285,0.00576035542898512,114,0.8564697337636896,0.1682635,False
2020-12-01,2020Q3,0.3346426782657935,0.305961661252488,0.0286810170133055,114,0.8564697337636896,0.17032550000000002,False
2020-12-02,2020Q3,0.3201122591994785,0.3043254395886436,0.01578681961083489,114,0.8564697337636896,0.16797,False
2020-12-03,2020Q3,0.342594730256368,0.3055416901295581,0.03705304012680988,114,0.8564697337636896,0.1684965,False
2020-12-04,2020Q3,0.3056824273152942,0.30987683788592985,-0.004194410570635632,114,0.8564697337636896,0.157381,False
2020-12-07,2020Q3,0.32586669327803713,0.3006938871535411,0.025172806124496017,140,0.9375737418868827,0.1723445,False
2020-12-08,2020Q3,0.30250625810135634,0.28430872976726546,0.018197528334090884,140,0.9375737418868827,0.1655805,False
2020-12-09,2020Q3,0.35505560340459597,0.2943209969751087,0.06073460642948725,140,0.9375737418868827,0.1817165,False
2020-12-10,2020Q3,0.36228759099688684,0.20713660744733162,0.15515098354955523,140,0.9375737418868827,0.1825855,False
2020-12-11,2020Q3,0.370299228217382,0.2041774562169835,0.1661217720003985,140,0.9375737418868827,0.18486950000000002,False
2020-12-14,2020Q3,0.4118654946276412,0.19772494754402148,0.21414054708361974,140,0.9375737418868827,0.193791,False
2020-12-15,2020Q3,0.3611220692198279,0.19834674275971925,0.16277532646010867,140,0.9375737418868827,0.1792385,False
2020-12-16,2020Q3,0.3565673171089103,0.18451220628576046,0.17205511082314986,140,0.9375737418868827,0.176614,False
2020-12-17,2020Q3,0.34212063782363683,0.15203492875627414,0.1900857090673627,140,0.9375737418868827,0.17013899999999998,False
2020-12-18,2020Q3,0.33731045655350506,0.12785347090715382,0.20945698564635123,140,0.9375737418868827,0.1723985,False
2020-12-21,2020Q3,0.41026204029073526,0.12720428653322347,0.2830577537575118,140,0.9375737418868827,0.1944435,False
2020-12-22,2020Q3,0.3895059369918687,0.17701436225707967,0.21249157473478902,140,0.9375737418868827,0.18607400000000002,False
2020-12-23,2020Q3,0.37400034286673356,0.19180354959013526,0.1821967932765983,140,0.9375737418868827,0.178314,False
2020-12-24,2020Q3,0.3400830023723857,0.19085794166722653,0.14922506070515917,140,0.9375737418868827,0.1671225,False
2020-12-28,2020Q3,0.2692198230227264,0.18391288312640913,0.08530693989631727,114,0.8564697337636896,0.16717,False
2020-12-29,2020Q3,0.3077028591158784,0.17241509466904628,0.13528776444683213,114,0.8564697337636896,0.177319,False
2020-12-30,2020Q3,0.3117132467596711,0.16712309215493992,0.14459015460473118,114,0.8564697337636896,0.176278,False
2020-12-31,2020Q3,0.31050423224388835,0.1658446877739328,0.14465954446995555,114,0.8564697337636896,0.17609350000000001,False
2021-01-04,2020Q4,0.31527829339018926,0.16913716352833158,0.14614112986185768,117,0.8681144583922654,0.206231,False
2021-01-05,2020Q4,0.29826597900184026,0.17040722032856526,0.127858758673275,117,0.8681144583922654,0.1937165,False
2021-01-06,2020Q4,0.32102075649612016,0.13981537140953265,0.1812053850865875,117,0.8681144583922654,0.20090449999999999,False
2021-01-07,2020Q4,0.2398187834194979,0.1683800779339063,0.07143870548559159,117,0.8681144583922654,0.17166700000000001,False
2021-01-08,2020Q4,0.21328817075732004,0.14611484790970306,0.06717332284761698,117,0.8681144583922654,0.165022,False
2021-01-11,2020Q4,0.2754702009331256,0.15485145159657893,0.12061874933654665,140,0.9390820013613776,0.19037700000000002,False
2021-01-12,2020Q4,0.2453967330108543,0.1524348380291041,0.0929618949817502,140,0.9390820013613776,0.17967499999999997,False
2021-01-13,2020Q4,0.2460480820924324,0.1524378683001129,0.09361021379231949,140,0.9390820013613776,0.17565150000000002,False
2021-01-14,2020Q4,0.2565822509572479,0.14371254152759225,0.11286970942965566,140,0.9390820013613776,0.1827335,False
2021-01-15,2020Q4,0.2957354410023398,0.15415236702161844,0.14158307398072134,140,0.9390820013613776,0.190028,False
2021-01-19,2020Q4,0.2726439769205179,0.15658026619458074,0.11606371072593716,140,0.9390820013613776,0.174813,False
2021-01-20,2020Q4,0.24719361567820067,0.1706859284569926,0.07650768722120807,140,0.9390820013613776,0.1683365,False
2021-01-21,2020Q4,0.22520318884781204,0.1675913615075901,0.05761182734022194,140,0.9390820013613776,0.1639605,False
2021-01-22,2020Q4,0.21250861535755816,0.1666218988862814,0.04588671647127676,140,0.9390820013613776,0.160501,False
2021-01-25,2020Q4,0.221561390304231,0.15386482237864524,0.06769656792558576,140,0.9390820013613776,0.1757785,False
2021-01-26,2020Q4,0.2262242577039515,0.15218836022819834,0.07403589747575315,140,0.9390820013613776,0.1787355,False
2021-01-27,2020Q4,0.3842363108529086,0.22974213614748823,0.15449417470542037,140,0.9390820013613776,0.2564225,False
2021-01-28,2020Q4,0.3919109734388084,0.22604552593972854,0.16586544749907983,140,0.9390820013613776,0.2313695,False
2021-01-29,2020Q4,0.4383042846498363,0.253188557614255,0.18511572703558127,140,0.9390820013613776,0.2557675,False
2021-02-01,2020Q4,0.3757252064167593,0.26974198696640095,0.10598321945035838,117,0.8681144583922654,0.2245835,False
2021-02-02,2020Q4,0.3381070009862593,0.2786714432580073,0.059435557728251986,117,0.8681144583922654,0.195745,False
2021-02-03,2020Q4,0.32090945968048357,0.2720217865221346,0.048887673158348965,117,0.8681144583922654,0.185055,False
2021-02-04,2020Q4,0.28150874674639104,0.2765855233918272,0.004923223354563855,117,0.8681144583922654,0.16655799999999998,False
2021-02-05,2020Q4,0.2869247804134527,0.2785601396578731,0.008364640755579633,117,0.8681144583922654,0.16125299999999998,False
2021-02-08,2020Q4,0.2809604082594458,0.2775797935471636,0.0033806147122821817,140,0.9390820013613776,0.16261199999999998,False
2021-02-09,2020Q4,0.2850969052519629,0.2776169750740831,0.00747993017787979,140,0.9390820013613776,0.164178,False
2021-02-10,2020Q4,0.30884649855605306,0.2770239840765314,0.03182251447952167,140,0.9390820013613776,0.1714755,False
2021-02-11,2020Q4,0.2965930617491544,0.27530438632119447,0.021288675427959924,140,0.9390820013613776,0.1660685,False
2021-02-12,2020Q4,0.25342363918146976,0.27625513594425904,-0.022831496762789283,140,0.9390820013613776,0.1493275,False
2021-02-16,2020Q4,0.2754621577580744,0.2731958988407023,0.0022662589173721437,140,0.9390820013613776,0.16193049999999998,False
2021-02-17,2020Q4,0.27212314447467517,0.2573800127688342,0.014743131705840962,140,0.9390820013613776,0.160804,False
2021-02-18,2020Q4,0.31858136912840906,0.2557583124088253,0.06282305671958377,140,0.9390820013613776,0.17066,False
2021-02-19,2020Q4,0.3120128673475884,0.2763842559188668,0.03562861142872159,140,0.9390820013613776,0.16446,False
2021-02-22,2020Q4,0.33820820824861053,0.26005860705988026,0.07814960118873027,140,0.9390820013613776,0.183672,False
2021-02-23,2020Q4,0.3103767333820637,0.25766139363787505,0.05271533974418863,140,0.9390820013613776,0.17725649999999998,False
2021-02-24,2020Q4,0.26234890325658033,0.26141874895281514,0.000930154303765196,140,0.9390820013613776,0.1656785,False
2021-02-25,2020Q4,0.4280607993889559,0.30384703539230684,0.12421376399664907,140,0.9390820013613776,0.2316685,False
2021-02-26,2020Q4,0.4110936699624136,0.2992728225553371,0.11182084740707648,140,0.9390820013613776,0.21549200000000002,False
2021-03-01,2020Q4,0.3032193396134705,0.3398297581194529,-0.0366104185059824,117,0.8681144583922654,0.171885,False
2021-03-02,2020Q4,0.355333246920417,0.3436016616390427,0.011731585281374302,117,0.8681144583922654,0.186475,False
2021-03-03,2020Q4,0.3839721244082371,0.3532045901322532,0.030767534275983888,117,0.8681144583922654,0.20921099999999998,False
2021-03-04,2020Q4,0.4343693663863754,0.3566378523766606,0.07773151400971479,117,0.8681144583922654,0.2313285,False
2021-03-05,2020Q4,0.2927801254406434,0.37812830718605855,-0.08534818174541514,117,0.8681144583922654,0.183618,False
2021-03-08,2020Q4,0.3787024543870103,0.36810675523412,0.01059569915289027,140,0.9390820013613776,0.2107615,False
2021-03-09,2020Q4,0.363603973181847,0.37094887685226163,-0.0073449036704146264,140,0.9390820013613776,0.193305,False
2021-03-10,2020Q4,0.3046346697899722,0.37373918976054243,-0.06910451997057021,140,0.9390820013613776,0.178132,False
2021-03-11,2020Q4,0.2926939954316301,0.34324003334893033,-0.050546037917300224,140,0.9390820013613776,0.167777,False
2021-03-12,2020Q4,0.2614416133871945,0.3483094490047509,-0.0868678356175564,140,0.9390820013613776,0.15879700000000002,False
2021-03-15,2020Q4,0.23882800475497132,0.32200255934024336,-0.08317455458527204,140,0.9390820013613776,0.151937,False
2021-03-16,2020Q4,0.2772075178498957,0.30874141660430077,-0.03153389875440504,140,0.9390820013613776,0.1546455,False
2021-03-17,2020Q4,0.25910515799525674,0.29672536013588174,-0.037620202140625,140,0.9390820013613776,0.15057399999999999,False
2021-03-18,2020Q4,0.2841532265018008,0.3207513060101942,-0.03659807950839339,140,0.9390820013613776,0.168102,False
2021-03-19,2020Q4,0.29792219990542396,0.31457151251623156,-0.0166493126108076,140,0.9390820013613776,0.159551,False
2021-03-22,2020Q4,0.2495958312272766,0.31813439061843257,-0.06853855939115597,140,0.9390820013613776,0.14012750000000002,False
2021-03-23,2020Q4,0.31938891412103615,0.3141731727375848,0.005215741383451322,140,0.9390820013613776,0.15868349999999998,False
2021-03-24,2020Q4,0.339950972112403,0.31475658791096217,0.025194384201440823,140,0.9390820013613776,0.16674850000000002,False
2021-03-25,2020Q4,0.28763055415503413,0.31378768239767957,-0.026157128242645433,140,0.9390820013613776,0.15531499999999998,False
2021-03-26,2020Q4,0.25777967405003305,0.3264532327969734,-0.06867355874694037,140,0.9390820013613776,0.14418750000000002,False
2021-03-29,2020Q4,0.24278008423096226,0.3285616576539154,-0.08578157342295312,116,0.865089232795688,0.1599895,False
2021-03-30,2020Q4,0.224615883666572,0.3299637079711752,-0.10534782430460318,116,0.865089232795688,0.15036,False
2021-03-31,2020Q4,0.23212193509659465,0.3314990157710386,-0.09937708067444392,116,0.865089232795688,0.147458,False
2021-04-01,2021Q1,0.20767463929649463,0.3264063089626937,-0.11873166966619905,117,0.8671965773642344,0.13357400000000003,False
2021-04-05,2021Q1,0.22042167979488209,0.34234014735861035,-0.12191846756372826,117,0.8671965773642344,0.14129950000000002,False
2021-04-06,2021Q1,0.23303967790968982,0.3467946415100155,-0.11375496360032566,117,0.8671965773642344,0.1419395,False
2021-04-07,2021Q1,0.20170544317621653,0.3486708879983049,-0.1469654448220884,117,0.8671965773642344,0.13247350000000002,False
2021-04-08,2021Q1,0.2032953589179623,0.35031824031456454,-0.14702288139660225,117,0.8671965773642344,0.131824,False
2021-04-09,2021Q1,0.1999703599785874,0.30702492516745267,-0.10705456518886527,117,0.8671965773642344,0.128867,False
2021-04-12,2021Q1,0.21538333478392807,0.31322887384329706,-0.09784553905936899,140,0.9378580936742597,0.1327065,False
2021-04-13,2021Q1,0.21215537894156875,0.27608021003946165,-0.0639248310978929,140,0.9378580936742597,0.1316215,False
2021-04-14,2021Q1,0.22283020424966127,0.26943259536740377,-0.0466023911177425,140,0.9378580936742597,0.1360415,False
2021-04-15,2021Q1,0.2099099624039498,0.25406891520482106,-0.04415895280087126,140,0.9378580936742597,0.12912099999999999,False
2021-04-16,2021Q1,0.20752190876104457,0.23303595299388719,-0.02551404423284262,140,0.9378580936742597,0.1252295,False
2021-04-19,2021Q1,0.23586525949004028,0.2261811769024219,0.009684082587618381,140,0.9378580936742597,0.1386425,False
2021-04-20,2021Q1,0.2697539976930164,0.23738789059319584,0.032366107099820546,140,0.9378580936742597,0.15184999999999998,False
2021-04-21,2021Q1,0.2485153539790816,0.2262743288744858,0.022241025104595802,140,0.9378580936742597,0.1405295,False
2021-04-22,2021Q1,0.28846020573707015,0.24855781153074819,0.03990239420632197,140,0.9378580936742597,0.153861,False
2021-04-23,2021Q1,0.2549730150984324,0.2538261882184722,0.0011468268799602055,140,0.9378580936742597,0.1366675,False
2021-04-26,2021Q1,0.25724202994488254,0.25576848293252313,0.0014735470123594108,140,0.9378580936742597,0.1411625,False
2021-04-27,2021Q1,0.25811589549575165,0.2600754548469607,-0.0019595593512090614,140,0.9378580936742597,0.1387815,False
2021-04-28,2021Q1,0.2823419481139879,0.2559604992618472,0.026381448852140665,140,0.9378580936742597,0.1390565,False
2021-04-29,2021Q1,0.30232398019824924,0.252869700433023,0.04945427976522626,140,0.9378580936742597,0.13881949999999998,False
2021-04-30,2021Q1,0.35364949632760945,0.22784922626629844,0.125800270061311,140,0.9378580936742597,0.146338,False
2021-05-03,2021Q1,0.3129215402139007,0.2278662531155853,0.08505528709831536,117,0.8671965773642344,0.1386405,False
2021-05-04,2021Q1,0.3325028700281247,0.23283772222048585,0.09966514780763883,117,0.8671965773642344,0.15111200000000002,False
2021-05-05,2021Q1,0.3542568665307024,0.22846620386771102,0.12579066266299135,117,0.8671965773642344,0.151352,False
2021-05-06,2021Q1,0.31279304177597417,0.22922091298326655,0.08357212879270762,117,0.8671965773642344,0.141324,False
2021-05-07,2021Q1,0.28693649227274953,0.2349749380269421,0.05196155424580742,117,0.8671965773642344,0.1279075,False
2021-05-10,2021Q1,0.3164406604901481,0.2349757353461519,0.08146492514399617,140,0.9378580936742597,0.1445745,False
2021-05-11,2021Q1,0.4018314990506029,0.24331871855521278,0.1585127804953901,140,0.9378580936742597,0.1693735,False
2021-05-12,2021Q1,0.524936449600502,0.30251296638590064,0.22242348321460137,140,0.9378580936742597,0.21972950000000002,False
2021-05-13,2021Q1,0.4394432069723325,0.31628082383511374,0.12316238313721878,140,0.9378580936742597,0.186474,False
2021-05-14,2021Q1,0.33363818317048966,0.3278596471675622,0.005778536002927437,140,0.9378580936742597,0.145136,False
2021-05-17,2021Q1,0.34916292222351486,0.30712445082440654,0.042038471399108324,140,0.9378580936742597,0.15667350000000002,False
2021-05-18,2021Q1,0.42295734338696794,0.3122838906011256,0.11067345278584234,140,0.9378580936742597,0.1691225,False
2021-05-19,2021Q1,0.4028726971392488,0.3110107266664785,0.09186197047277028,140,0.9378580936742597,0.1711495,False
2021-05-20,2021Q1,0.39346551532477053,0.3231619563519319,0.07030355897283863,140,0.9378580936742597,0.1565895,False
2021-05-21,2021Q1,0.3814919553742742,0.31800873214971437,0.06348322322455985,140,0.9378580936742597,0.1519835,False
2021-05-24,2021Q1,0.32678018204261594,0.33083567622061266,-0.004055494177996721,139,0.9351187038284287,0.135996,False
2021-05-25,2021Q1,0.3490380545480355,0.3384391602959202,0.010598894252115298,140,0.9378580936742597,0.14040249999999999,False
2021-05-26,2021Q1,0.32266501256675534,0.3390886987376302,-0.016423686170874863,139,0.9355987467010286,0.131525,False
2021-05-27,2021Q1,0.3014100582410247,0.3242587174180857,-0.022848659177061026,140,0.9378580936742597,0.1262625,False
2021-05-28,2021Q1,0.2873130942775771,0.3234937385604907,-0.036180644282913565,139,0.935539608924117,0.119592,False
2021-06-01,2021Q1,0.2938094357256389,0.32620486297903456,-0.03239542725339567,117,0.8671965773642344,0.131064,False
2021-06-02,2021Q1,0.2925141986367959,0.3286326335050794,-0.03611843486828348,117,0.8671965773642344,0.1288145,False
2021-06-03,2021Q1,0.3007951538521041,0.3319668903452694,-0.031171736493165292,116,0.8600001744786024,0.13447150000000002,False
2021-06-04,2021Q1,0.26508201339181897,0.32434223237207566,-0.059260218980256685,117,0.8671965773642344,0.1197695,False
2021-06-07,2021Q1,0.26578881750418865,0.3033606280271507,-0.037571810522962046,140,0.9378580936742597,0.1186045,False
2021-06-08,2021Q1,0.28285760689061556,0.3047532221996509,-0.021895615309035332,140,0.9378580936742597,0.1214905,False
2021-06-09,2021Q1,0.3275635343384192,0.30480150432512104,0.022762030013298185,140,0.9378580936742597,0.1308945,False
2021-06-10,2021Q1,0.26783532844226077,0.3138599066505715,-0.04602457820831074,140,0.9378580936742597,0.113326,False
2021-06-11,2021Q1,0.260746504561638,0.3207263372192154,-0.05997983265757739,140,0.9378580936742597,0.106266,False
2021-06-14,2021Q1,0.2711067623337387,0.3202424169082965,-0.04913565457455782,139,0.9351187038284287,0.1148165,False
2021-06-15,2021Q1,0.29988881431298514,0.3307368566881516,-0.030848042375166473,140,0.9378580936742597,0.1208475,False
2021-06-16,2021Q1,0.34710934231758117,0.33594952653398774,0.01115981578359343,140,0.9378580936742597,0.13106299999999999,False
2021-06-17,2021Q1,0.32414897569148554,0.3248240336180004,-0.0006750579265148438,139,0.9351187038284287,0.1250045,False
2021-06-18,2021Q1,0.4219556564935652,0.3300129103969638,0.09194274609660141,140,0.9378580936742597,0.1519265,False
2021-06-21,2021Q1,0.3230991341621035,0.3382603446172083,-0.015161210455104768,140,0.9378580936742597,0.1314765,False
2021-06-22,2021Q1,0.22720142653121841,0.34205785545966505,-0.11485642892844664,140,0.9378580936742597,0.111258,False
2021-06-23,2021Q1,0.25782428190337076,0.3337989816847871,-0.07597469978141635,140,0.9378580936742597,0.11751249999999999,False
2021-06-24,2021Q1,0.24042454644521605,0.26289981157156034,-0.02247526512634429,140,0.9378580936742597,0.112645,False
2021-06-25,2021Q1,0.2219339025566259,0.24224797795514985,-0.02031407539852395,140,0.9378580936742597,0.10598650000000001,False
2021-06-28,2021Q1,0.1691267526033637,0.20807103255472298,-0.03894427995135927,117,0.8671965773642344,0.1081465,False
2021-06-29,2021Q1,0.17549100776061527,0.20815512433917188,-0.03266411657855661,117,0.8671965773642344,0.1097075,False
2021-06-30,2021Q1,0.1844178763101827,0.18977155999902603,-0.0053536836888433414,117,0.8671965773642344,0.11284150000000001,False
2021-07-01,2021Q2,0.16595174683426184,0.1851511822408804,-0.01919943540661856,115,0.8639557317530733,0.107465,False
2021-07-02,2021Q2,0.15992120381704722,0.1748190108336649,-0.014897807016617692,115,0.8639557317530733,0.10340250000000001,False
2021-07-06,2021Q2,0.17126777543981792,0.1654042022021448,0.005863573237673114,115,0.8639557317530733,0.1144915,False
2021-07-07,2021Q2,0.1716259907696347,0.1445826317268826,0.027043359042752096,115,0.8639557317530733,0.1164665,False
2021-07-08,2021Q2,0.23182434789580092,0.15582786057776138,0.07599648731803954,115,0.8639557317530733,0.137932,False
2021-07-09,2021Q2,0.15921184906850808,0.16590813406590557,-0.006696284997397495,115,0.8639557317530733,0.11194699999999999,False
2021-07-12,2021Q2,0.17740314503450672,0.17247529056311794,0.004927854471388771,140,0.9369737368473083,0.1134735,False
2021-07-13,2021Q2,0.21748047494760295,0.17476188536777354,0.04271858957982941,140,0.9369737368473083,0.12417149999999999,False
2021-07-14,2021Q2,0.20249499665167156,0.17367337597053,0.028821620681141552,140,0.9369737368473083,0.1195485,False
2021-07-15,2021Q2,0.2276973304069348,0.17776315321175964,0.04993417719517515,140,0.9369737368473083,0.12548199999999998,False
2021-07-16,2021Q2,0.2703214867877132,0.19114288443027896,0.07917860235743426,140,0.9369737368473083,0.1363395,False
2021-07-19,2021Q2,0.34890579950973727,0.21630003140128473,0.13260576810845254,140,0.9369737368473083,0.1698385,False
2021-07-20,2021Q2,0.3086456160482281,0.24058409662998678,0.06806151941824132,140,0.9369737368473083,0.148228,False
2021-07-21,2021Q2,0.2505468931376941,0.2419434831630669,0.008603409974627219,140,0.9369737368473083,0.13101449999999998,False
2021-07-22,2021Q2,0.24184305004599052,0.23966590088571696,0.0021771491602735615,140,0.9369737368473083,0.128908,False
2021-07-23,2021Q2,0.21575333986616851,0.2446298582045759,-0.028876518338407375,140,0.9369737368473083,0.119288,False
2021-07-26,2021Q2,0.21100196729179554,0.24336098644153914,-0.032359019149743595,140,0.9369737368473083,0.1218495,False
2021-07-27,2021Q2,0.24770164767773567,0.24799522436285923,-0.00029357668512355883,140,0.9369737368473083,0.1337335,False
2021-07-28,2021Q2,0.2943542670057502,0.2419050371378554,0.05244922986789477,140,0.9369737368473083,0.13424750000000002,False
2021-07-29,2021Q2,0.2897525579544037,0.2330545439062473,0.05669801404815639,140,0.9369737368473083,0.1262965,False
2021-07-30,2021Q2,0.3194362675817324,0.23866212752822838,0.080774140053504,140,0.9369737368473083,0.131089,False
2021-08-02,2021Q2,0.3667257743733855,0.22261634299101316,0.14410943138237234,114,0.8599405108424191,0.1432535,False
2021-08-03,2021Q2,0.29176417001505967,0.21541352164511723,0.07635064836994243,115,0.8639557317530733,0.128409,False
2021-08-04,2021Q2,0.31583508264480037,0.21447650685079717,0.1013585757940032,115,0.8639557317530733,0.135125,False
2021-08-05,2021Q2,0.2959136244718276,0.21635264855991448,0.07956097591191313,115,0.8639557317530733,0.126059,False
2021-08-06,2021Q2,0.27020541211075416,0.21275614761547573,0.05744926449527843,115,0.8639557317530733,0.11694850000000001,False
2021-08-09,2021Q2,0.292561702284031,0.2102594359989687,0.08230226628506229,140,0.9369737368473083,0.1199365,False
2021-08-10,2021Q2,0.2757093275863957,0.21139300397945265,0.06431632360694306,140,0.9369737368473083,0.11734,False
2021-08-11,2021Q2,0.2733666694409558,0.21095656958704767,0.06241009985390811,140,0.9369737368473083,0.11564849999999999,False
2021-08-12,2021Q2,0.25613079864405996,0.2114611531670107,0.04466964547704927,140,0.9369737368473083,0.1117765,False
2021-08-13,2021Q2,0.2399405545320279,0.210897811878554,0.029042742653473896,140,0.9369737368473083,0.10538800000000001,False
2021-08-16,2021Q2,0.24547381222473155,0.1990998876700132,0.046373924554718365,140,0.9369737368473083,0.11231450000000001,False
2021-08-17,2021Q2,0.2826792375373464,0.21740581895541322,0.0652734185819332,140,0.9369737368473083,0.12586350000000002,False
2021-08-18,2021Q2,0.4331865057385479,0.23215960616799736,0.20102689957055053,140,0.9369737368473083,0.1571005,False
2021-08-19,2021Q2,0.42434827276452985,0.21786729769688737,0.20648097506764249,140,0.9369737368473083,0.161099,False
2021-08-20,2021Q2,0.3201365733100665,0.21438868973147057,0.10574788357859594,140,0.9369737368473083,0.128531,False
2021-08-23,2021Q2,0.2802559414978339,0.22137913839052775,0.05887680310730614,140,0.9369737368473083,0.1187655,False
2021-08-24,2021Q2,0.2850710325084569,0.21943622921454675,0.06563480329391014,140,0.9369737368473083,0.118,False
2021-08-25,2021Q2,0.2787475249107191,0.22389655607470157,0.054850968836017505,140,0.9369737368473083,0.114839,False
2021-08-26,2021Q2,0.3329850538966614,0.22818314332465972,0.10480191057200167,139,0.9347037901161712,0.127994,False
2021-08-27,2021Q2,0.26940046567472153,0.2264373401160753,0.04296312555864623,139,0.9349724404166205,0.1073315,False
2021-08-30,2021Q2,0.275614896463552,0.1985406734731466,0.07707422299040537,115,0.8639557317530733,0.114791,False
2021-08-31,2021Q2,0.2542235941698531,0.17601467470704255,0.07820891946281053,115,0.8639557317530733,0.1117075,False
2021-09-01,2021Q2,0.26267761852983684,0.16906915032557465,0.09360846820426219,115,0.8639557317530733,0.1120045,False
2021-09-02,2021Q2,0.25693559671277,0.17007711305117712,0.08685848366159288,115,0.8639557317530733,0.110766,False
2021-09-03,2021Q2,0.22293245091595015,0.16522518191215232,0.05770726900379783,115,0.8639557317530733,0.1016055,False
2021-09-07,2021Q2,0.2936773728332024,0.1514241394408436,0.1422532333923588,140,0.9369737368473083,0.1222975,False
2021-09-08,2021Q2,0.28539291351703167,0.14473358532220304,0.14065932819482863,140,0.9369737368473083,0.122475,False
2021-09-09,2021Q2,0.341068621171143,0.15526331323631995,0.18580530793482306,140,0.9369737368473083,0.1323455,False
2021-09-10,2021Q2,0.3818430371453352,0.16589631201931213,0.21594672512602306,140,0.9369737368473083,0.1464515,False
2021-09-13,2021Q2,0.34103471973119753,0.17035592105614414,0.1706787986750534,140,0.9369737368473083,0.138264,False
2021-09-14,2021Q2,0.36403994596630523,0.17581860624693496,0.18822133971937027,140,0.9369737368473083,0.14391500000000002,False
2021-09-15,2021Q2,0.32696568578407376,0.1789145467725187,0.14805113901155506,140,0.9369737368473083,0.1289115,False
2021-09-16,2021Q2,0.3681729612079226,0.17807143257334448,0.1901015286345781,140,0.9369737368473083,0.135154,False
2021-09-17,2021Q2,0.4161201497397685,0.18673701742905136,0.22938313231071716,140,0.9369737368473083,0.1507475,False
2021-09-20,2021Q2,0.4773009639274211,0.2465240806350738,0.2307768832923473,140,0.9369737368473083,0.193184,False
2021-09-21,2021Q2,0.516221176208281,0.24683431046241777,0.26938686574586324,140,0.9369737368473083,0.1909835,False
2021-09-22,2021Q2,0.4589103656717186,0.269073580283058,0.1898367853886606,140,0.9369737368473083,0.16580499999999998,False
2021-09-23,2021Q2,0.3654740773130152,0.28859287335781564,0.07688120395519954,140,0.9369737368473083,0.13938,False
2021-09-24,2021Q2,0.3427749575903826,0.28725372092504775,0.05552123666533487,139,0.933967173755921,0.13148949999999998,False
2021-09-27,2021Q2,0.2898991337204205,0.29625756335565884,-0.006358429635238361,115,0.8639557317530733,0.1389695,False
2021-09-28,2021Q2,0.42877001348617305,0.3517662303762383,0.07700378310993478,115,0.8639557317530733,0.189486,False
2021-09-29,2021Q2,0.4293717945874933,0.3504592018619121,0.07891259272558121,115,0.8639557317530733,0.188058,False
2021-09-30,2021Q2,0.44587573633718863,0.35565929123431433,0.0902164451028743,115,0.8639557317530733,0.198211,False
2021-10-01,2021Q3,0.3443153453174806,0.3666675892278433,-0.022352243910362724,116,0.866148179288126,0.1703945,False
2021-10-04,2021Q3,0.37861727690009483,0.3769930709413955,0.0016242059586993318,116,0.866148179288126,0.1918045,False
2021-10-05,2021Q3,0.36104615227581205,0.38202561162427323,-0.020979459348461182,116,0.866148179288126,0.176309,False
2021-10-06,2021Q3,0.36381204890525354,0.384601723663904,-0.020789674758650456,116,0.866148179288126,0.1782015,False
2021-10-07,2021Q3,0.3311445311754687,0.39420101065385854,-0.06305647947838983,116,0.866148179288126,0.1612325,False
2021-10-08,2021Q3,0.3077190469886217,0.38926526425091856,-0.08154621726229688,116,0.866148179288126,0.1538735,False
2021-10-11,2021Q3,0.3685528159852593,0.37183699030134004,-0.0032841743160807457,141,0.940237470071185,0.16686849999999998,False
2021-10-12,2021Q3,0.344290675676971,0.3746347447515193,-0.030344069074548286,141,0.940237470071185,0.162581,False
2021-10-13,2021Q3,0.3248382103096184,0.37496389835553556,-0.05012568804591716,141,0.940237470071185,0.15266649999999998,False
2021-10-14,2021Q3,0.26980612126795755,0.4090526728055825,-0.13924655153762494,141,0.940237470071185,0.130089,False
2021-10-15,2021Q3,0.2545819199188582,0.41583605898414266,-0.16125413906528446,141,0.940237470071185,0.12174199999999999,False
2021-10-18,2021Q3,0.2577746422483546,0.4096293314639182,-0.1518546892155636,141,0.940237470071185,0.12441250000000001,False
2021-10-19,2021Q3,0.22864758076638547,0.4191294480136568,-0.19048186724727134,141,0.940237470071185,0.11718049999999999,False
2021-10-20,2021Q3,0.23436305620655526,0.4159776303228223,-0.18161457411626705,140,0.9377040592671033,0.1190725,False
2021-10-21,2021Q3,0.21562086644544526,0.4071354379946472,-0.19151457154920193,141,0.940237470071185,0.1140015,False
2021-10-22,2021Q3,0.22238176775132457,0.39165964249145074,-0.16927787474012618,141,0.940237470071185,0.1182085,False
2021-10-25,2021Q3,0.21540891386790217,0.3809594523166517,-0.1655505384487495,140,0.9377040592671033,0.11706,False
2021-10-26,2021Q3,0.24389970087559368,0.37303069082572254,-0.12913098995012887,140,0.9377040592671033,0.1239265,False
2021-10-27,2021Q3,0.28881776540464216,0.339124559416639,-0.050306794011996836,140,0.9377040592671033,0.1330735,False
2021-10-28,2021Q3,0.2333221662523671,0.33879301909269155,-0.10547085284032445,140,0.9377040592671033,0.120726,False
2021-10-29,2021Q3,0.2413955431426972,0.3216997920013892,-0.080304248858692,141,0.940237470071185,0.11851249999999999,False
2021-11-01,2021Q3,0.24254981255535266,0.27625058150029436,-0.0337007689449417,117,0.8734829981413658,0.123811,False
2021-11-02,2021Q3,0.2205111041169261,0.271989060148453,-0.051477956031526884,117,0.8734829981413658,0.1192415,False
2021-11-03,2021Q3,0.2123664146253635,0.26674001213682685,-0.05437359751146337,117,0.8734829981413658,0.115926,False
2021-11-04,2021Q3,0.1837210887870224,0.24741987153837958,-0.06369878275135718,116,0.8692804817091548,0.113583,False
2021-11-05,2021Q3,0.18959133517687068,0.23415686155749726,-0.04456552638062658,117,0.8734829981413658,0.116365,False
2021-11-08,2021Q3,0.21287510222668285,0.230889199310394,-0.018014097083711156,141,0.940237470071185,0.122851,False
2021-11-09,2021Q3,0.2171926771172144,0.16678338900314488,0.05040928811406953,141,0.940237470071185,0.1278795,False
2021-11-10,2021Q3,0.28212721807241614,0.17224633176564721,0.10988088630676893,141,0.940237470071185,0.14130399999999999,False
2021-11-11,2021Q3,0.2842199642516472,0.15277567544072757,0.13144428881091963,141,0.940237470071185,0.13623449999999998,False
2021-11-12,2021Q3,0.2283100897007273,0.14976199606912605,0.07854809363160126,141,0.940237470071185,0.121276,False
2021-11-15,2021Q3,0.2377889873688525,0.11636698074714563,0.12142200662170688,141,0.940237470071185,0.1268105,False
2021-11-16,2021Q3,0.23666018057177407,0.1059212773423793,0.13073890322939477,141,0.940237470071185,0.124003,False
2021-11-17,2021Q3,0.258099756691808,0.10568057530756193,0.1524191813842461,141,0.940237470071185,0.1299925,False
2021-11-18,2021Q3,0.2374956566700952,0.09564202940106235,0.14185362726903283,141,0.940237470071185,0.1283355,False
2021-11-19,2021Q3,0.2447919414675387,0.09210648167522045,0.15268545979231823,141,0.940237470071185,0.130602,False
2021-11-22,2021Q3,0.2778727161248271,0.08131363902246769,0.19655907710235943,141,0.940237470071185,0.143924,False
2021-11-23,2021Q3,0.24593522828621983,0.07580002862734549,0.17013519965887436,141,0.940237470071185,0.1414625,False
2021-11-24,2021Q3,0.23605704519300572,0.07597205779602935,0.16008498739697635,141,0.940237470071185,0.1355245,False
2021-11-26,2021Q3,0.3722806644152982,0.11021213532362678,0.26206852909167144,141,0.940237470071185,0.1967525,False
2021-11-29,2021Q3,0.3170364676583362,0.11743758414841778,0.19959888350991845,117,0.8734829981413658,0.1641065,False
2021-11-30,2021Q3,0.43004003921236916,0.1431533589553227,0.28688668025704644,117,0.8734829981413658,0.20642549999999998,False
2021-12-01,2021Q3,0.5302097127609213,0.1489399463346015,0.3812697664263198,117,0.8734829981413658,0.2404325,False
2021-12-02,2021Q3,0.43637739687533567,0.15606660394289418,0.2803107929324415,118,0.8756056013305414,0.2117095,False
2021-12-03,2021Q3,0.40111739599211066,0.16008779314583382,0.24102960284627684,118,0.8756056013305414,0.222677,False
2021-12-06,2021Q3,0.3739249135207147,0.1701454184408374,0.20377949507987733,118,0.8756056013305414,0.1993685,False
2021-12-07,2021Q3,0.302886859499708,0.20511014645251663,0.09777671304719138,118,0.8756056013305414,0.16182649999999998,False
2021-12-08,2021Q3,0.276755115905613,0.20610024194618734,0.07065487395942568,118,0.8756056013305414,0.15096150000000003,False
2021-12-09,2021Q3,0.3062380540214013,0.22345212765368494,0.08278592636771637,118,0.8756056013305414,0.16252450000000002,False
2021-12-10,2021Q3,0.24181845125778648,0.2185173975284281,0.023301053729358367,118,0.8756056013305414,0.1367595,False
2021-12-13,2021Q3,0.3005224581124051,0.23069285933328718,0.0698295987791179,141,0.940237470071185,0.1574905,False
2021-12-14,2021Q3,0.345967652625416,0.23730265046971974,0.10866500215569627,141,0.940237470071185,0.17414849999999998,False
2021-12-15,2021Q3,0.2574170266460321,0.2545325813247776,0.0028844453212545362,141,0.940237470071185,0.147999,False
2021-12-16,2021Q3,0.28729393922321395,0.24463975010477013,0.04265418911844382,141,0.940237470071185,0.164792,False
2021-12-17,2021Q3,0.3478470793374294,0.25437115032499424,0.09347592901243518,141,0.940237470071185,0.177924,False
2021-12-20,2021Q3,0.37876512477027285,0.2696663931599608,0.10909873161031203,141,0.940237470071185,0.19017250000000002,False
2021-12-21,2021Q3,0.3478750740372121,0.28908885264458406,0.05878622139262801,141,0.940237470071185,0.1655525,False
2021-12-22,2021Q3,0.30110594553932896,0.3031274798153296,-0.0020215342760006583,141,0.940237470071185,0.14695799999999998,False
2021-12-23,2021Q3,0.2728420722424257,0.3069972602839121,-0.03415518804148643,141,0.940237470071185,0.1353475,False
2021-12-27,2021Q3,0.20622003655986013,0.3172176569801231,-0.11099762042026298,141,0.940237470071185,0.128414,False
2021-12-28,2021Q3,0.203790303985958,0.31760483113711996,-0.11381452715116197,141,0.940237470071185,0.1272325,False
2021-12-29,2021Q3,0.2133437176666216,0.31942385094576775,-0.10608013327914614,141,0.940237470071185,0.1259525,False
2021-12-30,2021Q3,0.22774323407381536,0.32450360876153106,-0.0967603746877157,141,0.940237470071185,0.1293815,False
2021-12-31,2021Q3,0.22436956817578846,0.3305140057225594,-0.10614443754677094,140,0.9384524287094593,0.127901,False
2022-01-03,2021Q4,0.16106346504714336,0.3405736687996019,-0.17951020375245852,115,0.8702144069739423,0.1227415,False
2022-01-04,2021Q4,0.15403527497135835,0.338883540203082,-0.18484826523172362,115,0.8702144069739423,0.1233615,False
2022-01-05,2021Q4,0.2339608619528771,0.36310830879225486,-0.12914744683937776,115,0.8702144069739423,0.157636,False
2022-01-06,2021Q4,0.23071205404570547,0.359343234583619,-0.12863118053791353,116,0.8720844033235489,0.1565995,False
2022-01-07,2021Q4,0.2066130501698478,0.3572179724674217,-0.1506049222975739,116,0.8720844033235489,0.148531,False
2022-01-10,2021Q4,0.21870058926140787,0.32699716491343395,-0.10829657565202608,142,0.9466383749108077,0.153483,False
2022-01-11,2021Q4,0.21517686934809524,0.3219059200994352,-0.10672905075133995,142,0.9466383749108077,0.1449565,False
2022-01-12,2021Q4,0.21522253195885277,0.3152830933335655,-0.10006056137471275,142,0.9466383749108077,0.1412535,False
2022-01-13,2021Q4,0.27540220914207864,0.3319670698697629,-0.05656486072768424,142,0.9466383749108077,0.168265,False
2022-01-14,2021Q4,0.24874855835794757,0.32439926176695416,-0.07565070340900659,142,0.9466383749108077,0.1577695,False
2022-01-18,2021Q4,0.33355985510820485,0.347202152085983,-0.013642296977778134,142,0.9466383749108077,0.195686,False
2022-01-19,2021Q4,0.37223900501063356,0.34810353307982755,0.024135471930806007,142,0.9466383749108077,0.2039505,False
2022-01-20,2021Q4,0.409112939383103,0.3241532720899165,0.08495966729318649,141,0.9449152064088324,0.2171725,False
2022-01-21,2021Q4,0.4396491462416449,0.3347036365748128,0.10494550966683214,142,0.9466383749108077,0.2491185,False
2022-01-24,2021Q4,0.39929115544694777,0.3315891563916218,0.06770199905532598,142,0.9466383749108077,0.24738949999999998,False
2022-01-25,2021Q4,0.4143150684462778,0.32842491159321396,0.08589015685306384,142,0.9466383749108077,0.2610555,False
2022-01-26,2021Q4,0.4323047990299544,0.3229848526853155,0.10931994634463887,142,0.9466383749108077,0.257301,False
2022-01-27,2021Q4,0.4476352900314347,0.31153947778154234,0.13609581224989237,142,0.9466383749108077,0.260683,False
2022-01-28,2021Q4,0.39988003698530583,0.3328983911364083,0.06698164584889754,141,0.9449152064088324,0.2201665,False
2022-01-31,2021Q4,0.3638615021783868,0.37814977343087613,-0.014288271252489326,116,0.8720844033235489,0.19903500000000002,False
2022-02-01,2021Q4,0.3056743324600066,0.3778458695565444,-0.07217153709653784,116,0.8720844033235489,0.177343,False
2022-02-02,2021Q4,0.2937337459085305,0.3544157176955769,-0.060681971787046374,116,0.8720844033235489,0.17021999999999998,False
2022-02-03,2021Q4,0.35909847645620546,0.35309360817773955,0.0060048682784659135,116,0.8720844033235489,0.2123795,False
2022-02-04,2021Q4,0.36503715155837385,0.32540593790587663,0.03963121365249722,116,0.8720844033235489,0.1912815,False
2022-02-07,2021Q4,0.37098051528776566,0.31587818521930316,0.05510233006846249,142,0.9466383749108077,0.194651,False
2022-02-08,2021Q4,0.3470623980817337,0.3084945781457216,0.038567819936012104,142,0.9466383749108077,0.17763600000000002,False
2022-02-09,2021Q4,0.3327325686284978,0.31655630558169223,0.016176263046805583,142,0.9466383749108077,0.1656725,False
2022-02-10,2021Q4,0.42902825314163096,0.32908644343311433,0.09994180970851663,142,0.9466383749108077,0.2001155,False
2022-02-11,2021Q4,0.4437279873325072,0.3441718115054707,0.09955617582703646,142,0.9466383749108077,0.22537600000000002,False
2022-02-14,2021Q4,0.4830715179459643,0.34228180650895934,0.14078971143700497,142,0.9466383749108077,0.239076,False
2022-02-15,2021Q4,0.44224310954205015,0.362393133316455,0.07984997622559514,142,0.9466383749108077,0.208995,False
2022-02-16,2021Q4,0.4166001425211429,0.37290817600567877,0.04369196651546414,142,0.9466383749108077,0.1993035,False
2022-02-17,2021Q4,0.48915119140969276,0.3787203637296663,0.11043082768002649,142,0.9466383749108077,0.23448449999999998,False
2022-02-18,2021Q4,0.49082844984126317,0.3850834721550099,0.1057449776862533,142,0.9466383749108077,0.23452050000000002,False
2022-02-22,2021Q4,0.5202341730958413,0.3879972326807842,0.13223694041505712,142,0.9466383749108077,0.2507375,False
2022-02-23,2021Q4,0.5353013645283247,0.40349653604463653,0.13180482848368813,142,0.9466383749108077,0.266754,False
2022-02-24,2021Q4,0.5029168332396297,0.4027843756093862,0.10013245763024348,142,0.9466383749108077,0.2483555,False
2022-02-25,2021Q4,0.4865911962792778,0.4149258676465279,0.07166532863274994,142,0.9466383749108077,0.2246975,False
2022-02-28,2021Q4,0.4939610059954049,0.40731812757768543,0.08664287841771945,116,0.8720844033235489,0.2433445,False
2022-03-01,2021Q4,0.5504709506052651,0.41099728541408276,0.13947366519118232,116,0.8720844033235489,0.283594,False
2022-03-02,2021Q4,0.527822116343206,0.4111460376410486,0.11667607870215735,116,0.8720844033235489,0.2534315,False
2022-03-03,2021Q4,0.5262720349096031,0.41054676876015667,0.11572526614944639,116,0.8720844033235489,0.259472,False
2022-03-04,2021Q4,0.4991842682294768,0.40362122310388737,0.09556304512558944,116,0.8720844033235489,0.2674525,False
2022-03-07,2021Q4,0.5372710329090739,0.4210225669553174,0.11624846595375643,142,0.9466383749108077,0.301276,False
2022-03-08,2021Q4,0.5535772036847032,0.4153347785815367,0.13824242510316648,142,0.9466383749108077,0.29984,False
2022-03-09,2021Q4,0.5465402540752684,0.4396298156514474,0.10691043842382103,142,0.9466383749108077,0.2732385,False
2022-03-10,2021Q4,0.5111051342688139,0.4408344394299982,0.07027069483881565,142,0.9466383749108077,0.265053,False
2022-03-11,2021Q4,0.4773962633567687,0.45633838346451405,0.02105787989225466,142,0.9466383749108077,0.26094649999999997,False
2022-03-14,2021Q4,0.5170414546678689,0.4388977611802436,0.07814369348762529,142,0.9466383749108077,0.281642,False
2022-03-15,2021Q4,0.49159142652951104,0.4493243318483715,0.04226709468113954,142,0.9466383749108077,0.25791600000000003,False
2022-03-16,2021Q4,0.4574138596604595,0.46956681523446575,-0.012152955574006252,142,0.9466383749108077,0.2239895,False
2022-03-17,2021Q4,0.4489429249195392,0.4901091903802015,-0.04116626546066232,142,0.9466383749108077,0.210139,False
2022-03-18,2021Q4,0.4163562933347636,0.48977526268985033,-0.07341896935508674,142,0.9466383749108077,0.190533,False
2022-03-21,2021Q4,0.4011293988261709,0.5128533241656893,-0.11172392533951842,142,0.9466383749108077,0.1921725,False
2022-03-22,2021Q4,0.3962838553237359,0.5146937341294914,-0.11840987880575549,142,0.9466383749108077,0.18055300000000002,False
2022-03-23,2021Q4,0.408355642027351,0.5179599275814444,-0.1096042855540934,142,0.9466383749108077,0.191817,False
2022-03-24,2021Q4,0.3657130674782159,0.5204918009309013,-0.1547787334526854,141,0.9441794607827382,0.174931,False
2022-03-25,2021Q4,0.3263283874219455,0.5166469932173081,-0.19031860579536264,116,0.8720844033235489,0.16405,False
2022-03-28,2021Q4,0.23183693939004713,0.5014234127467717,-0.2695864733567246,116,0.8720844033235489,0.15379199999999998,False
2022-03-29,2021Q4,0.24002614937149722,0.5015768928432399,-0.2615507434717427,116,0.8720844033235489,0.148646,False
2022-03-30,2021Q4,0.2718754599179589,0.49681308929491963,-0.2249376293769607,116,0.8720844033235489,0.160386,False
2022-03-31,2021Q4,0.3138859582610021,0.5065860596162595,-0.1927001013552574,116,0.8720844033235489,0.17821949999999998,False
2022-04-01,2022Q1,0.23434556575733045,0.4527522328126012,-0.21840666705527073,116,0.8761340447120974,0.152435,False
2022-04-04,2022Q1,0.22539097421243737,0.44748159677538185,-0.22209062256294448,117,0.8785722915672983,0.147813,False
2022-04-05,2022Q1,0.2769540259663738,0.4537364330471086,-0.17678240708073478,117,0.8785722915672983,0.1700535,False
2022-04-06,2022Q1,0.29119158426323816,0.4330689951538312,-0.14187741089059303,117,0.8785722915672983,0.184442,False
2022-04-07,2022Q1,0.26237493691445646,0.44154469584453837,-0.1791697589300819,117,0.8785722915672983,0.17755949999999998,False
2022-04-08,2022Q1,0.2506734758610975,0.42935587756533605,-0.17868240170423855,117,0.8785722915672983,0.1735805,False
2022-04-11,2022Q1,0.3339026442647632,0.44533556976138877,-0.11143292549662559,139,0.9400229227304324,0.205402,False
2022-04-12,2022Q1,0.33632637343504335,0.44006795154312633,-0.10374157810808299,140,0.9454559031758597,0.202192,False
2022-04-13,2022Q1,0.2966013121102966,0.43392532834228764,-0.13732401623199103,140,0.9454559031758597,0.1817095,False
2022-04-14,2022Q1,0.33027970200804213,0.4408848160356493,-0.11060511402760714,140,0.9454559031758597,0.1931955,False
2022-04-18,2022Q1,0.32214652734125354,0.4424189363824887,-0.12027240904123515,140,0.9454559031758597,0.1924595,False
2022-04-19,2022Q1,0.2840101848046739,0.41709683221574834,-0.13308664741107445,140,0.9454559031758597,0.17574050000000002,False
2022-04-20,2022Q1,0.27327112493400985,0.40838397778589536,-0.1351128528518855,140,0.9454559031758597,0.178994,False
2022-04-21,2022Q1,0.3081105252140972,0.39295736452133634,-0.08484683930723913,140,0.9454559031758597,0.1982895,False
2022-04-22,2022Q1,0.3602877144442537,0.4389288338433965,-0.07864111939914276,140,0.9454559031758597,0.234875,False
2022-04-25,2022Q1,0.3544629487437526,0.4289548012088534,-0.07449185246510076,140,0.9454559031758597,0.231333,False
2022-04-26,2022Q1,0.4124620991716905,0.4709615001200867,-0.058499400948396174,140,0.9454559031758597,0.27411149999999995,False
2022-04-27,2022Q1,0.44711755207902476,0.43852271437321355,0.008594837705811209,140,0.9454559031758597,0.26688599999999996,False
2022-04-28,2022Q1,0.4203461106500525,0.44143473717827075,-0.021088626528218246,140,0.9454559031758597,0.2428165,False
2022-04-29,2022Q1,0.5328465812850318,0.4750758920087262,0.05777068927630563,140,0.9454559031758597,0.28855200000000003,False
2022-05-02,2022Q1,0.48665223488834786,0.4716983317887874,0.014953903099560462,117,0.8785722915672983,0.26866749999999995,False
2022-05-03,2022Q1,0.4641721918233888,0.47353756424999377,-0.009365372426604957,117,0.8785722915672983,0.2534725,False
2022-05-04,2022Q1,0.4189537493360632,0.5053292551951404,-0.08637550585907716,117,0.8785722915672983,0.218549,False
2022-05-05,2022Q1,0.49475419712768387,0.5440968163850495,-0.049342619257365605,117,0.8785722915672983,0.27493100000000004,False
2022-05-06,2022Q1,0.45224005063169037,0.5356763484869681,-0.08343629785527773,117,0.8785722915672983,0.259145,False
2022-05-09,2022Q1,0.5080076468602329,0.539570447461525,-0.03156280060129213,140,0.9454559031758597,0.3012805,False
2022-05-10,2022Q1,0.5061973747447449,0.5345578020888458,-0.028360427344100936,140,0.9454559031758597,0.2933615,False
2022-05-11,2022Q1,0.4830208366888212,0.5269327794257752,-0.043911942736954035,140,0.9454559031758597,0.2964995,False
2022-05-12,2022Q1,0.4560219183301986,0.5230101722129878,-0.06698825388278923,140,0.9454559031758597,0.29043,False
2022-05-13,2022Q1,0.4340175827861198,0.5417668481134993,-0.1077492653273795,140,0.9454559031758597,0.257369,False
2022-05-16,2022Q1,0.43316903117473066,0.5409512989079301,-0.10778226773319949,140,0.9454559031758597,0.255357,False
2022-05-17,2022Q1,0.45267563962801344,0.5425906912377195,-0.08991505160970609,140,0.9454559031758597,0.23960399999999998,False
2022-05-18,2022Q1,0.4574154292271409,0.5637666625098207,-0.10635123328267976,140,0.9454559031758597,0.2771905,False
2022-05-19,2022Q1,0.45291739827334687,0.5649002453700653,-0.11198284709671846,140,0.9454559031758597,0.2651385,False
2022-05-20,2022Q1,0.4625322687377353,0.5568134758812812,-0.09428120714354588,140,0.9454559031758597,0.2670485,False
2022-05-23,2022Q1,0.4682532764350339,0.5660210090591127,-0.09776773262407878,140,0.9454559031758597,0.255639,False
2022-05-24,2022Q1,0.46120341012461114,0.5576750407073066,-0.09647163058269542,140,0.9454559031758597,0.26482399999999995,False
2022-05-25,2022Q1,0.47192006855387086,0.5604484638045119,-0.08852839525064099,140,0.9454559031758597,0.259131,False
2022-05-26,2022Q1,0.486686110832726,0.5661668525117045,-0.0794807416789785,140,0.9454559031758597,0.246319,False
2022-05-27,2022Q1,0.47382519635501225,0.5808281951436258,-0.10700299878861358,140,0.9454559031758597,0.22486050000000002,False
2022-05-31,2022Q1,0.46110121125209874,0.5895578096510705,-0.12845659839897178,116,0.8761358902326272,0.239767,False
2022-06-01,2022Q1,0.44749958074250534,0.5830283918044511,-0.13552881106194575,116,0.8761358902326272,0.23598950000000002,False
2022-06-02,2022Q1,0.4278877536544441,0.602842935908627,-0.17495518225418294,116,0.8761358902326272,0.22251,False
2022-06-03,2022Q1,0.4329977594817948,0.6096228652830982,-0.17662510580130336,116,0.8761358902326272,0.229977,False
2022-06-06,2022Q1,0.43663359036450333,0.5938744422048976,-0.15724085184039427,140,0.9454559031758597,0.223297,False
2022-06-07,2022Q1,0.44355248305415845,0.5985175008675117,-0.1549650178133532,140,0.9454559031758597,0.214669,False
2022-06-08,2022Q1,0.4563061103178815,0.5846224439573244,-0.12831633363944295,140,0.9454559031758597,0.21978350000000002,False
2022-06-09,2022Q1,0.5018346835293807,0.6059358611627785,-0.10410117763339788,140,0.9454559031758597,0.24295850000000002,False
2022-06-10,2022Q1,0.4804853170208017,0.6115427451021348,-0.13105742808133308,140,0.9454559031758597,0.2531065,False
2022-06-13,2022Q1,0.5372356430024058,0.6231791777918168,-0.08594353478941097,140,0.9454559031758597,0.3074675,False
2022-06-14,2022Q1,0.5094514020130114,0.6196082061299402,-0.11015680411692874,140,0.9454559031758597,0.288163,False
2022-06-15,2022Q1,0.5298122155505796,0.6245102089737573,-0.09469799342317775,140,0.9454559031758597,0.271448,False
2022-06-16,2022Q1,0.5160445660014064,0.6133989638303432,-0.09735439782893685,140,0.9454559031758597,0.2941185,False
2022-06-17,2022Q1,0.48291884706053495,0.5893914288701091,-0.10647258180957414,140,0.9454559031758597,0.268055,False
2022-06-21,2022Q1,0.5087782796784376,0.6054019429116284,-0.09662366323319083,140,0.9454559031758597,0.2659905,False
2022-06-22,2022Q1,0.48920148244447564,0.5905976409799151,-0.10139615853543943,140,0.9454559031758597,0.263179,False
2022-06-23,2022Q1,0.4903914705992625,0.5897086783320007,-0.09931720773273817,140,0.9454559031758597,0.26052450000000005,False
2022-06-24,2022Q1,0.46009667986762715,0.6068029373411332,-0.14670625747350607,140,0.9454559031758597,0.2377355,False
2022-06-27,2022Q1,0.3975558815890186,0.6164933020889178,-0.21893742049989923,115,0.8741840221280968,0.24403249999999999,False
2022-06-28,2022Q1,0.4098494297893844,0.6108093504065253,-0.2009599206171409,115,0.8741840221280968,0.25569600000000003,False
2022-06-29,2022Q1,0.4066315184559527,0.6119970059896511,-0.20536548753369843,115,0.8741840221280968,0.2581075,False
2022-06-30,2022Q1,0.4032159356433023,0.61470424870398,-0.21148831306067767,115,0.8741840221280968,0.262714,False
2022-07-01,2022Q2,0.39863572212210135,0.5672933446378303,-0.16865762251572897,114,0.8687060452223714,0.242743,False
2022-07-05,2022Q2,0.4134697638044564,0.565928207474372,-0.15245844366991562,114,0.8687060452223714,0.25242200000000004,False
2022-07-06,2022Q2,0.41875545902359995,0.5749274861274466,-0.15617202710384664,114,0.8687060452223714,0.24986150000000001,False
2022-07-07,2022Q2,0.4106869846626742,0.5764683609874225,-0.16578137632474826,114,0.8687060452223714,0.238968,False
2022-07-08,2022Q2,0.3738698313223616,0.5900991473472043,-0.21622931602484263,114,0.8687060452223714,0.2223915,False
2022-07-11,2022Q2,0.4231827865385191,0.586695530020784,-0.1635127434822649,140,0.9461105985760496,0.23959049999999998,False
2022-07-12,2022Q2,0.4251377908335003,0.5763006817451228,-0.15116289091162255,140,0.9461105985760496,0.2477885,False
2022-07-13,2022Q2,0.4221768563466953,0.5557692500458892,-0.1335923936991939,140,0.9461105985760496,0.2472085,False
2022-07-14,2022Q2,0.41964147836043053,0.5571774455040538,-0.13753596714362326,140,0.9461105985760496,0.2449755,False
2022-07-15,2022Q2,0.36849911258861706,0.5674340512913748,-0.19893493870275775,140,0.9461105985760496,0.2170015,False
2022-07-18,2022Q2,0.40412179463442954,0.5592605688781964,-0.15513877424376687,140,0.9461105985760496,0.2320205,False
2022-07-19,2022Q2,0.4053766438524943,0.5782626398134033,-0.17288599596090903,140,0.9461105985760496,0.222218,False
2022-07-20,2022Q2,0.4015249248650142,0.5717235355798084,-0.1701986107147942,140,0.9461105985760496,0.219509,False
2022-07-21,2022Q2,0.373479536014977,0.5652109838858831,-0.19173144787090607,140,0.9461105985760496,0.2063025,False
2022-07-22,2022Q2,0.3525951182784182,0.5586587480208862,-0.206063629742468,140,0.9461105985760496,0.201573,False
2022-07-25,2022Q2,0.34977101781793235,0.5422364802409814,-0.19246546242304902,140,0.9461105985760496,0.204792,False
2022-07-26,2022Q2,0.37974799219811156,0.5141655431470287,-0.1344175509489171,140,0.9461105985760496,0.2208665,False
2022-07-27,2022Q2,0.42112125132203304,0.46564661369367905,-0.044525362371646005,140,0.9461105985760496,0.20701150000000001,False
2022-07-28,2022Q2,0.4163641717712179,0.46675708587380155,-0.050392914102583675,140,0.9461105985760496,0.198098,False
2022-07-29,2022Q2,0.41953440771441886,0.44736803976387995,-0.0278336320494611,140,0.9461105985760496,0.18575799999999998,False
2022-08-01,2022Q2,0.4255712887184207,0.41775121568905693,0.007820073029363772,116,0.8799233788067028,0.1995795,False
2022-08-02,2022Q2,0.4580161702179949,0.42834324554544734,0.029672924672547563,116,0.8799233788067028,0.2107925,False
2022-08-03,2022Q2,0.4356006255122665,0.4067017915710661,0.028898833941200408,116,0.8799233788067028,0.194467,False
2022-08-04,2022Q2,0.42150200565364276,0.40878659575849907,0.012715409895143692,116,0.8799233788067028,0.192719,False
2022-08-05,2022Q2,0.411664450105959,0.41267281701386344,-0.0010083669079044566,116,0.8799233788067028,0.18367050000000001,False
2022-08-08,2022Q2,0.41543404741107426,0.3666443586411409,0.04878968876993334,140,0.9461105985760496,0.1841645,False
2022-08-09,2022Q2,0.42494388245976383,0.36374812315571753,0.061195759304046304,140,0.9461105985760496,0.189965,False
2022-08-10,2022Q2,0.4031108195828039,0.3541463685855885,0.048964450997215414,140,0.9461105985760496,0.1718595,False
2022-08-11,2022Q2,0.39735755103581344,0.3558047841763296,0.041552766859483836,140,0.9461105985760496,0.17396250000000002,False
2022-08-12,2022Q2,0.3863588863329229,0.36096987360706956,0.025389012725853366,140,0.9461105985760496,0.1633215,False
2022-08-15,2022Q2,0.4062932005000098,0.36232489942789753,0.04396830107211225,140,0.9461105985760496,0.17221399999999998,False
2022-08-16,2022Q2,0.41109522298332773,0.37235844679630203,0.0387367761870257,140,0.9461105985760496,0.170084,False
2022-08-17,2022Q2,0.4276737677670616,0.3792720285918662,0.04840173917519541,140,0.9461105985760496,0.1780335,False
2022-08-18,2022Q2,0.4148457750749479,0.3727968216400568,0.04204895343489112,140,0.9461105985760496,0.169431,False
2022-08-19,2022Q2,0.4206842119284436,0.38086337614683885,0.039820835781604724,140,0.9461105985760496,0.17494500000000002,False
2022-08-22,2022Q2,0.4896754731746424,0.4034370793723527,0.0862383938022897,140,0.9461105985760496,0.208741,False
2022-08-23,2022Q2,0.49801896325416745,0.399669900531671,0.09834906272249644,140,0.9461105985760496,0.208997,False
2022-08-24,2022Q2,0.4849296971951643,0.3995200981671179,0.0854095990280464,140,0.9461105985760496,0.2027285,False
2022-08-25,2022Q2,0.4857285076978939,0.4101799896197776,0.0755485180781163,140,0.9461105985760496,0.1931775,False
2022-08-26,2022Q2,0.5173098341862589,0.4716693555611371,0.04564047862512177,140,0.9461105985760496,0.220255,False
2022-08-29,2022Q2,0.5216034393796339,0.47994977901694147,0.04165366036269247,116,0.8799233788067028,0.2294485,False
2022-08-30,2022Q2,0.5270485385961593,0.4596882299871245,0.0673603086090348,116,0.8799233788067028,0.233573,False
2022-08-31,2022Q2,0.5275966394397834,0.47108810120103556,0.05650853823874785,116,0.8799233788067028,0.2344405,False
2022-09-01,2022Q2,0.49367067768820394,0.4729738300788645,0.02069684760933943,116,0.8799233788067028,0.22645500000000002,False
2022-09-02,2022Q2,0.4833071757716798,0.482659111825188,0.0006480639464918059,116,0.8799233788067028,0.2259215,False
2022-09-06,2022Q2,0.5078674312910699,0.48596659985467666,0.021900831436393264,116,0.8799233788067028,0.23975000000000002,False
2022-09-07,2022Q2,0.49721621018049683,0.5013694929496346,-0.004153282769137789,116,0.8799233788067028,0.2231215,False
2022-09-08,2022Q2,0.4770001581147649,0.4752155489022661,0.0017846092124988444,117,0.882403924327425,0.21346700000000002,False
2022-09-09,2022Q2,0.4815776003232767,0.4975909221093998,-0.016013321786123136,117,0.882403924327425,0.201679,False
2022-09-12,2022Q2,0.528440267427903,0.5233028013484751,0.005137466079427888,140,0.9461105985760496,0.21374949999999998,False
2022-09-13,2022Q2,0.515338819727308,0.6127186326377636,-0.09737981291045561,140,0.9461105985760496,0.2349925,False
2022-09-14,2022Q2,0.5454005500719744,0.6075914343956806,-0.06219088432370623,140,0.9461105985760496,0.238016,False
2022-09-15,2022Q2,0.5562971836072352,0.5971403822029381,-0.040843198595702845,140,0.9461105985760496,0.24321,False
2022-09-16,2022Q2,0.5148001952186797,0.6009847903766915,-0.0861845951580118,140,0.9461105985760496,0.2378495,False
2022-09-19,2022Q2,0.5386872596906966,0.6084759283394914,-0.06978866864879474,140,0.9461105985760496,0.2401175,False
2022-09-20,2022Q2,0.5580453867572666,0.6084597552955346,-0.050414368538268084,140,0.9461105985760496,0.2543685,False
2022-09-21,2022Q2,0.5856794670489768,0.6220340446213433,-0.03635457757236649,140,0.9461105985760496,0.266537,False
2022-09-22,2022Q2,0.5504553729258079,0.5908893681582239,-0.040433995232415976,140,0.9461105985760496,0.257353,False
2022-09-23,2022Q2,0.5289272908905865,0.5953826303617012,-0.0664553394711147,140,0.9461105985760496,0.2667495,False
2022-09-26,2022Q2,0.5211119457717021,0.5719925063290617,-0.05088056055735968,140,0.9461105985760496,0.288244,False
2022-09-27,2022Q2,0.5257712060389366,0.5648157696943298,-0.039044563655393216,140,0.9461105985760496,0.29245049999999995,False
2022-09-28,2022Q2,0.49795129605261784,0.5810391593938335,-0.0830878633412157,140,0.9461105985760496,0.27260399999999996,False
2022-09-29,2022Q2,0.4906154084580201,0.5857389733676677,-0.09512356490964757,140,0.9461105985760496,0.28412000000000004,False
2022-09-30,2022Q2,0.47973532460567003,0.5869205718430042,-0.10718524723733414,140,0.9461105985760496,0.27995499999999995,False
2022-10-03,2022Q3,0.4621465050462507,0.5945696325003392,-0.13242312745408852,116,0.8833705379818028,0.267881,False
2022-10-04,2022Q3,0.4571294940857866,0.6189269323722932,-0.1617974382865066,116,0.8833705379818028,0.2561475,False
2022-10-05,2022Q3,0.45437729403588567,0.6215475373236203,-0.16717024328773467,116,0.8833705379818028,0.259173,False
2022-10-06,2022Q3,0.47533387347769585,0.6167147542085917,-0.14138088073089583,116,0.8833705379818028,0.274366,False
2022-10-07,2022Q3,0.4369604108243682,0.6213956042058569,-0.18443519338148873,116,0.8833705379818028,0.2747195,False
2022-10-10,2022Q3,0.49131132896053964,0.5913262997744768,-0.10001497081393718,140,0.9476918537747558,0.29259999999999997,False
2022-10-11,2022Q3,0.4961967193949183,0.5856124782057297,-0.08941575881081143,140,0.9476918537747558,0.3003245,False
2022-10-12,2022Q3,0.5080588868629521,0.5798246148573498,-0.07176572799439773,140,0.9476918537747558,0.307918,False
2022-10-13,2022Q3,0.5119465475120931,0.5979572633127989,-0.08601071580070574,140,0.9476918537747558,0.2985045,False
2022-10-14,2022Q3,0.463960617110273,0.608986301008416,-0.14502568389814302,140,0.9476918537747558,0.28973499999999996,False
2022-10-17,2022Q3,0.5006475519850953,0.6257476538213281,-0.12510010183623288,140,0.9476918537747558,0.287308,False
2022-10-18,2022Q3,0.4911828278032798,0.627609776929079,-0.13642694912579922,140,0.9476918537747558,0.28131249999999997,False
2022-10-19,2022Q3,0.5017307728541817,0.6122042679919306,-0.11047349513774896,140,0.9476918537747558,0.286167,False
2022-10-20,2022Q3,0.510909775812393,0.6066199950530149,-0.09571021924062184,140,0.9476918537747558,0.2826795,False
2022-10-21,2022Q3,0.5073973640729708,0.6130201027922663,-0.1056227387192955,140,0.9476918537747558,0.274548,False
2022-10-24,2022Q3,0.5447081525474953,0.6129271680818881,-0.0682190155343928,140,0.9476918537747558,0.2793445,False
2022-10-25,2022Q3,0.5330562286552111,0.5701544075665704,-0.03709817891135936,140,0.9476918537747558,0.2679045,False
2022-10-26,2022Q3,0.5142607074077975,0.5354195397569097,-0.0211588323491122,140,0.9476918537747558,0.2564895,False
2022-10-27,2022Q3,0.48424975808900556,0.5325600382925525,-0.04831028020354694,140,0.9476918537747558,0.2548875,False
2022-10-28,2022Q3,0.5388606951049484,0.5208597188709991,0.01800097623394925,140,0.9476918537747558,0.2404905,False
2022-10-31,2022Q3,0.5195559186445053,0.521829708733145,-0.0022737900886397044,115,0.8810837324599314,0.241872,False
2022-11-01,2022Q3,0.5219854002025913,0.5162215421107788,0.005763858091812568,115,0.8810837324599314,0.242249,False
2022-11-02,2022Q3,0.5228225177703615,0.5252200923744912,-0.002397574604129704,115,0.8810837324599314,0.2465155,False
2022-11-03,2022Q3,0.5019214527050125,0.5267609242106436,-0.02483947150563104,115,0.8810837324599314,0.2424115,False
2022-11-04,2022Q3,0.46938949967586285,0.5182902453206081,-0.048900745644745225,115,0.8810837324599314,0.229554,False
2022-11-07,2022Q3,0.4676190156982396,0.5138341657982767,-0.04621515010003707,140,0.9476918537747558,0.230418,False
2022-11-08,2022Q3,0.4853365497064206,0.5156709804821474,-0.03033443077572684,140,0.9476918537747558,0.236065,False
2022-11-09,2022Q3,0.4799101263191849,0.5237903330551843,-0.043880206735999405,140,0.9476918537747558,0.24401299999999998,False
2022-11-10,2022Q3,0.4590291010433819,0.5703494191784372,-0.11132031813505527,140,0.9476918537747558,0.2189125,False
2022-11-11,2022Q3,0.3931202987132073,0.5482662204101011,-0.15514592169689378,140,0.9476918537747558,0.198772,False
2022-11-14,2022Q3,0.4497765048389884,0.5493383813852709,-0.09956187654628251,140,0.9476918537747558,0.2238955,False
2022-11-15,2022Q3,0.4518266792129317,0.5281488480382458,-0.07632216882531412,140,0.9476918537747558,0.2230895,False
2022-11-16,2022Q3,0.4609120191088482,0.5269895539319236,-0.06607753482307538,140,0.9476918537747558,0.2240065,False
2022-11-17,2022Q3,0.46582521673828853,0.5261009666022303,-0.06027574986394174,140,0.9476918537747558,0.222857,False
2022-11-18,2022Q3,0.46676652826953496,0.5023364407418008,-0.035569912472265874,140,0.9476918537747558,0.2168365,False
2022-11-21,2022Q3,0.4282514771067632,0.4996152495577044,-0.07136377245094122,140,0.9476918537747558,0.208706,False
2022-11-22,2022Q3,0.4289028783450733,0.5030604183751065,-0.07415754003003322,140,0.9476918537747558,0.1984955,False
2022-11-23,2022Q3,0.4058848020818323,0.5008960410586505,-0.09501123897681818,140,0.9476918537747558,0.187746,False
2022-11-25,2022Q3,0.4017686036477446,0.49211917717304227,-0.09035057352529768,140,0.9476918537747558,0.189185,False
2022-11-28,2022Q3,0.4251460695341817,0.48398887188296147,-0.058842802348779755,115,0.8810837324599314,0.20444849999999998,False
2022-11-29,2022Q3,0.4223748563707688,0.4696854958545793,-0.04731063948381048,115,0.8810837324599314,0.204209,False
2022-11-30,2022Q3,0.42593977220504026,0.49794544657190865,-0.07200567436686839,115,0.8810837324599314,0.189869,False
2022-12-01,2022Q3,0.40597005450869794,0.5016075903509786,-0.09563753584228063,115,0.8810837324599314,0.185583,False
2022-12-02,2022Q3,0.3941296626145488,0.5088091645729212,-0.11467950195837245,115,0.8810837324599314,0.17642649999999999,False
2022-12-05,2022Q3,0.4053897773167839,0.508936171015228,-0.10354639369844415,115,0.8810837324599314,0.192793,False
2022-12-06,2022Q3,0.42839172936745745,0.515869386645336,-0.08747765727787854,115,0.8810837324599314,0.208352,False
2022-12-07,2022Q3,0.4409981118534979,0.5121304497414249,-0.07113233788792694,115,0.8810837324599314,0.214262,False
2022-12-08,2022Q3,0.43218269681606186,0.5369517378400464,-0.10476904102398449,115,0.8810837324599314,0.2066925,False
2022-12-09,2022Q3,0.450189236785158,0.541641782273633,-0.09145254548847503,115,0.8810837324599314,0.2103965,False
2022-12-12,2022Q3,0.5136815694873843,0.5506071527793762,-0.036925583291991915,140,0.9476918537747558,0.23359000000000002,False
2022-12-13,2022Q3,0.4632351896042116,0.5437294610018648,-0.0804942713976532,140,0.9476918537747558,0.21001399999999998,False
2022-12-14,2022Q3,0.4298804903961383,0.5493678553249737,-0.11948736492883538,140,0.9476918537747558,0.1978935,False
2022-12-15,2022Q3,0.43452621553813037,0.546029054094213,-0.11150283855608262,140,0.9476918537747558,0.2081015,False
2022-12-16,2022Q3,0.44493123290358916,0.5608767530994445,-0.11594552019585536,140,0.9476918537747558,0.209739,False
2022-12-19,2022Q3,0.43882945015736097,0.5678488335030675,-0.1290193833457065,140,0.9476918537747558,0.207275,False
2022-12-20,2022Q3,0.4161717283263091,0.5669024589676432,-0.15073073064133413,140,0.9476918537747558,0.20189200000000002,False
2022-12-21,2022Q3,0.40463003614179194,0.5747289101224544,-0.17009887398066248,140,0.9476918537747558,0.19027850000000002,False
2022-12-22,2022Q3,0.40874533527853957,0.5668283990328331,-0.15808306375429354,140,0.9476918537747558,0.2060525,False
2022-12-23,2022Q3,0.4054091323548735,0.45062933148660933,-0.045220199131735805,140,0.9476918537747558,0.1980925,False
2022-12-27,2022Q3,0.3607119734312972,0.4666119195151281,-0.10589994608383091,140,0.9476918537747558,0.207233,False
2022-12-28,2022Q3,0.3622741686390445,0.4702649875784565,-0.10799081893941198,140,0.9476918537747558,0.213075,False
2022-12-29,2022Q3,0.3632725223854802,0.49669806318413173,-0.13342554079865154,140,0.9476918537747558,0.20367249999999998,False
2022-12-30,2022Q3,0.3549270344602616,0.503060332728896,-0.14813329826863447,140,0.9476918537747558,0.2032355,False
2023-01-03,2022Q4,0.3747877503178265,0.5120712317472172,-0.13728348142939073,116,0.875963571822805,0.2198095,False
2023-01-04,2022Q4,0.35933280156854897,0.4949720423838421,-0.13563924081529316,115,0.8723789084768508,0.212145,False
2023-01-05,2022Q4,0.37154561230535627,0.4981636605946976,-0.1266180482893413,116,0.875963571822805,0.21803050000000002,False
2023-01-06,2022Q4,0.3465835836500403,0.5069893047790441,-0.1604057211290038,116,0.875963571822805,0.20110899999999998,False
2023-01-09,2022Q4,0.36854218517923826,0.4901110853508653,-0.12156890017162703,140,0.9463063272056547,0.2054475,False
2023-01-10,2022Q4,0.33857907642061175,0.4914242400069686,-0.15284516358635686,140,0.9463063272056547,0.1949815,False
2023-01-11,2022Q4,0.3513343310278801,0.48469899607775724,-0.13336466504987715,140,0.9463063272056547,0.1985975,False
2023-01-12,2022Q4,0.29492104843272754,0.48459037094306345,-0.1896693225103359,140,0.9463063272056547,0.1753575,False
2023-01-13,2022Q4,0.2872607939833303,0.42871739214680504,-0.14145659816347472,140,0.9463063272056547,0.164412,False
2023-01-17,2022Q4,0.3183761651386507,0.4252736126075668,-0.1068974474689161,140,0.9463063272056547,0.177346,False
2023-01-18,2022Q4,0.3444353232745883,0.4364659108361705,-0.09203058756158217,140,0.9463063272056547,0.1876485,False
2023-01-19,2022Q4,0.3458608950955247,0.4168385128391173,-0.07097761774359262,140,0.9463063272056547,0.1912695,False
2023-01-20,2022Q4,0.3465141078753876,0.42516230363729707,-0.07864819576190946,140,0.9463063272056547,0.18205549999999998,False
2023-01-23,2022Q4,0.3344014331049667,0.42868297778984493,-0.0942815446848782,140,0.9463063272056547,0.175591,False
2023-01-24,2022Q4,0.32909831863502165,0.42279969146813196,-0.09370137283311031,140,0.9463063272056547,0.173654,False
2023-01-25,2022Q4,0.33490679796346895,0.4133682125311225,-0.07846141456765354,140,0.9463063272056547,0.17264000000000002,False
2023-01-26,2022Q4,0.34615447045230696,0.4029419045925411,-0.05678743414023413,140,0.9463063272056547,0.16935,False
2023-01-27,2022Q4,0.3328408820243531,0.3956039514161866,-0.06276306939183351,140,0.9463063272056547,0.1664775,False
2023-01-30,2022Q4,0.35002392704376056,0.4094017129542089,-0.059377785910448344,115,0.8738873087867236,0.181176,False
2023-01-31,2022Q4,0.33834834368129957,0.376947357145769,-0.03859901346446942,115,0.8738873087867236,0.1722515,False
2023-02-01,2022Q4,0.3172213020778369,0.36611489117240453,-0.04889358909456765,115,0.8738873087867236,0.160346,False
2023-02-02,2022Q4,0.2758144578306638,0.3351762675591908,-0.059361809728527004,115,0.8738873087867236,0.1580355,False
2023-02-03,2022Q4,0.3364994127327724,0.33044106640889026,0.0060583463238821356,115,0.8738873087867236,0.1618735,False
2023-02-06,2022Q4,0.38047289989293764,0.31963697243162603,0.06083592746131161,140,0.9463063272056547,0.1734155,False
2023-02-07,2022Q4,0.3573726124593238,0.3037329735085508,0.053639638950773005,140,0.9463063272056547,0.1656725,False
2023-02-08,2022Q4,0.3808005001193012,0.30950153152561566,0.07129896859368556,140,0.9463063272056547,0.17661700000000002,False
2023-02-09,2022Q4,0.4079658222537651,0.31671409437729076,0.09125172787647434,140,0.9463063272056547,0.188056,False
2023-02-10,2022Q4,0.4236084575652698,0.2972112450550417,0.12639721251022812,140,0.9463063272056547,0.1871595,False
2023-02-13,2022Q4,0.3920145907024034,0.2845618068394957,0.10745278386290769,140,0.9463063272056547,0.1825025,False
2023-02-14,2022Q4,0.35761220531641197,0.28129675067550025,0.07631545464091172,140,0.9463063272056547,0.16636450000000003,False
2023-02-15,2022Q4,0.34994649831668756,0.2879950269921313,0.06195147132455625,140,0.9463063272056547,0.1605515,False
2023-02-16,2022Q4,0.3975923950832024,0.31720048777745286,0.08039190730574952,140,0.9463063272056547,0.1751205,False
2023-02-17,2022Q4,0.40679865177496977,0.3011635049408634,0.10563514683410635,140,0.9463063272056547,0.172842,False
2023-02-21,2022Q4,0.4948462360696869,0.30414471271916393,0.19070152335052298,140,0.9463063272056547,0.2067445,False
2023-02-22,2022Q4,0.4782045183502569,0.3135149601531289,0.164689558197128,140,0.9463063272056547,0.2008455,False
2023-02-23,2022Q4,0.4645801989279529,0.3093305439126133,0.1552496550153396,140,0.9463063272056547,0.1905215,False
2023-02-24,2022Q4,0.49095003892344946,0.3087960859934792,0.18215395292997028,140,0.9463063272056547,0.19870500000000002,False
2023-02-27,2022Q4,0.44970663835119845,0.31783112334797975,0.1318755150032187,115,0.8738873087867236,0.19072,False
2023-02-28,2022Q4,0.4570876468185409,0.31842032840577855,0.13866731841276236,115,0.8738873087867236,0.189669,False
2023-03-01,2022Q4,0.4685329101093062,0.3221630911725664,0.14636981893673978,115,0.8738873087867236,0.1937345,False
2023-03-02,2022Q4,0.4607080290002628,0.30521333724048005,0.15549469175978275,115,0.8738873087867236,0.186109,False
2023-03-03,2022Q4,0.4396445852691871,0.320390871557253,0.1192537137119341,115,0.8738873087867236,0.171987,False
2023-03-06,2022Q4,0.43424309166305247,0.2935803390082665,0.14066275265478595,115,0.8738873087867236,0.1719105,False
2023-03-07,2022Q4,0.4664607029603507,0.30480748018309706,0.16165322277725364,115,0.8738873087867236,0.183901,False
2023-03-08,2022Q4,0.4361730253142466,0.3058957087259896,0.13027731658825703,115,0.8738873087867236,0.1773635,False
2023-03-09,2022Q4,0.5053443371608107,0.3250776294967509,0.18026670766405983,115,0.8738873087867236,0.20841300000000001,False
2023-03-10,2022Q4,0.4958633056859386,0.32346462069791027,0.17239868498802835,115,0.8738873087867236,0.221912,False
2023-03-13,2022Q4,0.53397203637677,0.3200786054114746,0.21389343096529545,140,0.9463063272056547,0.238628,False
2023-03-14,2022Q4,0.4843864699129727,0.33614272319819005,0.14824374671478263,140,0.9463063272056547,0.2097855,False
2023-03-15,2022Q4,0.47484215255006834,0.3081438778823544,0.16669827466771392,140,0.9463063272056547,0.2241535,False
2023-03-16,2022Q4,0.45537089405443676,0.3251480776643574,0.13022281639007938,140,0.9463063272056547,0.1999485,False
2023-03-17,2022Q4,0.49566943787523426,0.3443410306479327,0.15132840722730156,140,0.9463063272056547,0.224846,False
2023-03-20,2022Q4,0.4760023287277026,0.3576538430500845,0.11834848567761808,140,0.9463063272056547,0.209707,False
2023-03-21,2022Q4,0.4426960904742638,0.3661695752658422,0.07652651520842157,140,0.9463063272056547,0.190084,False
2023-03-22,2022Q4,0.46498708622883456,0.3738878454457669,0.09109924078306764,140,0.9463063272056547,0.2022255,False
2023-03-23,2022Q4,0.44089139474147304,0.37287217621189583,0.06801921852957721,140,0.9463063272056547,0.2021445,False
2023-03-24,2022Q4,0.4172869777715988,0.3719261873565887,0.045360790415010066,140,0.9463063272056547,0.1939145,False
2023-03-27,2022Q4,0.3690863312058923,0.36955239616476365,-0.00046606495887135946,140,0.9463063272056547,0.18635,False
2023-03-28,2022Q4,0.3626094493878173,0.35815084588834906,0.00445860349946825,140,0.9463063272056547,0.18284050000000002,False
2023-03-29,2022Q4,0.3490240839308909,0.3756404231096889,-0.02661633917879802,140,0.9463063272056547,0.171854,False
2023-03-30,2022Q4,0.3272773735283108,0.38247247188879546,-0.05519509836048464,140,0.9463063272056547,0.16605,False
2023-03-31,2022Q4,0.33784542047498994,0.3848161203314884,-0.04697069985649843,140,0.9463063272056547,0.16254449999999998,False
2023-04-03,2023Q1,0.2973620111428715,0.3927524563885022,-0.09539044524563073,112,0.8672008871413337,0.1663105,False
2023-04-04,2023Q1,0.29542384608178013,0.36220748271430664,-0.06678363663252651,112,0.8672008871413337,0.16972900000000002,False
2023-04-05,2023Q1,0.2905437446783914,0.3508761228284586,-0.0603323781500672,112,0.8672008871413337,0.17045949999999999,False
2023-04-06,2023Q1,0.2748263270805261,0.3606970041083701,-0.08587067702784396,112,0.8672008871413337,0.164293,False
2023-04-10,2023Q1,0.2874931907102908,0.3484894962408032,-0.06099630553051244,141,0.9449036307646985,0.168153,False
2023-04-11,2023Q1,0.2989312510562453,0.3476022789627273,-0.04867102790648198,141,0.9449036307646985,0.169773,False
2023-04-12,2023Q1,0.2978334159921049,0.34970275032897846,-0.051869334336873574,141,0.9449036307646985,0.169743,False
2023-04-13,2023Q1,0.26692604318030183,0.3592701079800678,-0.09234406479976598,141,0.9449036307646985,0.155668,False
2023-04-14,2023Q1,0.25534617240766994,0.3592836359886944,-0.10393746358102446,140,0.9423065896663353,0.149049,False
2023-04-17,2023Q1,0.2523080272624039,0.34057069848260235,-0.08826267122019843,140,0.9423065896663353,0.145289,False
2023-04-18,2023Q1,0.2486255910563611,0.3424396640824433,-0.09381407302608222,140,0.9423065896663353,0.142094,False
2023-04-19,2023Q1,0.2509746684759275,0.3115542309676906,-0.060579562491763106,140,0.9423065896663353,0.141172,False
2023-04-20,2023Q1,0.267814194800791,0.3128001079262047,-0.04498591312541372,140,0.9423065896663353,0.14783649999999998,False
2023-04-21,2023Q1,0.267173454908942,0.2763666880228838,-0.009193233113941768,141,0.9449036307646985,0.1430885,False
2023-04-24,2023Q1,0.26285678904757176,0.25730578426973366,0.005551004777838098,141,0.9449036307646985,0.1426965,False
2023-04-25,2023Q1,0.3318253359548159,0.2934228676859177,0.038402468268898204,141,0.9449036307646985,0.17063499999999998,False
2023-04-26,2023Q1,0.33561205044416426,0.24622327367404326,0.089388776770121,141,0.9449036307646985,0.16789749999999998,False
2023-04-27,2023Q1,0.2767371550503907,0.27391152940646435,0.002825625643926355,141,0.9449036307646985,0.1436385,False
2023-04-28,2023Q1,0.2727977668784583,0.24971512416424782,0.023082642714210483,141,0.9449036307646985,0.13187100000000002,False
2023-05-01,2023Q1,0.2715157556713366,0.24375838459644694,0.02775737107488968,111,0.8646582941593877,0.134613,False
2023-05-02,2023Q1,0.31065632610681454,0.2586166821280477,0.052039643978766814,111,0.8646582941593877,0.1514455,False
2023-05-03,2023Q1,0.33741706816690586,0.2480231223963111,0.08939394577059476,111,0.8646582941593877,0.16088950000000002,False
2023-05-04,2023Q1,0.3474227439218996,0.22873908983850283,0.11868365408339676,111,0.8646582941593877,0.1729715,False
2023-05-05,2023Q1,0.31045761085268264,0.26365144568025217,0.04680616517243047,111,0.8646582941593877,0.142149,False
2023-05-08,2023Q1,0.31161954151920845,0.26222955175984203,0.049389989759366426,141,0.9449036307646985,0.1431905,False
2023-05-09,2023Q1,0.33594052382051615,0.2714717059770057,0.06446881784351044,141,0.9449036307646985,0.1502595,False
2023-05-10,2023Q1,0.3088599798776988,0.2687470724890969,0.040112907388601904,141,0.9449036307646985,0.139797,False
2023-05-11,2023Q1,0.3013768917537494,0.24977660424233142,0.05160028751141796,141,0.9449036307646985,0.13863,False
2023-05-12,2023Q1,0.3000608485426315,0.2477047788419388,0.052356069700692676,141,0.9449036307646985,0.135968,False
2023-05-15,2023Q1,0.2932717869399546,0.22584882808295922,0.06742295885699537,141,0.9449036307646985,0.137442,False
2023-05-16,2023Q1,0.3324047591683156,0.2320489182911134,0.10035584087720217,141,0.9449036307646985,0.148279,False
2023-05-17,2023Q1,0.30036353218977224,0.24323431448215913,0.05712921770761312,141,0.9449036307646985,0.13452,False
2023-05-18,2023Q1,0.28060523206110555,0.25561485565722575,0.0249903764038798,141,0.9449036307646985,0.127975,False
2023-05-19,2023Q1,0.307256594021985,0.2561465897820006,0.05111000423998441,141,0.9449036307646985,0.13375399999999998,False
2023-05-22,2023Q1,0.3127429160282436,0.25262894173438477,0.06011397429385884,141,0.9449036307646985,0.1360825,False
2023-05-23,2023Q1,0.33733235749496654,0.262399540191095,0.07493281730387152,141,0.9449036307646985,0.148681,False
2023-05-24,2023Q1,0.3720385159394262,0.2636913156625491,0.10834720027687711,141,0.9449036307646985,0.162796,False
2023-05-25,2023Q1,0.31288423224503076,0.22113283524478902,0.09175139700024174,141,0.9449036307646985,0.150613,False
2023-05-26,2023Q1,0.27268976017425495,0.2373576976306696,0.03533206254358534,141,0.9449036307646985,0.139297,False
2023-05-30,2023Q1,0.25056264304347353,0.2382838002813641,0.012278842762109443,112,0.8665442334397802,0.1396115,False
2023-05-31,2023Q1,0.2464653467057809,0.23881318353893452,0.007652163166846387,112,0.8665442334397802,0.13849299999999998,False
2023-06-01,2023Q1,0.2188006224431415,0.24905850660775083,-0.03025788416460934,112,0.8665442334397802,0.1242545,False
2023-06-02,2023Q1,0.21504245964083263,0.2532312161164879,-0.03818875647565528,112,0.8665442334397802,0.1165705,False
2023-06-05,2023Q1,0.2373470457298878,0.2563820332315265,-0.019034987501638678,112,0.8665442334397802,0.11928,False
2023-06-06,2023Q1,0.2288730212232634,0.2547816207752677,-0.025908599552004336,112,0.8665442334397802,0.112903,False
2023-06-07,2023Q1,0.213503283445278,0.2245653225076162,-0.011062039062338214,112,0.8665442334397802,0.11203199999999999,False
2023-06-08,2023Q1,0.20220531656012725,0.24802820484793925,-0.045822888287812,112,0.8665442334397802,0.1077205,False
2023-06-09,2023Q1,0.20009971957850053,0.2298523270821204,-0.029752607503619855,112,0.8665442334397802,0.1069485,False
2023-06-12,2023Q1,0.23635129963379395,0.23283367404609143,0.003517625587702522,141,0.9449036307646985,0.11727399999999999,False
2023-06-13,2023Q1,0.23869470636279552,0.23695295953398746,0.0017417468288080662,140,0.9420211395488768,0.115416,False
2023-06-14,2023Q1,0.21490797056865488,0.21456517448570225,0.0003427960829526233,141,0.9449036307646985,0.11199500000000001,False
2023-06-15,2023Q1,0.23521492913663597,0.215201190679658,0.02001373845697796,141,0.9449036307646985,0.11657200000000001,False
2023-06-16,2023Q1,0.23124358026247102,0.21220738677586065,0.01903619348661037,141,0.9449036307646985,0.112149,False
2023-06-20,2023Q1,0.2342064685900492,0.1879336014660876,0.046272867123961614,141,0.9449036307646985,0.118837,False
2023-06-21,2023Q1,0.2192299621983663,0.19251609758757654,0.026713864610789756,141,0.9449036307646985,0.1126895,False
2023-06-22,2023Q1,0.2054232007193577,0.1840549328199447,0.021368267899413013,141,0.9449036307646985,0.107297,False
2023-06-23,2023Q1,0.2165087736203505,0.1970366284906604,0.019472145129690116,141,0.9449036307646985,0.1098555,False
2023-06-26,2023Q1,0.19233729479795453,0.20054223674560911,-0.008204941947654587,141,0.9449036307646985,0.116955,False
2023-06-27,2023Q1,0.190218572218781,0.2043163064232355,-0.01409773420445451,141,0.9449036307646985,0.11431,False
2023-06-28,2023Q1,0.17724680935978873,0.2046484562267483,-0.02740164686695956,141,0.9449036307646985,0.111544,False
2023-06-29,2023Q1,0.17721851004471936,0.20241106352445673,-0.025192553479737367,138,0.9391581908272119,0.11085249999999999,False
2023-06-30,2023Q1,0.18129981916272592,0.20283893889700236,-0.02153911973427644,139,0.9402524013537721,0.107394,False
2023-07-03,2023Q2,0.1549799470619445,0.21364812789757293,-0.058668180835628414,113,0.8700951553743901,0.1112065,False
2023-07-05,2023Q2,0.16345297812188042,0.21373396809981704,-0.05028098997793662,113,0.8700951553743901,0.1172725,False
2023-07-06,2023Q2,0.1754470843042448,0.22844625257322995,-0.05299916826898515,113,0.8700951553743901,0.124141,False
2023-07-07,2023Q2,0.1648504762308263,0.218236334708816,-0.05338585847798971,113,0.8700951553743901,0.120479,False
2023-07-10,2023Q2,0.17842869850395338,0.20213036092410772,-0.02370166242015434,141,0.9427087535939169,0.123695,False
2023-07-11,2023Q2,0.1739653422005121,0.22927957790902964,-0.05531423570851754,141,0.9427087535939169,0.1214845,False
2023-07-12,2023Q2,0.14439703383040725,0.21517525768380125,-0.070778223853394,141,0.9427087535939169,0.1107245,False
2023-07-13,2023Q2,0.13865049526650522,0.2204203993653028,-0.08176990409879759,141,0.9427087535939169,0.111122,False
2023-07-14,2023Q2,0.13364566262641955,0.21375559417486178,-0.08010993154844223,141,0.9427087535939169,0.109653,False
2023-07-17,2023Q2,0.13788888264002713,0.20273438850615577,-0.06484550586612864,141,0.9427087535939169,0.112442,False
2023-07-18,2023Q2,0.1326411290973505,0.1888135587764852,-0.05617242967913469,141,0.9427087535939169,0.112302,False
2023-07-19,2023Q2,0.1359170890779062,0.18592288084109249,-0.050005791763186286,141,0.9427087535939169,0.114951,False
2023-07-20,2023Q2,0.14147626760987322,0.1826752147325702,-0.04119894712269698,141,0.9427087535939169,0.1154385,False
2023-07-21,2023Q2,0.13949164178590462,0.17877121193058357,-0.03927957014467895,141,0.9427087535939169,0.1119435,False
2023-07-24,2023Q2,0.14063182701027224,0.17399670578995896,-0.03336487877968672,141,0.9427087535939169,0.11425650000000001,False
2023-07-25,2023Q2,0.14230174614911845,0.17296799132053856,-0.03066624517142011,141,0.9427087535939169,0.11518700000000001,False
2023-07-26,2023Q2,0.14471086968640437,0.15345674355705058,-0.00874587387064621,141,0.9427087535939169,0.10848949999999999,False
2023-07-27,2023Q2,0.17160087584058242,0.15400004362042213,0.01760083222016029,141,0.9427087535939169,0.11686450000000001,False
2023-07-28,2023Q2,0.16239151587343062,0.1694563321116628,-0.0070648162382321855,140,0.9404347331532948,0.10902200000000001,False
2023-07-31,2023Q2,0.16294992078600518,0.16338403557766593,-0.0004341147916607502,114,0.8750318965894414,0.1137745,False
2023-08-01,2023Q2,0.1695395931163659,0.16112675419590394,0.008412838920461962,114,0.8750318965894414,0.11620749999999999,False
2023-08-02,2023Q2,0.20435009938666449,0.19369786879895506,0.010652230587709421,114,0.8750318965894414,0.1319755,False
2023-08-03,2023Q2,0.2104071055334275,0.1854377486132057,0.024969356920221814,114,0.8750318965894414,0.1346945,False
2023-08-04,2023Q2,0.2534013629999697,0.16567629476019977,0.08772506823976992,114,0.8750318965894414,0.138614,False
2023-08-07,2023Q2,0.2357233729667482,0.153079624849547,0.08264374811720118,141,0.9427087535939169,0.12687099999999998,False
2023-08-08,2023Q2,0.24446825772065373,0.1442681109127725,0.10020014680788122,141,0.9427087535939169,0.13126700000000002,False
2023-08-09,2023Q2,0.25517698953534296,0.14214189716180423,0.11303509237353873,141,0.9427087535939169,0.1360015,False
2023-08-10,2023Q2,0.2580272623996113,0.1434753234516349,0.11455193894797641,141,0.9427087535939169,0.13345849999999998,False
2023-08-11,2023Q2,0.2481121800544116,0.14298733730376667,0.10512484275064493,141,0.9427087535939169,0.127438,False
2023-08-14,2023Q2,0.2230362336014048,0.12862888341523898,0.0944073501861658,141,0.9427087535939169,0.122996,False
2023-08-15,2023Q2,0.25854347561257973,0.1448135463679831,0.11372992924459663,141,0.9427087535939169,0.1364285,False
2023-08-16,2023Q2,0.2766491409732223,0.1511842256059706,0.12546491536725168,141,0.9427087535939169,0.1424045,False
2023-08-17,2023Q2,0.30687053468409387,0.14908217708956958,0.15778835759452428,141,0.9427087535939169,0.1509325,False
2023-08-18,2023Q2,0.28313386551274733,0.14767101595414853,0.1354628495585988,141,0.9427087535939169,0.14319700000000002,False
2023-08-21,2023Q2,0.29216160299173893,0.15489708378008696,0.13726451921165198,141,0.9427087535939169,0.1431885,False
2023-08-22,2023Q2,0.2914438398057004,0.15250176887003172,0.13894207093566865,141,0.9427087535939169,0.1441865,False
2023-08-23,2023Q2,0.261016150656617,0.1606145357144987,0.10040161494211827,141,0.9427087535939169,0.1335385,False
2023-08-24,2023Q2,0.31869759910372797,0.17630719488857843,0.14239040421514954,141,0.9427087535939169,0.145373,False
2023-08-25,2023Q2,0.29870773727763184,0.18791740106539165,0.11079033621224019,141,0.9427087535939169,0.1319415,False
2023-08-28,2023Q2,0.27134062474686876,0.2030462300492163,0.06829439469765247,115,0.8776315746692662,0.129295,False
2023-08-29,2023Q2,0.2590847439206455,0.23191107212813905,0.02717367179250646,115,0.8776315746692662,0.121693,False
2023-08-30,2023Q2,0.24000959928613352,0.2369660444237541,0.0030435548623794217,115,0.8776315746692662,0.1149735,False
2023-08-31,2023Q2,0.2387477963004058,0.24647458617539258,-0.007726789874986789,115,0.8776315746692662,0.113172,False
2023-09-01,2023Q2,0.23010595056561767,0.2457468458395721,-0.01564089527395443,115,0.8776315746692662,0.10724900000000001,False
2023-09-05,2023Q2,0.25005082195530604,0.2402343262449256,0.00981649571038043,115,0.8776315746692662,0.1180465,False
2023-09-06,2023Q2,0.2573935595997191,0.24557571309316004,0.011817846506559065,115,0.8776315746692662,0.12203649999999999,False
2023-09-07,2023Q2,0.25611241058568013,0.26104921214855387,-0.004936801562873738,115,0.8776315746692662,0.124439,False
2023-09-08,2023Q2,0.25130346201426346,0.2685131359637242,-0.01720967394946077,115,0.8776315746692662,0.1183105,False
2023-09-11,2023Q2,0.2530253992686005,0.2536638816526508,-0.0006384823840502873,141,0.9427087535939169,0.1175315,False
2023-09-12,2023Q2,0.27132925514788697,0.25118989113161305,0.02013936401627392,141,0.9427087535939169,0.12179799999999999,False
2023-09-13,2023Q2,0.24720905364679271,0.2513275464981757,-0.0041184928513829655,140,0.9400498894734995,0.1148535,False
2023-09-14,2023Q2,0.22258922032273168,0.23360944196622063,-0.011020221643488953,141,0.9427087535939169,0.1050185,False
2023-09-15,2023Q2,0.2599158162833638,0.25327014909486806,0.006645667188495741,141,0.9427087535939169,0.114814,False
2023-09-18,2023Q2,0.26271121914047385,0.2763417131752036,-0.013630494034729768,141,0.9427087535939169,0.1194525,False
2023-09-19,2023Q2,0.2619142531099853,0.27528791509141814,-0.01337366198143286,141,0.9427087535939169,0.121018,False
2023-09-20,2023Q2,0.28539918113472584,0.2964411297505226,-0.01104194861579677,141,0.9427087535939169,0.129701,False
2023-09-21,2023Q2,0.32403107218474037,0.31733567685539615,0.0066953953293442114,141,0.9427087535939169,0.148093,False
2023-09-22,2023Q2,0.33136779847099346,0.31538337164907343,0.015984426821920028,141,0.9427087535939169,0.148802,False
2023-09-25,2023Q2,0.2703418152948914,0.32173841736523634,-0.051396602070344966,141,0.9427087535939169,0.146399,False
2023-09-26,2023Q2,0.31489462490540365,0.3402457931672068,-0.02535116826180317,141,0.9427087535939169,0.1660675,False
2023-09-27,2023Q2,0.294551264504948,0.32707480299966113,-0.03252353849471312,141,0.9427087535939169,0.1605725,False
2023-09-28,2023Q2,0.2763946413772377,0.3253670726318296,-0.04897243125459194,141,0.9427087535939169,0.151569,False
2023-09-29,2023Q2,0.2996143167481214,0.3216208127386787,-0.022006495990557318,141,0.9427087535939169,0.1542965,False
2023-10-02,2023Q3,0.2711900975559703,0.31142377241933894,-0.04023367486336865,116,0.873562687362717,0.15893000000000002,False
2023-10-03,2023Q3,0.2935079070762561,0.33260152767977424,-0.03909362060351812,116,0.873562687362717,0.1771605,False
2023-10-04,2023Q3,0.2704955830214582,0.3374171404754933,-0.06692155745403511,116,0.873562687362717,0.1654405,False
2023-10-05,2023Q3,0.2600691780783589,0.31707762079026003,-0.05700844271190114,117,0.8797748700539932,0.16334949999999998,False
2023-10-06,2023Q3,0.2506235689176352,0.30699822654338793,-0.05637465762575272,117,0.8797748700539932,0.15535749999999998,False
2023-10-09,2023Q3,0.2560100805422576,0.30294258866123835,-0.046932508118980754,140,0.9384016699412202,0.154499,False
2023-10-10,2023Q3,0.24110435518451598,0.29868697460022486,-0.057582619415708886,140,0.9384016699412202,0.14695249999999999,False
2023-10-11,2023Q3,0.21678558028391406,0.26280230260849513,-0.046016722324581066,140,0.9384016699412202,0.1392085,False
2023-10-12,2023Q3,0.2240484657531692,0.25850969158451176,-0.03446122583134256,140,0.9384016699412202,0.14282899999999998,False
2023-10-13,2023Q3,0.2551539105032603,0.2561509510695665,-0.0009970405663061732,140,0.9384016699412202,0.1587285,False
2023-10-16,2023Q3,0.23576289661544758,0.2756505055004253,-0.03988760888497772,140,0.9384016699412202,0.146123,False
2023-10-17,2023Q3,0.24966479475192382,0.2774597816921018,-0.027794986940177957,140,0.9384016699412202,0.14988800000000002,False
2023-10-18,2023Q3,0.27329244978542244,0.2856258088569354,-0.01233335907151295,140,0.9384016699412202,0.16568850000000002,False
2023-10-19,2023Q3,0.30751606718897584,0.2863641073252984,0.02115195986367746,140,0.9384016699412202,0.177237,False
2023-10-20,2023Q3,0.3200431584601248,0.29926868910047133,0.02077446935965349,140,0.9384016699412202,0.183838,False
2023-10-23,2023Q3,0.304683816049114,0.29049319034414317,0.014190625704970816,140,0.9384016699412202,0.17657899999999999,False
2023-10-24,2023Q3,0.28112911469391955,0.3033921882617823,-0.02226307356786278,140,0.9384016699412202,0.165008,False
2023-10-25,2023Q3,0.3177324596344475,0.29238380476301895,0.025348654871428566,140,0.9384016699412202,0.17843399999999998,False
2023-10-26,2023Q3,0.3305829949623057,0.28019795868885905,0.05038503627344665,140,0.9384016699412202,0.183963,False
2023-10-27,2023Q3,0.3649868368423253,0.2551381840090103,0.10984865283331502,140,0.9384016699412202,0.185948,False
2023-10-30,2023Q3,0.33868313835681385,0.27578762375000176,0.06289551460681209,118,0.8817684259308866,0.1744705,False
2023-10-31,2023Q3,0.3060942892362496,0.2784106651758469,0.0276836240604027,118,0.8817684259308866,0.159916,False
2023-11-01,2023Q3,0.29265099365625397,0.28643283121728114,0.00621816243897283,118,0.8817684259308866,0.148578,False
2023-11-02,2023Q3,0.2754410304860549,0.29367020450488396,-0.018229174018829064,118,0.8817684259308866,0.134517,False
2023-11-03,2023Q3,0.2726880032565809,0.29396170774545644,-0.021273704488875556,118,0.8817684259308866,0.12667699999999998,False
2023-11-06,2023Q3,0.2767580442537025,0.2895029770111921,-0.012744932757489613,140,0.9384016699412202,0.12749,False
2023-11-07,2023Q3,0.27559321896392414,0.26663444485622995,0.00895877410769419,140,0.9384016699412202,0.1266945,False
2023-11-08,2023Q3,0.2583953590941969,0.26916175128703757,-0.010766392192840646,140,0.9384016699412202,0.122805,False
2023-11-09,2023Q3,0.28053201217306484,0.27420028242632294,0.006331729746741899,140,0.9384016699412202,0.1309385,False
2023-11-10,2023Q3,0.23735216680559637,0.2938872607416981,-0.056535093936101705,139,0.9360948813785432,0.11794650000000001,False
2023-11-13,2023Q3,0.26085443418789234,0.29594730650084716,-0.035092872312954826,140,0.9384016699412202,0.1263225,False
2023-11-14,2023Q3,0.2402526693593103,0.29239878860885277,-0.05214611924954246,140,0.9384016699412202,0.11730650000000001,False
2023-11-15,2023Q3,0.2321296703118651,0.2873476762750786,-0.05521800596321352,140,0.9384016699412202,0.116036,False
2023-11-16,2023Q3,0.22042107839270256,0.27926997444235147,-0.05884889604964891,140,0.9384016699412202,0.11317150000000001,False
2023-11-17,2023Q3,0.21909834512819767,0.2707946081803766,-0.05169626305217892,140,0.9384016699412202,0.111095,False
2023-11-20,2023Q3,0.22559967477557574,0.27686027343481256,-0.05126059865923682,139,0.9362705170919672,0.10967099999999999,False
2023-11-21,2023Q3,0.2319605003870859,0.2753667960326516,-0.04340629564556567,140,0.9384016699412202,0.109777,False
2023-11-22,2023Q3,0.24276818661179017,0.2801216029000939,-0.03735341628830374,140,0.9384016699412202,0.106078,False
2023-11-24,2023Q3,0.23689328416027475,0.28152113406175594,-0.04462784990148119,140,0.9384016699412202,0.103738,False
2023-11-27,2023Q3,0.23638565780524454,0.2910603623613955,-0.05467470455615095,119,0.8879297935196061,0.1044485,False
2023-11-28,2023Q3,0.2404385136485729,0.28372808578651443,-0.04328957213794152,119,0.8879297935196061,0.104262,False
2023-11-29,2023Q3,0.25091658117307325,0.2840137979148622,-0.03309721674178895,119,0.8879297935196061,0.107668,False
2023-11-30,2023Q3,0.26047866285080296,0.2662180938447056,-0.005739430993902617,119,0.8879297935196061,0.10799249999999999,False
2023-12-01,2023Q3,0.2615891447285086,0.26634053791267653,-0.004751393184167951,119,0.8879297935196061,0.1075045,False
2023-12-04,2023Q3,0.2545862313560626,0.2521733474661021,0.0024128838899605265,119,0.8879297935196061,0.111871,False
2023-12-05,2023Q3,0.2515159589310502,0.24985031362248722,0.0016656453085630019,119,0.8879297935196061,0.1115515,False
2023-12-06,2023Q3,0.2605813331799373,0.2561826453826558,0.004398687797281531,119,0.8879297935196061,0.113496,False
2023-12-07,2023Q3,0.2638511797136565,0.248262773438206,0.015588406275450523,119,0.8879297935196061,0.11335,False
2023-12-08,2023Q3,0.2509613492534535,0.21805747342753032,0.03290387582592316,119,0.8879297935196061,0.1063145,False
2023-12-11,2023Q3,0.25009004885626746,0.2170396028804021,0.033050445975865345,140,0.9384016699412202,0.11096249999999999,False
2023-12-12,2023Q3,0.22401454445051716,0.20540545834008772,0.01860908611042944,140,0.9384016699412202,0.102302,False
2023-12-13,2023Q3,0.22266990396590983,0.21189651141218582,0.010773392553724004,140,0.9384016699412202,0.1013125,False
2023-12-14,2023Q3,0.19822629795922017,0.18943067442130257,0.008795623537917602,140,0.9384016699412202,0.100416,False
2023-12-15,2023Q3,0.21202033470502438,0.1543434522403762,0.057676882464648166,140,0.9384016699412202,0.1016645,False
2023-12-18,2023Q3,0.22983560690764276,0.15129420725703252,0.07854139965061024,140,0.9384016699412202,0.10611200000000001,False
2023-12-19,2023Q3,0.23056192264108924,0.15423102542809597,0.07633089721299327,140,0.9384016699412202,0.106322,False
2023-12-20,2023Q3,0.24647835418313419,0.19680855238022493,0.04966980180290925,140,0.9384016699412202,0.11471049999999999,False
2023-12-21,2023Q3,0.24902589639091968,0.20591282101753716,0.04311307537338252,140,0.9384016699412202,0.11407400000000001,False
2023-12-22,2023Q3,0.2504250789795384,0.18990565035387652,0.0605194286256619,140,0.9384016699412202,0.1110285,False
2023-12-26,2023Q3,0.2031983778933575,0.16515275620845457,0.03804562168490294,140,0.9384016699412202,0.110962,False
2023-12-27,2023Q3,0.18686133590402987,0.16786666740933476,0.01899466849469511,140,0.9384016699412202,0.10448650000000001,False
2023-12-28,2023Q3,0.19292814136135225,0.13471681437924915,0.0582113269821031,140,0.9384016699412202,0.104829,False
2023-12-29,2023Q3,0.19830165187659748,0.14243417582144247,0.05586747605515502,140,0.9384016699412202,0.1042455,False
2024-01-02,2023Q4,0.15196582089603777,0.1570168805787537,-0.005051059682715936,118,0.8868439842439149,0.110943,False
2024-01-03,2023Q4,0.1836997952273142,0.1657270329448881,0.017972762282426086,118,0.8868439842439149,0.1212535,False
2024-01-04,2023Q4,0.18252217087994754,0.161571774066247,0.020950396813700534,118,0.8868439842439149,0.12149499999999999,False
2024-01-05,2023Q4,0.17388205935046694,0.16162987051574515,0.012252188834721789,118,0.8868439842439149,0.117076,False
2024-01-08,2023Q4,0.16170974291206192,0.19071234999155362,-0.029002607079491705,142,0.9430042307581575,0.11201749999999999,False
2024-01-09,2023Q4,0.15536677613178046,0.1880103478322766,-0.03264357170049614,142,0.9430042307581575,0.10963200000000001,False
2024-01-10,2023Q4,0.15032158926006675,0.18604591427888376,-0.035724325018817005,142,0.9430042307581575,0.1084185,False
2024-01-11,2023Q4,0.13779888702629162,0.18738593615257673,-0.049587049126285115,142,0.9430042307581575,0.10443949999999999,False
2024-01-12,2023Q4,0.14484582829772222,0.18594353496291588,-0.04109770666519366,142,0.9430042307581575,0.10532150000000001,False
2024-01-16,2023Q4,0.17579156356210662,0.18973439725854613,-0.013942833696439505,142,0.9430042307581575,0.11741,False
2024-01-17,2023Q4,0.18779949008950397,0.19908171582685866,-0.011282225737354684,142,0.9430042307581575,0.12311249999999999,False
2024-01-18,2023Q4,0.1751900837921374,0.1963184105185314,-0.021128326726394003,142,0.9430042307581575,0.11861,False
2024-01-19,2023Q4,0.1533381339108297,0.2182992874457482,-0.06496115353491849,142,0.9430042307581575,0.110926,False
2024-01-22,2023Q4,0.143479726248914,0.21098149079497275,-0.06750176454605875,142,0.9430042307581575,0.108992,False
2024-01-23,2023Q4,0.13519531505938942,0.2059278643388711,-0.0707325492794817,142,0.9430042307581575,0.1044905,False
2024-01-24,2023Q4,0.13940793993388442,0.20030460926096788,-0.06089666932708346,142,0.9430042307581575,0.1071955,False
2024-01-25,2023Q4,0.14332088850736888,0.19688552250915764,-0.05356463400178876,142,0.9430042307581575,0.109426,False
2024-01-26,2023Q4,0.14489761972874082,0.19793364823401857,-0.05303602850527775,142,0.9430042307581575,0.10807800000000001,False
2024-01-29,2023Q4,0.14952265980069535,0.1916681826969411,-0.04214552289624576,116,0.8780039398178635,0.1111505,False
2024-01-30,2023Q4,0.13634847397265387,0.2135711624978902,-0.07722268852523634,116,0.8780039398178635,0.11014850000000001,False
2024-01-31,2023Q4,0.1890722881609515,0.25028093854098166,-0.06120865038003015,116,0.8780039398178635,0.1206895,False
2024-02-01,2023Q4,0.1754595782014422,0.2619724230904987,-0.08651284488905647,116,0.8780039398178635,0.11299899999999999,False
2024-02-02,2023Q4,0.19139971872729222,0.2489904522139913,-0.057590733486699075,116,0.8780039398178635,0.10977200000000001,False
2024-02-05,2023Q4,0.18517624221651102,0.2097474266275374,-0.024571184411026376,142,0.9430042307581575,0.11115449999999999,False
2024-02-06,2023Q4,0.18331731855762473,0.1946477198569393,-0.011330401299314563,142,0.9430042307581575,0.10786950000000001,False
2024-02-07,2023Q4,0.18458782657277634,0.1980325308465492,-0.013444704273772867,142,0.9430042307581575,0.1061265,False
2024-02-08,2023Q4,0.17928431331501338,0.19337041517499676,-0.01408610185998338,141,0.9407226316004919,0.1049155,False
2024-02-09,2023Q4,0.18237352489469985,0.19311775749579568,-0.010744232601095832,142,0.9430042307581575,0.1055245,False
2024-02-12,2023Q4,0.174680040697085,0.19226492021732114,-0.01758487952023613,141,0.9407226316004919,0.1096985,False
2024-02-13,2023Q4,0.18825123528086496,0.21219505577040254,-0.02394382048953758,142,0.9430042307581575,0.117441,False
2024-02-14,2023Q4,0.1766655492366314,0.22105675990629947,-0.044391210669668085,142,0.9430042307581575,0.110481,False
2024-02-15,2023Q4,0.16973534430893975,0.20668340275527078,-0.036948058446331034,141,0.9407226316004919,0.109974,False
2024-02-16,2023Q4,0.1737928004262852,0.20680965407755358,-0.033016853651268385,141,0.9407226316004919,0.1117965,False
2024-02-20,2023Q4,0.20568286121555765,0.20821230099115262,-0.0025294397755949716,141,0.9407226316004919,0.1228455,False
2024-02-21,2023Q4,0.20880593821264268,0.18439569429005928,0.024410243922583397,141,0.9407226316004919,0.1217365,False
2024-02-22,2023Q4,0.21835117812379437,0.21416318663592554,0.004187991487868831,141,0.9407226316004919,0.1172365,False
2024-02-23,2023Q4,0.2064886808573855,0.21422517811952219,-0.007736497262136682,140,0.9389132598446303,0.11167,False
2024-02-26,2023Q4,0.19403067484254316,0.21593451430731314,-0.02190383946476998,117,0.8842603442812583,0.1123445,False
2024-02-27,2023Q4,0.18782899353361476,0.21696741931760527,-0.029138425783990507,117,0.8842603442812583,0.109406,False
2024-02-28,2023Q4,0.1904576372743263,0.22014420201336155,-0.02968656473903525,117,0.8842603442812583,0.1109585,False
2024-02-29,2023Q4,0.20237905224340952,0.2124451436576926,-0.01006609141428308,117,0.8842603442812583,0.111355,False
2024-03-01,2023Q4,0.18340815214363307,0.2113172936780886,-0.027909141534455534,117,0.8842603442812583,0.108194,False
2024-03-04,2023Q4,0.18254396430477518,0.19542116216511063,-0.012877197860335449,117,0.8842603442812583,0.113153,False
2024-03-05,2023Q4,0.19432278306216388,0.20951102309764505,-0.015188240035481165,117,0.8842603442812583,0.120559,False
2024-03-06,2023Q4,0.1938379856800079,0.2118046514160876,-0.01796666573607969,117,0.8842603442812583,0.1221475,False
2024-03-07,2023Q4,0.18567204206089397,0.22129993233540732,-0.03562789027451335,117,0.8842603442812583,0.122293,False
2024-03-08,2023Q4,0.19799817455313745,0.23098884625983124,-0.032990671706693786,117,0.8842603442812583,0.123906,False
2024-03-11,2023Q4,0.2278768286731001,0.22413352335985426,0.0037433053132458483,142,0.9430042307581575,0.1283955,False
2024-03-12,2023Q4,0.19760705860554356,0.22513560778481087,-0.02752854917926731,142,0.9430042307581575,0.1171365,False
2024-03-13,2023Q4,0.18735740303969228,0.2273410704744409,-0.039983667434748627,142,0.9430042307581575,0.11522,False
2024-03-14,2023Q4,0.2073082041685809,0.1945895102504644,0.012718693918116503,142,0.9430042307581575,0.11949950000000001,False
2024-03-15,2023Q4,0.22848759277362496,0.19096952884138063,0.03751806393224433,142,0.9430042307581575,0.1246275,False
2024-03-18,2023Q4,0.2212660886081202,0.19733333621223442,0.02393275239588577,142,0.9430042307581575,0.123477,False
2024-03-19,2023Q4,0.23134020446163206,0.2036698323265114,0.027670372135120663,142,0.9430042307581575,0.119335,False
2024-03-20,2023Q4,0.21140001237237535,0.21263408347064738,-0.0012340710982720327,142,0.9430042307581575,0.111071,False
2024-03-21,2023Q4,0.18672570738910704,0.19845793374550685,-0.01173222635639981,142,0.9430042307581575,0.108012,False
2024-03-22,2023Q4,0.18879103763065083,0.19957582042932534,-0.010784782798674508,142,0.9430042307581575,0.1069425,False
2024-03-25,2023Q4,0.15635312608883567,0.1997898146403496,-0.04343668855151392,142,0.9430042307581575,0.11116300000000001,False
2024-03-26,2023Q4,0.15685028680324542,0.19933218110761952,-0.0424818943043741,142,0.9430042307581575,0.11058599999999999,False
2024-03-27,2023Q4,0.14642887642184352,0.17750939835060284,-0.03108052192875932,142,0.9430042307581575,0.1041835,False
2024-03-28,2023Q4,0.1573356740000663,0.17498965950082632,-0.017653985500760028,141,0.9407226316004919,0.10637949999999999,False
2024-04-01,2024Q1,0.11282928033465582,0.1956620281593325,-0.08283274782467669,116,0.876627592331567,0.10892450000000001,False
2024-04-02,2024Q1,0.15382664882114783,0.2008375262144472,-0.04701087739329937,115,0.8713379256677201,0.12361150000000001,False
2024-04-03,2024Q1,0.152855250915037,0.19364674048032943,-0.04079148956529244,115,0.8713379256677201,0.12369850000000002,False
2024-04-04,2024Q1,0.18733985290750702,0.22037475116976374,-0.03303489826225672,116,0.876627592331567,0.140347,False
2024-04-05,2024Q1,0.1817209763360524,0.18099297123966518,0.0007280050963872076,116,0.876627592331567,0.1358075,False
2024-04-08,2024Q1,0.1728058227974468,0.18208072424925414,-0.009274901451807344,142,0.9369006215211418,0.12915100000000002,False
2024-04-09,2024Q1,0.1784529684471483,0.1817845601081952,-0.0033315916610468788,142,0.9369006215211418,0.1295965,False
2024-04-10,2024Q1,0.18630332870459204,0.18892236833691134,-0.0026190396323192977,142,0.9369006215211418,0.1352155,False
2024-04-11,2024Q1,0.16908550354709478,0.19178467486244666,-0.022699171315351874,142,0.9369006215211418,0.12923400000000002,False
2024-04-12,2024Q1,0.2073578114359672,0.2138881838561943,-0.006530372420227082,142,0.9369006215211418,0.148373,False
2024-04-15,2024Q1,0.25213857219705854,0.22506916230005575,0.027069409897002794,142,0.9369006215211418,0.164362,False
2024-04-16,2024Q1,0.24361067965323796,0.23098991710184358,0.012620762551394382,142,0.9369006215211418,0.15989,False
2024-04-17,2024Q1,0.23735450986006873,0.2261842927224188,0.01117021713764993,142,0.9369006215211418,0.159182,False
2024-04-18,2024Q1,0.23912271055371423,0.22590121080014303,0.013221499753571203,142,0.9369006215211418,0.1591035,False
2024-04-19,2024Q1,0.24177421151513798,0.20709951565269172,0.03467469586244626,142,0.9369006215211418,0.16338249999999999,False
2024-04-22,2024Q1,0.1951266807356445,0.21920610296523105,-0.02407942222958656,141,0.9348440946739112,0.14906350000000002,False
2024-04-23,2024Q1,0.17510665253310992,0.24112726021391134,-0.06602060768080142,141,0.9348440946739112,0.1391875,False
2024-04-24,2024Q1,0.17034640493060352,0.21966685935128497,-0.04932045442068145,142,0.9369006215211418,0.13827,False
2024-04-25,2024Q1,0.17612483249518493,0.2086953946410209,-0.03257056214583598,142,0.9369006215211418,0.14351,False
2024-04-26,2024Q1,0.1754223976314971,0.2177325010966322,-0.042310103465135085,141,0.9348440946739112,0.1319775,False
2024-04-29,2024Q1,0.15429846514534598,0.20891590473021557,-0.05461743958486959,115,0.874495242878028,0.126678,False
2024-04-30,2024Q1,0.18526171862446533,0.22370683575569633,-0.038445117131231,115,0.874495242878028,0.13942500000000002,False
2024-05-01,2024Q1,0.20549825029774377,0.21052963390106771,-0.005031383603323947,115,0.874495242878028,0.136873,False
2024-05-02,2024Q1,0.20466911747201255,0.20664658593986587,-0.0019774684678533216,115,0.874495242878028,0.132998,False
2024-05-03,2024Q1,0.18626230554616388,0.22624076041285499,-0.039978454866691104,115,0.874495242878028,0.11946799999999999,False
2024-05-06,2024Q1,0.19065397719935157,0.2364596192861663,-0.04580564208681473,115,0.874495242878028,0.120141,False
2024-05-07,2024Q1,0.18465651819589998,0.23388361661935816,-0.04922709842345818,115,0.874495242878028,0.115789,False
2024-05-08,2024Q1,0.17842854872049804,0.23313574627324946,-0.05470719755275141,115,0.874495242878028,0.11351549999999999,False
2024-05-09,2024Q1,0.1704162157946587,0.2329083896196594,-0.06249217382500069,115,0.874495242878028,0.1092465,False
2024-05-10,2024Q1,0.1755930240301751,0.23157538543025513,-0.05598236140008003,115,0.874495242878028,0.107389,False
2024-05-13,2024Q1,0.20733474236978008,0.23155200633927628,-0.024217263969496194,141,0.9348440946739112,0.1191715,False
2024-05-14,2024Q1,0.20456019140892392,0.22880976191085733,-0.02424957050193341,142,0.9369006215211418,0.11628250000000001,False
2024-05-15,2024Q1,0.1726314742709309,0.2413085926545879,-0.068677118383657,141,0.9348440946739112,0.10666149999999999,False
2024-05-16,2024Q1,0.16789919410474208,0.2208740917227975,-0.05297489761805543,141,0.9348440946739112,0.1048955,False
2024-05-17,2024Q1,0.15612878147206946,0.2127673052256723,-0.05663852375360284,141,0.9350834307044464,0.10079199999999999,False
2024-05-20,2024Q1,0.16380117972437847,0.20977973012405832,-0.04597855039967985,141,0.9350834307044464,0.10022049999999999,False
2024-05-21,2024Q1,0.15543705257631402,0.21100621176071913,-0.05556915918440511,141,0.9350834307044464,0.0972465,False
2024-05-22,2024Q1,0.16030270598995525,0.20517839188637443,-0.04487568589641919,142,0.9369006215211418,0.1003445,False
2024-05-23,2024Q1,0.1870314961246907,0.19352288341843257,-0.006491387293741879,141,0.9348440946739112,0.1026765,False
2024-05-24,2024Q1,0.16961877969325068,0.17358866275434073,-0.003969883061090057,140,0.9330269038572158,0.0943595,False
2024-05-28,2024Q1,0.16835030399702477,0.1491163144016077,0.019233989595417084,142,0.9369006215211418,0.102247,False
2024-05-29,2024Q1,0.19528839079942448,0.15694436953397276,0.03834402126545172,141,0.9346905794714796,0.1122685,False
2024-05-30,2024Q1,0.20322272360210789,0.1512935344277735,0.051929189174334395,142,0.9369006215211418,0.1179905,False
2024-05-31,2024Q1,0.17642737773785586,0.14833460946153937,0.028092768276316488,142,0.9369006215211418,0.10800699999999999,False
2024-06-03,2024Q1,0.18739566293864843,0.1432338977630645,0.04416176517558393,114,0.8683431831619357,0.11182500000000001,False
2024-06-04,2024Q1,0.19616855268927144,0.13902580893920258,0.057142743750068864,114,0.8683431831619357,0.1129345,False
2024-06-05,2024Q1,0.1782677708958835,0.1365492727445986,0.041718498151284894,114,0.8683431831619357,0.107615,False
2024-06-06,2024Q1,0.17134298160160186,0.14066745987250154,0.03067552172910032,114,0.8683431831619357,0.1070245,False
2024-06-07,2024Q1,0.16785799897177323,0.1459826941025776,0.021875304869195616,114,0.8683431831619357,0.104335,False
2024-06-10,2024Q1,0.2012969023008648,0.14061977449432814,0.06067712780653667,142,0.9369006215211418,0.109946,False
2024-06-11,2024Q1,0.19855017524927357,0.13791935682679027,0.0606308184224833,141,0.9348440946739112,0.1099655,False
2024-06-12,2024Q1,0.16129767850203028,0.09995095863470337,0.06134671986732691,142,0.9369006215211418,0.09912750000000001,False
2024-06-13,2024Q1,0.1515504774830491,0.09601707486021473,0.05553340262283436,142,0.9369006215211418,0.098079,False
2024-06-14,2024Q1,0.15861744739508332,0.09081888736062287,0.06779856003446046,142,0.9369006215211418,0.10037850000000001,False
2024-06-17,2024Q1,0.15513384443550665,0.0806779016036056,0.07445594283190105,142,0.9369006215211418,0.104969,False
2024-06-18,2024Q1,0.15004515892240441,0.07097076468679549,0.07907439423560893,142,0.9369006215211418,0.102783,False
2024-06-20,2024Q1,0.16647466416243925,0.0688905225111174,0.09758414165132186,142,0.9369006215211418,0.110149,False
2024-06-21,2024Q1,0.16790796660418156,0.06596260271947126,0.1019453638847103,141,0.9350834307044464,0.10767550000000001,False
2024-06-24,2024Q1,0.15140723097889974,0.06515654778363504,0.0862506831952647,141,0.9350834307044464,0.112644,False
2024-06-25,2024Q1,0.14780005398875598,0.06298652856254522,0.08481352542621076,142,0.9369006215211418,0.1087995,False
2024-06-26,2024Q1,0.13359480164909132,0.060617068800324,0.07297773284876732,141,0.9347314407871391,0.10550899999999999,False
2024-06-27,2024Q1,0.12460327420708903,0.058174955541820055,0.06642831866526897,142,0.9369006215211418,0.10248950000000001,False
2024-06-28,2024Q1,0.12852374455773558,0.045133219338869865,0.08339052521886571,141,0.9347314407871391,0.1035475,False
2024-07-01,2024Q2,0.0771575443030663,0.0443281068496273,0.032829437453439005,113,0.8747535244738049,0.1001405,False
2024-07-02,2024Q2,0.07007668798413386,0.04528505183608514,0.024791636148048718,113,0.8747535244738049,0.09629950000000001,False
2024-07-03,2024Q2,0.07696869497627412,0.04649073322148433,0.03047796175478979,113,0.8747535244738049,0.100596,False
2024-07-05,2024Q2,0.07504787537756681,0.045644376780337434,0.029403498597229377,113,0.8747535244738049,0.1016575,False
2024-07-08,2024Q2,0.08356917259914609,0.04423330127937445,0.03933587131977164,142,0.9397325740849436,0.1028395,False
2024-07-09,2024Q2,0.0818533732837306,0.04894158274992075,0.032911790533809854,142,0.9397325740849436,0.103023,False
2024-07-10,2024Q2,0.08458321841471393,0.05455534680126726,0.030027871613446673,142,0.9397325740849436,0.104854,False
2024-07-11,2024Q2,0.0819457205010182,0.0825711864491171,-0.0006254659480988967,142,0.9397325740849436,0.1070905,False
2024-07-12,2024Q2,0.07233906430942215,0.07539779659391566,-0.0030587322844935066,142,0.9397325740849436,0.10084499999999999,False
2024-07-15,2024Q2,0.09207100837752005,0.0627219966074071,0.029349011770112954,142,0.9397325740849436,0.109206,False
2024-07-16,2024Q2,0.09633897051108574,0.06039186633671664,0.035947104174369096,142,0.9397325740849436,0.1092455,False
2024-07-17,2024Q2,0.10747136269081234,0.09441983223239954,0.0130515304584128,142,0.9397325740849436,0.120224,False
2024-07-18,2024Q2,0.12923151579568964,0.10375229559910501,0.025479220196584634,142,0.9397325740849436,0.129998,False
2024-07-19,2024Q2,0.14320044704065318,0.09712922773990082,0.046071219300752364,142,0.9397325740849436,0.136072,False
2024-07-22,2024Q2,0.13304911093456862,0.1031079970606201,0.029941113873948516,142,0.9397325740849436,0.1257635,False
2024-07-23,2024Q2,0.13535406150037038,0.10138659426957257,0.03396746723079781,141,0.9377265546528648,0.125734,False
2024-07-24,2024Q2,0.20265094984576035,0.16121774070926753,0.041433209136492816,142,0.9397325740849436,0.1538315,False
2024-07-25,2024Q2,0.20764089742848663,0.16883869231079332,0.038802205117693306,142,0.9397325740849436,0.15854400000000002,False
2024-07-26,2024Q2,0.17443320897162184,0.17384705099848238,0.0005861579731394617,141,0.9377265546528648,0.1435435,False
2024-07-29,2024Q2,0.14902993068550294,0.18035455508794712,-0.031324624402444184,114,0.8776896032860244,0.14635399999999998,False
2024-07-30,2024Q2,0.15675928758462931,0.1822283987024139,-0.025469111117784576,114,0.8776896032860244,0.1539925,False
2024-07-31,2024Q2,0.1573386005628957,0.1932712001627395,-0.035932599599843795,114,0.8776896032860244,0.1433125,False
2024-08-01,2024Q2,0.1725657648264365,0.2064152281330746,-0.0338494633066381,114,0.8776896032860244,0.1615,False
2024-08-02,2024Q2,0.24203816486547758,0.22224165717597272,0.01979650768950486,114,0.8776896032860244,0.194696,False
2024-08-05,2024Q2,0.41578675006792687,0.2752688323530175,0.14051791771490935,114,0.8776896032860244,0.27766199999999996,False
2024-08-06,2024Q2,0.3294043341668335,0.2840469542946045,0.04535737987222899,114,0.8776896032860244,0.21338849999999998,False
2024-08-07,2024Q2,0.34584960758869626,0.284947055038347,0.060902552550349265,114,0.8776896032860244,0.22348649999999998,False
2024-08-08,2024Q2,0.2994517725478658,0.32042963637109734,-0.020977863823231524,114,0.8776896032860244,0.189598,False
2024-08-09,2024Q2,0.24738795462780255,0.32395315823720633,-0.07656520360940378,114,0.8776896032860244,0.1681135,False
2024-08-12,2024Q2,0.273163388411017,0.3233833972158347,-0.050220008804817695,142,0.9397325740849436,0.170214,False
2024-08-13,2024Q2,0.22149327009980566,0.34255597270042354,-0.12106270260061788,142,0.9397325740849436,0.1494035,False
2024-08-14,2024Q2,0.18639189612104726,0.3433810741550833,-0.15698917803403603,142,0.9397325740849436,0.134781,False
2024-08-15,2024Q2,0.17207221563561992,0.35481369490286535,-0.18274147926724543,142,0.9397325740849436,0.1242405,False
2024-08-16,2024Q2,0.1646263723844089,0.35992888722085237,-0.19530251483644348,141,0.9377265546528648,0.1216335,False
2024-08-19,2024Q2,0.15168725768280994,0.3643709527302867,-0.21268369504747675,142,0.9397325740849436,0.1166275,False
2024-08-20,2024Q2,0.1621350838055513,0.36514018377145974,-0.20300509996590843,141,0.9377265546528648,0.12422949999999999,False
2024-08-21,2024Q2,0.17268994114807495,0.36187802586143936,-0.1891880847133644,141,0.9377265546528648,0.12620699999999999,False
2024-08-22,2024Q2,0.17336916051261506,0.3687722609086538,-0.19540310039603873,141,0.9377265546528648,0.1352755,False
2024-08-23,2024Q2,0.14848453816862262,0.3723846782164346,-0.223900140047812,140,0.9356279296703347,0.12048400000000001,False
2024-08-26,2024Q2,0.1399842264011328,0.3755114729904164,-0.23552724658928356,142,0.9397325740849436,0.1231035,False
2024-08-27,2024Q2,0.13911270730184583,0.38357909844165367,-0.24446639113980784,141,0.9377265546528648,0.1202985,False
2024-08-28,2024Q2,0.16529078278147838,0.39434739579553424,-0.22905661301405586,140,0.9358943898667346,0.131374,False
2024-08-29,2024Q2,0.18348070687072643,0.39097521857560313,-0.2074945117048767,140,0.9358943898667346,0.1230885,False
2024-08-30,2024Q2,0.165733101271975,0.3948596688635133,-0.22912656759153832,140,0.9358017843162832,0.1101065,False
2024-09-03,2024Q2,0.25254573082417103,0.41703004160444784,-0.1644843107802768,113,0.8748153433080004,0.15478550000000002,False
2024-09-04,2024Q2,0.26977708645803783,0.42254508403202923,-0.1527679975739914,113,0.8748153433080004,0.1604895,False
2024-09-05,2024Q2,0.26187468229374056,0.4033446780015125,-0.14146999570777197,113,0.8748153433080004,0.1585225,False
2024-09-06,2024Q2,0.3075824235876171,0.4319767035835074,-0.12439427999589031,113,0.8748153433080004,0.17915,False
2024-09-09,2024Q2,0.2852189256179913,0.43279018108600426,-0.14757125546801297,142,0.9397325740849436,0.1636265,False
2024-09-10,2024Q2,0.2805597538485715,0.42552564993532144,-0.14496589608674992,142,0.9397325740849436,0.16037600000000002,False
2024-09-11,2024Q2,0.24622608132563542,0.43756366424242715,-0.19133758291679173,142,0.9397325740849436,0.147838,False
2024-09-12,2024Q2,0.21956281815021345,0.4456214155304246,-0.22605859738021117,142,0.9397325740849436,0.1387265,False
2024-09-13,2024Q2,0.21910547352051998,0.4476155362206856,-0.22851006270016563,142,0.9397325740849436,0.133742,False
2024-09-16,2024Q2,0.212398563481709,0.4431777971888765,-0.23077923370716752,142,0.9397325740849436,0.137121,False
2024-09-17,2024Q2,0.2228733504660557,0.37512790984277944,-0.15225455937672375,142,0.9397325740849436,0.139076,False
2024-09-18,2024Q2,0.2396295285040003,0.3775254214723984,-0.13789589296839813,142,0.9397325740849436,0.143148,False
2024-09-19,2024Q2,0.19633022643294262,0.38532152494669075,-0.18899129851374813,142,0.9397325740849436,0.12427350000000001,False
2024-09-20,2024Q2,0.19197347491048347,0.3496086839102861,-0.15763520899980263,142,0.9397325740849436,0.121056,False
2024-09-23,2024Q2,0.1690393585215289,0.35076091625976297,-0.18172155773823406,141,0.9377265546528648,0.119665,False
2024-09-24,2024Q2,0.15415263917162692,0.3462156810165659,-0.192063041844939,142,0.9397325740849436,0.1159925,False
2024-09-25,2024Q2,0.15565785029585874,0.3272127853479184,-0.17155493505205968,142,0.9397325740849436,0.118023,False
2024-09-26,2024Q2,0.15456171070760588,0.3241713025714276,-0.16960959186382174,142,0.9397325740849436,0.118455,False
2024-09-27,2024Q2,0.17596745056218682,0.3025985667460976,-0.12663111618391076,142,0.9397325740849436,0.127029,False
2024-09-30,2024Q2,0.1264713234079008,0.30379552470331284,-0.17732420129541204,114,0.8764420420803315,0.123374,False
2024-10-01,2024Q3,0.16684657077563314,0.29437836175404425,-0.1275317909784111,112,0.8652547924337872,0.1421105,False
2024-10-02,2024Q3,0.1703134781739045,0.2948999320325024,-0.12458645385859793,112,0.8652547924337872,0.14280199999999998,False
2024-10-03,2024Q3,0.18288353855701656,0.2920040989960083,-0.10912056043899176,112,0.8652547924337872,0.14995999999999998,False
2024-10-04,2024Q3,0.14908351357842362,0.2861508508745628,-0.1370673372961392,112,0.8652547924337872,0.1327465,False
2024-10-07,2024Q3,0.2559069558547549,0.27923167218961853,-0.023324716334863604,142,0.9356526207559769,0.179437,False
2024-10-08,2024Q3,0.2256304205371641,0.2868696372431132,-0.06123921670594912,142,0.9356526207559769,0.1665305,False
2024-10-09,2024Q3,0.2135175018287358,0.28897413872251315,-0.07545663689377735,142,0.9356526207559769,0.160247,False
2024-10-10,2024Q3,0.20950338249675504,0.2820319805998447,-0.07252859810308965,142,0.9356526207559769,0.159696,False
2024-10-11,2024Q3,0.20950760910055188,0.2839018908435918,-0.07439428174303991,142,0.9356526207559769,0.15565299999999999,False
2024-10-14,2024Q3,0.21215881008244342,0.2789537793441559,-0.06679496926171247,142,0.9356526207559769,0.152609,False
2024-10-15,2024Q3,0.2098606066078161,0.2289254132037739,-0.0190648065959578,142,0.9356526207559769,0.1565165,False
2024-10-16,2024Q3,0.20067589658824278,0.22690690216509177,-0.026231005576848987,142,0.9356526207559769,0.1520035,False
2024-10-17,2024Q3,0.18613657039345108,0.23015583624463573,-0.04401926585118465,142,0.9356526207559769,0.14726,False
2024-10-18,2024Q3,0.18701446078525558,0.1792873766280829,0.007727084157172687,142,0.9356526207559769,0.1431855,False
2024-10-21,2024Q3,0.17515848794723568,0.16777221254211758,0.007386275405118103,142,0.9356526207559769,0.1465795,False
2024-10-22,2024Q3,0.17427689093652435,0.16772992963244995,0.006546961304074395,142,0.9356526207559769,0.148704,False
2024-10-23,2024Q3,0.19464269237496412,0.17201028177859917,0.02263241059636495,142,0.9356526207559769,0.1596935,False
2024-10-24,2024Q3,0.1952652557570097,0.1524447580863414,0.04282049767066831,142,0.9356526207559769,0.15856399999999998,False
2024-10-25,2024Q3,0.2104864270097119,0.14991930095783432,0.060567126051877584,142,0.9356526207559769,0.164732,False
2024-10-28,2024Q3,0.1951390643706216,0.15645295100077602,0.038686113369845565,112,0.8668695332931631,0.156533,False
2024-10-29,2024Q3,0.19503252669693502,0.1553648564397973,0.039667670257137716,112,0.8668695332931631,0.15644,False
2024-10-30,2024Q3,0.214506059853237,0.15031815214838126,0.06418790770485575,112,0.8668695332931631,0.1621255,False
2024-10-31,2024Q3,0.2707562989620079,0.14826341379321392,0.122492885168794,112,0.8668695332931631,0.1834035,False
2024-11-01,2024Q3,0.3065902113690186,0.14761054873209775,0.15897966263692084,112,0.8668695332931631,0.1776665,False
2024-11-04,2024Q3,0.3016278508640172,0.1498786666666413,0.15174918419737593,112,0.8668695332931631,0.1761525,False
2024-11-05,2024Q3,0.26244211873648304,0.16774263531515105,0.094699483421332,112,0.8668695332931631,0.161755,False
2024-11-06,2024Q3,0.1776777849046827,0.210946151042786,-0.0332683661381033,112,0.8668695332931631,0.125423,False
2024-11-07,2024Q3,0.177755835670447,0.21381100978610834,-0.03605517411566134,112,0.8668695332931631,0.118982,False
2024-11-08,2024Q3,0.17036523823804525,0.20934577133101728,-0.03898053309297203,112,0.8668695332931631,0.115487,False
2024-11-11,2024Q3,0.1611091500769597,0.19570148751537447,-0.03459233743841478,142,0.9356526207559769,0.1187475,False
2024-11-12,2024Q3,0.15726943458039105,0.1856918954406352,-0.028422460860244136,142,0.9356526207559769,0.11838,False
2024-11-13,2024Q3,0.14329065005031644,0.18436845619677378,-0.04107780614645734,142,0.9356526207559769,0.114103,False
2024-11-14,2024Q3,0.1452257376942778,0.1863145031088481,-0.041088765414570294,142,0.9356526207559769,0.1133785,False
2024-11-15,2024Q3,0.17107275215343934,0.1960738815672568,-0.025001129413817463,142,0.9356526207559769,0.128142,False
2024-11-18,2024Q3,0.16667007708368958,0.188537897385412,-0.021867820301722407,142,0.9356526207559769,0.1249595,False
2024-11-19,2024Q3,0.18284275254591065,0.17836141807022882,0.004481334475681831,142,0.9356526207559769,0.1279675,False
2024-11-20,2024Q3,0.18999801851397816,0.17363148821407356,0.01636653029990459,142,0.9356526207559769,0.13352999999999998,False
2024-11-21,2024Q3,0.19427229643056682,0.1682433921226021,0.02602890430796473,142,0.9356526207559769,0.1275045,False
2024-11-22,2024Q3,0.16512809477496845,0.16773802143581865,-0.0026099266608501925,142,0.9356526207559769,0.1149715,False
2024-11-25,2024Q3,0.15539846598775683,0.15843195749105698,-0.003033491503300151,142,0.9356526207559769,0.1072415,False
2024-11-26,2024Q3,0.15505588738885143,0.16092039396941554,-0.005864506580564116,141,0.9334511603183966,0.1027315,False
2024-11-27,2024Q3,0.15548697503102238,0.16473919117707603,-0.009252216146053649,141,0.9334511603183966,0.1014795,False
2024-11-29,2024Q3,0.14533095634231927,0.16797465503624184,-0.022643698693922576,141,0.9334511603183966,0.0991265,False
2024-12-02,2024Q3,0.13391155192459342,0.1730414545676731,-0.03912990264307967,111,0.8649600178361394,0.0981775,False
2024-12-03,2024Q3,0.14034509002281476,0.1751197129404756,-0.03477462291766084,111,0.8649600178361394,0.098353,False
2024-12-04,2024Q3,0.13657846093632364,0.17756151406017484,-0.0409830531238512,111,0.8649600178361394,0.09658800000000001,False
2024-12-05,2024Q3,0.12868451389075192,0.16615530808766218,-0.03747079419691027,111,0.8649600178361394,0.09532950000000001,False
2024-12-06,2024Q3,0.11652042367593268,0.17258896274836175,-0.05606853907242906,111,0.8649600178361394,0.0920195,False
2024-12-09,2024Q3,0.14557637616242064,0.16887602601934723,-0.02329964985692659,142,0.9356526207559769,0.106464,False
2024-12-10,2024Q3,0.14685993410481787,0.16507298619920158,-0.018213052094383703,142,0.9356526207559769,0.10632,False
2024-12-11,2024Q3,0.12147450120861936,0.16618279943566763,-0.044708298227048276,142,0.9356526207559769,0.0999675,False
2024-12-12,2024Q3,0.1325907439915125,0.1719063667014329,-0.039315622709920395,142,0.9356526207559769,0.102077,False
2024-12-13,2024Q3,0.12629830249374627,0.12971605118265553,-0.003417748688909261,142,0.9356526207559769,0.099589,False
2024-12-16,2024Q3,0.13107379193617422,0.1302271025735832,0.0008466893625910243,142,0.9356526207559769,0.1095815,False
2024-12-17,2024Q3,0.14675984664474753,0.12951092135069248,0.017248925294055056,142,0.9356526207559769,0.11623649999999999,False
2024-12-18,2024Q3,0.29412653631069563,0.18980647380518928,0.10432006250550635,142,0.9356526207559769,0.16938399999999998,False
2024-12-19,2024Q3,0.2867180617160264,0.15505091939454924,0.13166714232147714,142,0.9356526207559769,0.17099350000000002,False
2024-12-20,2024Q3,0.25622869192375536,0.16017166739195637,0.09605702453179898,142,0.9356526207559769,0.14265650000000002,False
2024-12-23,2024Q3,0.21290172015434802,0.16647769952074176,0.04642402063360626,142,0.9356526207559769,0.128503,False
2024-12-24,2024Q3,0.15219253298675997,0.18636746499990886,-0.03417493201314889,142,0.9356526207559769,0.1052115,False
2024-12-26,2024Q3,0.15555428390413636,0.1903677709486678,-0.03481348704453144,141,0.9335926388882914,0.107748,False
2024-12-27,2024Q3,0.1953758025933055,0.20534869662595787,-0.009972894032652363,140,0.9316687580812915,0.1216215,False
2024-12-30,2024Q3,0.1887688700120316,0.21481245913515962,-0.026043589123128014,111,0.8649600178361394,0.13950800000000002,False
2024-12-31,2024Q3,0.18601787771324782,0.2034271097261139,-0.017409232012866094,111,0.8649600178361394,0.139017,False
2025-01-02,2024Q4,0.1901028798002483,0.21816328547663177,-0.028060405676383487,113,0.8769165835068794,0.145963,False
2025-01-03,2024Q4,0.15351047234893417,0.23351808613995112,-0.08000761379101695,113,0.8769165835068794,0.129362,False
2025-01-06,2024Q4,0.12872653828920397,0.2329048186806272,-0.10417828039142324,113,0.8769165835068794,0.13065,False
2025-01-07,2024Q4,0.16469023008152964,0.251856672058794,-0.08716644197726434,113,0.8769165835068794,0.1452945,False
2025-01-08,2024Q4,0.1677072713917044,0.2575033090744444,-0.08979603768274,113,0.8769165835068794,0.14336549999999998,False
2025-01-10,2024Q4,0.19960871710485428,0.2827240405828341,-0.08311532347797984,113,0.8769165835068794,0.158879,False
2025-01-13,2024Q4,0.20059734741972227,0.27629810155119916,-0.0757007541314769,142,0.9375806471510292,0.1566045,False
2025-01-14,2024Q4,0.20343685180554535,0.270010028198504,-0.06657317639295865,142,0.9375806471510292,0.15664499999999998,False
2025-01-15,2024Q4,0.15203009974500345,0.292812066905127,-0.14078196716012356,142,0.9375806471510292,0.130664,False
2025-01-16,2024Q4,0.153661385926488,0.28203767881298675,-0.12837629288649874,142,0.9375806471510292,0.1322225,False
2025-01-17,2024Q4,0.15179641851933243,0.29132348027866417,-0.13952706175933174,142,0.9375806471510292,0.12983050000000002,False
2025-01-21,2024Q4,0.12299194176802905,0.2888038546797022,-0.16581191291167316,142,0.9375806471510292,0.11827099999999999,False
2025-01-22,2024Q4,0.11540932437527311,0.2850680775219013,-0.16965875314662815,142,0.9375806471510292,0.1163095,False
2025-01-23,2024Q4,0.11376111877393048,0.2877089224629552,-0.17394780368902474,142,0.9375806471510292,0.11407149999999999,False
2025-01-24,2024Q4,0.11318964520295144,0.29021423164792026,-0.17702458644496882,142,0.9375806471510292,0.1132605,False
2025-01-27,2024Q4,0.12251801051138925,0.243737221805625,-0.12121921129423574,142,0.9375806471510292,0.141314,False
2025-01-28,2024Q4,0.10798953679243467,0.23890938103590456,-0.1309198442434699,142,0.9375806471510292,0.128706,False
2025-01-29,2024Q4,0.09885319238157259,0.23664146378610662,-0.13778827140453404,142,0.9375806471510292,0.13253150000000002,False
2025-01-30,2024Q4,0.0921908975741147,0.23374814337609373,-0.14155724580197904,142,0.9375806471510292,0.126413,False
2025-01-31,2024Q4,0.11428585813399182,0.23822826249980733,-0.12394240436581551,142,0.9375806471510292,0.1334345,False
2025-02-03,2024Q4,0.1361311432472859,0.24453104378351234,-0.10839990053622645,115,0.8817972496787876,0.1475195,False
2025-02-04,2024Q4,0.12156135616018258,0.19498596146906214,-0.07342460530887955,115,0.8817972496787876,0.1347905,False
2025-02-05,2024Q4,0.1147526158728605,0.1856350012256343,-0.07088238535277382,115,0.8817972496787876,0.12708999999999998,False
2025-02-06,2024Q4,0.11410503439963988,0.17750219638284107,-0.06339716198320118,115,0.8817972496787876,0.1215935,False
2025-02-07,2024Q4,0.14163772814379352,0.1816593290566896,-0.04002160091289608,115,0.8817972496787876,0.130302,False
2025-02-10,2024Q4,0.13889347198313734,0.1700509547027205,-0.031157482719583157,142,0.9375806471510292,0.1228755,False
2025-02-11,2024Q4,0.1367438271408604,0.1662432988401182,-0.029499471699257818,142,0.9375806471510292,0.122666,False
2025-02-12,2024Q4,0.14282793739868593,0.1530853133024888,-0.010257375903802879,142,0.9375806471510292,0.1256645,False
2025-02-13,2024Q4,0.11775853441544985,0.149473728383968,-0.03171519396851814,142,0.9375806471510292,0.1155145,False
2025-02-14,2024Q4,0.11354923939370165,0.14397959827963533,-0.030430358885933678,142,0.9375806471510292,0.1118045,False
2025-02-18,2024Q4,0.11053475622811174,0.1435929334344621,-0.033058177206350375,142,0.9375806471510292,0.114056,False
2025-02-19,2024Q4,0.10651636319375625,0.13435039126101295,-0.027834028067256697,142,0.9375806471510292,0.110845,False
2025-02-20,2024Q4,0.11121985835717164,0.1340397332564574,-0.02281987489928576,142,0.9375806471510292,0.111417,False
2025-02-21,2024Q4,0.16232148343881708,0.14626693986955144,0.01605454356926564,142,0.9375806471510292,0.136977,False
2025-02-24,2024Q4,0.1822937702847157,0.14896724427305436,0.033326526011661334,142,0.9375806471510292,0.14765699999999998,False
2025-02-25,2024Q4,0.179226907822016,0.13420106547560362,0.04502584234641238,142,0.9375806471510292,0.153311,False
2025-02-26,2024Q4,0.19581171485804982,0.13026507356495837,0.06554664129309146,142,0.9375806471510292,0.15539599999999998,False
2025-02-27,2024Q4,0.24912207357293034,0.15068943176401103,0.09843264180891931,142,0.9375806471510292,0.174808,False
2025-02-28,2024Q4,0.20104759889825793,0.1465759402279551,0.05447165867030285,142,0.9375806471510292,0.150091,False
2025-03-03,2024Q4,0.25354332915285777,0.17808586358443126,0.0754574655684265,115,0.8817972496787876,0.18493,False
2025-03-04,2024Q4,0.2684681563218058,0.16816205185315353,0.10030610446865229,115,0.8817972496787876,0.195996,False
2025-03-05,2024Q4,0.2664681046477289,0.17634926293479897,0.09011884171292994,115,0.8817972496787876,0.1851735,False
2025-03-06,2024Q4,0.3219743585725752,0.189957744336923,0.13201661423565222,115,0.8817972496787876,0.215938,False
2025-03-07,2024Q4,0.29776302472711697,0.18512591320844657,0.1126371115186704,115,0.8817972496787876,0.1981905,False
2025-03-10,2024Q4,0.34081433980688625,0.2233288193577072,0.11748552044917904,142,0.9375806471510292,0.23563099999999998,False
2025-03-11,2024Q4,0.35420084696371773,0.2513439831358058,0.10285686382791193,142,0.9375806471510292,0.234771,False
2025-03-12,2024Q4,0.33313994076588066,0.24888911392167837,0.08425082684420229,142,0.9375806471510292,0.2149525,False
2025-03-13,2024Q4,0.352042154249633,0.25561258036619555,0.09642957388343742,142,0.9375806471510292,0.22507850000000001,False
2025-03-14,2024Q4,0.32082199782486764,0.3043581476644443,0.016463850160423343,142,0.9375806471510292,0.193972,False
2025-03-17,2024Q4,0.28966565681593764,0.3080590335713615,-0.01839337675542385,142,0.9375806471510292,0.181375,False
2025-03-18,2024Q4,0.31053694893253186,0.3158023749536229,-0.005265426021091035,142,0.9375806471510292,0.193347,False
2025-03-19,2024Q4,0.29280718548796736,0.32728132494339346,-0.0344741394554261,142,0.9375806471510292,0.1765375,False
2025-03-20,2024Q4,0.2995281083421302,0.3408457828573368,-0.041317674515206626,142,0.9375806471510292,0.1752625,False
2025-03-21,2024Q4,0.3127545169953562,0.3424275209191901,-0.029673003923833874,142,0.9375806471510292,0.1712325,False
2025-03-24,2024Q4,0.24272005334307595,0.35981675644404765,-0.1170967031009717,142,0.9375806471510292,0.151188,False
2025-03-25,2024Q4,0.2272883677785963,0.35569627656227853,-0.12840790878368225,142,0.9375806471510292,0.146458,False
2025-03-26,2024Q4,0.24886449294562732,0.3620830334181901,-0.11321854047256277,142,0.9375806471510292,0.1601245,False
2025-03-27,2024Q4,0.2501117268999954,0.364492931476244,-0.11438120457624862,142,0.9375806471510292,0.162192,False
2025-03-28,2024Q4,0.29016645390384577,0.377982254456896,-0.08781580055305022,115,0.8817972496787876,0.18929200000000002,False
2025-03-31,2024Q4,0.23202056610200245,0.3815212218191961,-0.14950065571719368,115,0.8817972496787876,0.1850805,False
2025-04-01,2025Q1,0.24749123558159156,0.35112691004859836,-0.1036356744670068,113,0.8642114816181266,0.18190499999999998,False
2025-04-02,2025Q1,0.24519273520507412,0.3537230188889531,-0.10853028368387896,113,0.8642114816181266,0.1810855,False
2025-04-03,2025Q1,0.34391431330552424,0.4129588495009448,-0.06904453619542056,113,0.8642114816181266,0.251783,False
2025-04-04,2025Q1,0.48325630954704085,0.4960589028286177,-0.012802593281576846,111,0.7872962562092691,0.365081,False
2025-04-07,2025Q1,0.5016424371005769,0.48368596038836603,0.017956476712210845,142,0.9303131630764645,0.3821865,False
2025-04-08,2025Q1,0.5294305290193917,0.4869774753866429,0.042453053632748816,142,0.9303131630764645,0.421606,False
2025-04-09,2025Q1,0.34241788765940834,0.6603753555726988,-0.31795746791329044,142,0.9303131630764645,0.2503205,False
2025-04-10,2025Q1,0.47731919014775914,0.671001158387104,-0.1936819682393448,142,0.9303131630764645,0.3505895,False
2025-04-11,2025Q1,0.4681721433725637,0.6696955364212138,-0.20152339304865013,142,0.9303131630764645,0.320241,False
2025-04-14,2025Q1,0.36566268178297445,0.6742237984290514,-0.308561116646077,142,0.9303131630764645,0.2541825,False
2025-04-15,2025Q1,0.3930744350172357,0.6782196725000917,-0.28514523748285603,142,0.9303131630764645,0.246797,False
2025-04-16,2025Q1,0.4209137116950769,0.680487244263942,-0.2595735325688651,142,0.9303131630764645,0.276759,False
2025-04-17,2025Q1,0.41556362226888316,0.65580816254772,-0.24024454027883685,142,0.9303131630764645,0.260342,False
2025-04-21,2025Q1,0.45454447379873847,0.6679239409001665,-0.21337946710142802,142,0.9303131630764645,0.293536,False
2025-04-22,2025Q1,0.42658641549566106,0.6758279822968968,-0.24924156680123571,142,0.9303131630764645,0.26813600000000004,False
2025-04-23,2025Q1,0.3978024835404525,0.6837602037700392,-0.2859577202295867,142,0.9303131630764645,0.249442,False
2025-04-24,2025Q1,0.376812329426339,0.6900488385902682,-0.3132365091639292,142,0.9303131630764645,0.229803,False
2025-04-25,2025Q1,0.3591444479663347,0.6860996333778635,-0.3269551854115288,142,0.9303131630764645,0.214087,False
2025-04-28,2025Q1,0.3423422301141151,0.6899820077217628,-0.3476397776076477,113,0.8642114816181266,0.214368,False
2025-04-29,2025Q1,0.32745045872143136,0.6927974428424131,-0.3653469841209817,113,0.8642114816181266,0.2061995,False
2025-04-30,2025Q1,0.3380454834877525,0.6917662903526187,-0.35372080686486623,113,0.8642114816181266,0.2129965,False
2025-05-01,2025Q1,0.3338209172364064,0.6703678224260016,-0.3365469051895952,113,0.8642114816181266,0.2045465,False
2025-05-02,2025Q1,0.3267490210891647,0.666867614058393,-0.3401185929692283,113,0.8642114816181266,0.1868845,False
2025-05-05,2025Q1,0.33873918630581556,0.6683551607653455,-0.32961597445952995,113,0.8642114816181266,0.1961775,False
2025-05-06,2025Q1,0.3690992583993838,0.6646631518778408,-0.29556389347845696,113,0.8642114816181266,0.20783200000000002,False
2025-05-07,2025Q1,0.3435338806383696,0.6582594156997534,-0.31472553506138384,113,0.8642114816181266,0.201249,False
2025-05-08,2025Q1,0.33301655888635,0.6601829853805533,-0.3271664264942033,113,0.8642114816181266,0.1924785,False
2025-05-09,2025Q1,0.33646117947342535,0.6620260481624252,-0.3255648686889998,113,0.8642114816181266,0.19075799999999998,False
2025-05-12,2025Q1,0.2534577441909268,0.6525597265409008,-0.39910198234997396,142,0.9303131630764645,0.151988,False
2025-05-13,2025Q1,0.23216842084997572,0.6456278587655595,-0.4134594379155838,142,0.9303131630764645,0.1488845,False
2025-05-14,2025Q1,0.225406282140707,0.6437204996554496,-0.4183142175147426,142,0.9303131630764645,0.15273399999999998,False
2025-05-15,2025Q1,0.21501886829067202,0.6358424543143315,-0.4208235860236595,142,0.9303131630764645,0.1476035,False
2025-05-16,2025Q1,0.21214051779890372,0.6322628723891582,-0.4201223545902545,142,0.9303131630764645,0.14323550000000002,False
2025-05-19,2025Q1,0.2291447986777695,0.5832710788398587,-0.35412628016208925,142,0.9303131630764645,0.1471205,False
2025-05-20,2025Q1,0.22458884058962414,0.5935749958451655,-0.36898615525554135,142,0.9303131630764645,0.1462365,False
2025-05-21,2025Q1,0.2712833920405043,0.5968481291397592,-0.3255647370992549,142,0.9303131630764645,0.16785,False
2025-05-22,2025Q1,0.2676851040367246,0.3934118255202326,-0.12572672148350805,142,0.9303131630764645,0.16551100000000002,False
2025-05-23,2025Q1,0.3101130870837487,0.3445224387468815,-0.0344093516631328,142,0.9303131630764645,0.179877,False
2025-05-27,2025Q1,0.22388233489941042,0.35356184261851703,-0.1296795077191066,141,0.928404578934462,0.1509005,False
2025-05-28,2025Q1,0.23841227064723508,0.358062263441897,-0.11964999279466193,142,0.9303131630764645,0.155957,False
2025-05-29,2025Q1,0.25258890855235233,0.358198975622366,-0.10561006707001369,142,0.9303131630764645,0.152476,False
2025-05-30,2025Q1,0.25626485940709376,0.318864248168773,-0.06259938876167925,142,0.9303131630764645,0.15121400000000002,False
2025-06-02,2025Q1,0.2586832651782313,0.35305819672688965,-0.09437493154865834,113,0.8642114816181266,0.151757,False
2025-06-03,2025Q1,0.24278625183334268,0.3052404573726918,-0.062454205539349106,113,0.8642114816181266,0.1451265,False
2025-06-04,2025Q1,0.24495607138764566,0.279262947040804,-0.03430687565315835,113,0.8642114816181266,0.14510499999999998,False
2025-06-05,2025Q1,0.24584376384654366,0.2655044499809374,-0.019660686134393757,113,0.8642114816181266,0.1506825,False
2025-06-06,2025Q1,0.22471261567509643,0.24786213006292696,-0.023149514387830528,113,0.8642114816181266,0.1357435,False
2025-06-09,2025Q1,0.25084494995259776,0.2381665685391819,0.012678381413415873,142,0.9303131630764645,0.14077299999999998,False
2025-06-10,2025Q1,0.23959204123653818,0.2367043882618676,0.002887652974670585,142,0.9303131630764645,0.13693149999999998,False
2025-06-11,2025Q1,0.24810766820664204,0.2368546395876592,0.011253028618982835,142,0.9303131630764645,0.139627,False
2025-06-12,2025Q1,0.2627221995723976,0.23575007342976742,0.0269721261426302,142,0.9303131630764645,0.140367,False
2025-06-13,2025Q1,0.3247842743499316,0.26750768208335646,0.057276592266575166,142,0.9303131630764645,0.1619515,False
2025-06-16,2025Q1,0.27020082304468174,0.2691148607383328,0.001085962306348942,142,0.9303131630764645,0.1469365,False
2025-06-17,2025Q1,0.32662980202459063,0.27464787305484134,0.05198192896974929,142,0.9303131630764645,0.1667195,False
2025-06-18,2025Q1,0.3177944980514078,0.2670262349843886,0.050768263067019204,142,0.9303131630764645,0.16078900000000002,False
2025-06-20,2025Q1,0.33119252247534375,0.27542910430724693,0.05576341816809682,142,0.9303131630764645,0.16302250000000001,False
2025-06-23,2025Q1,0.2838184619076243,0.27700009657452895,0.006818365333095322,142,0.9303131630764645,0.1525445,False
2025-06-24,2025Q1,0.24053129083646954,0.2784454021213002,-0.03791411128483066,142,0.9303131630764645,0.1368265,False
2025-06-25,2025Q1,0.22338298374032048,0.2005226678544366,0.022860315885883886,142,0.9303131630764645,0.1337425,False
2025-06-26,2025Q1,0.21485603026509145,0.21638970003117244,-0.0015336697660809917,143,0.9620240292738409,0.131318,False
2025-06-27,2025Q1,0.21539123350133588,0.22213696159629892,-0.006745728094963044,143,0.9620240292738409,0.129832,False
2025-06-30,2025Q1,0.16424157433512543,0.23496277302037358,-0.07072119868524815,114,0.895922347815503,0.1349815,False
2025-07-01,2025Q2,0.15569788465428064,0.22672920408410174,-0.0710313194298211,117,0.9104818119207081,0.136215,False
2025-07-02,2025Q2,0.16155015049814753,0.22595221628706172,-0.06440206578891419,117,0.9104818119207081,0.13763150000000002,False
2025-07-03,2025Q2,0.16129343580381147,0.22780783070875738,-0.0665143949049459,117,0.9104818119207081,0.13588050000000002,False
2025-07-07,2025Q2,0.1820934487643754,0.20379580896321947,-0.021702360198844084,143,0.9675953480457187,0.1473255,False
2025-07-08,2025Q2,0.1665257351525445,0.2021410074942401,-0.03561527234169559,143,0.9675953480457187,0.14014700000000002,False
2025-07-09,2025Q2,0.14498473831207398,0.1968326774919087,-0.05184793917983471,143,0.9675953480457187,0.1312575,False
2025-07-10,2025Q2,0.13910617870236772,0.14657240668932228,-0.007466227986954566,143,0.9675953480457187,0.1290035,False
2025-07-11,2025Q2,0.14705910339450906,0.14202909915856782,0.005030004235941243,143,0.9675953480457187,0.13281700000000002,False
2025-07-14,2025Q2,0.16849555781731507,0.1422654032302368,0.02623015458707828,143,0.9675953480457187,0.140063,False
2025-07-15,2025Q2,0.173187203946565,0.14176439617601638,0.03142280777054862,143,0.9675953480457187,0.142362,False
2025-07-16,2025Q2,0.17638780159668252,0.13962306522095672,0.036764736375725804,143,0.9675953480457187,0.1421305,False
2025-07-17,2025Q2,0.15650011680344728,0.13690143095848312,0.01959868584496416,143,0.9675953480457187,0.134166,False
2025-07-18,2025Q2,0.15774595516224296,0.13580814508595296,0.021937810076290004,143,0.9675953480457187,0.13180550000000002,False
2025-07-21,2025Q2,0.17103503764809833,0.13111272178544253,0.039922315862655794,143,0.9675953480457187,0.1347295,False
2025-07-22,2025Q2,0.16029264989066838,0.11976016539556533,0.04053248449510305,143,0.9675953480457187,0.1329925,False
2025-07-23,2025Q2,0.13594598100363653,0.12305992309581944,0.012886057907817092,143,0.9675953480457187,0.1240585,False
2025-07-24,2025Q2,0.15168050491984938,0.11834170271043655,0.033338802209412835,143,0.9675953480457187,0.12340999999999999,False
2025-07-25,2025Q2,0.14351037239392794,0.1187091888304106,0.02480118356351735,143,0.9675953480457187,0.117797,False
2025-07-28,2025Q2,0.12808329592579265,0.12129601232037358,0.006787283605419067,117,0.9104818119207081,0.1207755,False
2025-07-29,2025Q2,0.13484949158805473,0.1055029301184776,0.029346561469577134,117,0.9104818119207081,0.126012,False
2025-07-30,2025Q2,0.13671762692515146,0.0975166944831216,0.039200932442029865,117,0.9104818119207081,0.12698199999999998,False
2025-07-31,2025Q2,0.1513215880287631,0.08345412613762854,0.06786746189113457,119,0.9141553657380249,0.1328585,False
2025-08-01,2025Q2,0.2374889021039854,0.12464116356833334,0.11284773853565207,119,0.9141553657380249,0.16046850000000001,False
2025-08-04,2025Q2,0.1789959647348824,0.14275043384807162,0.03624553088681079,119,0.9141553657380249,0.135209,False
2025-08-05,2025Q2,0.19678618769413475,0.14153244067634904,0.05525374701778571,119,0.9141553657380249,0.141362,False
2025-08-06,2025Q2,0.16982575559066979,0.12911646011124678,0.04070929547942301,119,0.9141553657380249,0.129907,False
2025-08-07,2025Q2,0.1787459752089912,0.12574255057618108,0.0530034246328101,119,0.9141553657380249,0.13234249999999997,False
2025-08-08,2025Q2,0.1511417671444189,0.12483811991714179,0.026303647227277113,119,0.9141553657380249,0.119324,False
2025-08-11,2025Q2,0.17586958728182295,0.12251477036003214,0.05335481692179081,143,0.9675953480457187,0.127256,False
2025-08-12,2025Q2,0.14767280513970535,0.13017124123153131,0.017501563908174034,143,0.9675953480457187,0.1151325,False
2025-08-13,2025Q2,0.1271479863845131,0.1298937372595591,-0.002745750875045999,143,0.9675953480457187,0.11096900000000001,False
2025-08-14,2025Q2,0.13223763307685094,0.12857642494703392,0.0036612081298170174,143,0.9675953480457187,0.1119045,False
2025-08-15,2025Q2,0.14371403522062387,0.11793138384487713,0.025782651375746743,143,0.9675953480457187,0.1153425,False
2025-08-18,2025Q2,0.15954267376050096,0.1099876532885287,0.04955502047197226,143,0.9675953480457187,0.1184115,False
2025-08-19,2025Q2,0.16045204808736516,0.11412940088355893,0.04632264720380623,143,0.9675953480457187,0.1224885,False
2025-08-20,2025Q2,0.17129808131114088,0.11106044996415253,0.060237631346988355,143,0.9675953480457187,0.126551,False
2025-08-21,2025Q2,0.20138294056425715,0.11494775734778089,0.08643518321647627,143,0.9675953480457187,0.1365815,False
2025-08-22,2025Q2,0.14393463756457384,0.13152290337445902,0.01241173419011482,143,0.9675953480457187,0.113173,False
2025-08-25,2025Q2,0.14037888123691744,0.1345806660543984,0.005798215182519051,143,0.9675953480457187,0.1147015,False
2025-08-26,2025Q2,0.13432920481457167,0.14207584547889707,-0.007746640664325399,142,0.9655266960184616,0.11272750000000001,False
2025-08-27,2025Q2,0.13916114019379777,0.14338850540858136,-0.0042273652147835905,141,0.9639451828074952,0.113909,False
2025-08-28,2025Q2,0.15007170792388794,0.14465093964681047,0.0054207682770774646,142,0.9655266960184616,0.1085745,False
2025-08-29,2025Q2,0.1713807536031315,0.14947073183593357,0.021910021767197946,142,0.965676526908,0.11590600000000001,False
