quarter,ticker,DlyCap,weight
2015Q3,AAPL,629010236.6,0.048789464175522955
2015Q3,MSFT,353460360.0,0.027416313071314882
2015Q3,XOM,309998533.15,0.024045176767456423
2015Q3,WFC,263597984.65,0.02044609718649088
2015Q3,JNJ,258496045.1,0.020050362932234694
2015Q3,GE,254631939.38,0.019750641820197753
2015Q3,AMZN,240076410.0,0.01862163558481452
2015Q3,JPM,225471144.99,0.017488771582741754
2015Q3,GOOG,210202417.38,0.016304445803306714
2015Q3,WMT,207873279.28,0.016123785150621565
2015Q3,FB,203084100.0,0.01575231028850369
2015Q3,T,200399580.0,0.015544084277625962
2015Q3,PG,195183723.24,0.015139513983329612
2015Q3,PFE,193716400.68,0.01502570044372488
2015Q3,GOOGL,185902281.18,0.014419594722029052
2015Q3,VZ,176898215.41,0.01372119027841611
2015Q3,KO,174522160.48,0.013536890500541382
2015Q3,DIS,172499087.6,0.01337996993540597
2015Q3,BRK,162656526.4,0.012616527213617374
2015Q3,BAC,162630583.6,0.012614514948573716
2015Q3,ORCL,154038363.36,0.011948055490213159
2015Q3,C,149318410.45,0.011581950202869411
2015Q3,CVX,148332104.64,0.011505446945556436
2015Q3,HD,148301055.47,0.011503038602608661
2015Q3,INTC,142562200.0,0.01105790167625984
2015Q3,GILD,142277310.0,0.011035804054249589
2015Q3,IBM,142002464.1,0.011014485507409522
2015Q3,MRK,139113602.65,0.010790409659320495
2015Q3,PEP,137381049.3,0.010656023373242037
2015Q3,V,135933618.42,0.010543752740814769
2015Q3,CSCO,132858941.25,0.010305264012160885
2015Q3,PM,122896925.38,0.009532555734736714
2015Q3,CMCSA,119474051.04,0.009267058934730031
2015Q3,UNH,110622843.63,0.008580511019111708
2015Q3,CVS,107525609.28,0.008340272632564401
2015Q3,AGN,106994201.16,0.008299053720812716
2015Q3,MO,106661808.0,0.008273271494660613
2015Q3,AMGN,104417768.0,0.008099211514682791
2015Q3,MA,99932626.08,0.007751319448234383
2015Q3,BMY,98716177.6,0.0076569650703833415
2015Q3,MDT,94627388.1,0.007339816259086072
2015Q3,MCD,92796539.3,0.007197805641864267
2015Q3,LLY,92773796.29,0.007196041569982646
2015Q3,WBA,90478781.4,0.007018027699551548
2015Q3,ABBV,90063567.16,0.006985821418780747
2015Q3,BA,88979870.25,0.006901763976642182
2015Q3,MMM,88570098.65,0.0068699798567105055
2015Q3,SLB,87273465.51,0.006769405919353337
2015Q3,KHC,85625679.76,0.006641594670599866
2015Q3,CELG,85151424.0,0.00660480880756268
2015Q3,SBUX,84413084.0,0.006547539130722328
2015Q3,NKE,83364560.22,0.006466209908358614
2015Q3,QCOM,81884520.0,0.00635140991769019
2015Q3,UTX,79254316.02,0.006147396953528951
2015Q3,UNP,76712649.72,0.0059502514546571385
2015Q3,GS,75215664.96,0.005834137153061488
2015Q3,AXP,74225108.79,0.005757304214648133
2015Q3,HON,74025043.78,0.00574178608144424
2015Q3,AIG,73518659.34,0.005702508142776712
2015Q3,USB,72218774.04,0.005601681950154716
2015Q3,UPS,68929833.12,0.005346573756591573
2015Q3,MDLZ,66623167.17,0.005167656166409347
2015Q3,BIIB,65045324.43,0.005045270078936507
2015Q3,LMT,64377010.85,0.0049934320331112515
2015Q3,LOW,63767058.36,0.004946120791690946
2015Q3,COST,63314720.64,0.004911035011363317
2015Q3,RAI,63266301.27,0.004907279340977433
2015Q3,PCLN,62064397.94,0.0048140531642804595
2015Q3,ACN,61609020.0,0.004778731567910189
2015Q3,MS,61531627.5,0.004772728583560341
2015Q3,KMI,60672816.16,0.004706114492614936
2015Q3,ABT,59945537.02,0.0046497027563951335
2015Q3,COP,59156693.64,0.004588515761988422
2015Q3,DHR,58240012.48,0.004517412972218343
2015Q3,CL,57122376.72,0.004430723047792711
2015Q3,SPG,56844805.2,0.004409193087001632
2015Q3,TWX,56071193.75,0.004349187564151053
2015Q3,ESRX,54751304.96,0.004246809791758248
2015Q3,F,52882100.02,0.004101824063147865
2015Q3,MET,52660939.15,0.0040846696199988665
2015Q3,TWC,50757046.38,0.003936993314128152
2015Q3,OXY,50535358.65,0.003919798004844392
2015Q3,TXN,50492077.6,0.003916440890578863
2015Q3,DUK,49518460.2,0.0038409218155400675
2015Q3,TGT,49432303.8,0.0038342390553134393
2015Q3,DOW,49119382.4,0.003809967165053626
2015Q3,TMO,48727112.64,0.0037795405832763388
2015Q3,BLK,48676800.92,0.0037756381319047723
2015Q3,TJX,48163576.82,0.003735829671908455
2015Q3,GM,47551589.94,0.0036883606321054707
2015Q3,REGN,47507539.04,0.003684943804075665
2015Q3,EMC,46501380.16,0.0036069006343873765
2015Q3,HPQ,46052542.25,0.003572086318409102
2015Q3,PNC,45813120.0,0.003553515423041263
2015Q3,CRM,45515253.08,0.003530411240347882
2015Q3,NEE,44917970.55,0.0034840827501191416
2015Q3,GD,44520189.65,0.0034532286942691747
2015Q3,NFLX,44132084.88,0.003423125171829514
2015Q3,DD,43613191.6,0.0033828769793162673
2015Q3,BK,43320179.7,0.0033601493784503013
2015Q3,MCK,43001527.09,0.0033354329442884857
2015Q3,D,41828382.36,0.003244437441438765
2015Q3,PSX,41339920.0,0.0032065496370317493
2015Q3,ADBE,41011253.78,0.003181056492670425
2015Q3,FDX,40656928.42,0.0031535730854819464
2015Q3,SO,40599266.7,0.0031491005280281192
2015Q3,EOG,39979648.8,0.0031010395846991674
2015Q3,MON,39925038.9,0.0030968037430472405
2015Q3,KMB,39720546.0,0.0030809421585480307
2015Q3,CAT,39388092.88,0.0030551552815713443
2015Q3,COF,39336951.08,0.003051188444668245
2015Q3,LYB,38835340.0,0.00301228075383321
2015Q3,AET,38149954.08,0.002959118484215787
2015Q3,CTSH,38066880.0,0.002952674805537388
2015Q3,PYPL,37899840.0,0.002939718272206656
2015Q3,SCHW,37574221.44,0.0029144615209749456
2015Q3,AMT,37240086.42,0.002888544186662238
2015Q3,ADP,37238824.0,0.002888446266482596
2015Q3,ANTM,36622180.0,0.0028406159950554186
2015Q3,PSA,36605006.21,0.0028392839022480074
2015Q3,DAL,35689508.26,0.0027682728886980097
2015Q3,SYK,35434107.8,0.0027484626362274983
2015Q3,ALXN,35341794.15,0.0027413022861131156
2015Q3,KR,35111764.38,0.0027234599227147346
2015Q3,CI,34766974.9,0.0026967161703817266
2015Q3,AVGO,34502634.99,0.0026762125254190974
2015Q3,YUM,34474919.7,0.0026740627763849984
2015Q3,PRU,34370710.0,0.002665979703759067
2015Q3,GIS,33548227.44,0.002602183471104699
2015Q3,ACE,33494155.2,0.0025979893332944305
2015Q3,RTN,33165654.48,0.0025725090260156386
2015Q3,ECL,32377494.24,0.0025113750196727415
2015Q3,HCA,32119253.12,0.0024913444301214636
2015Q3,FOXA,31769786.38,0.0024642378839960315
2015Q3,PCP,31584665.58,0.002449878905216028
2015Q3,CME,31228896.64,0.002422283526090375
2015Q3,NOC,31097868.35,0.002412120257372381
2015Q3,TRV,30974333.18,0.0024025381959043336
2015Q3,APC,30678844.68,0.0023796184964365538
2015Q3,HAL,30215377.15,0.002343669427350365
2015Q3,ITW,30132785.59,0.0023372631755545254
2015Q3,VLO,29876431.2,0.002317378931071082
2015Q3,CCL,29494812.9,0.002287778534617734
2015Q3,EBAY,29401320.0,0.0022805267154424663
2015Q3,PX,29180037.92,0.0022633628705848656
2015Q3,VFC,29033040.82,0.00225196097387946
2015Q3,EMR,29025873.8,0.0022514050607238567
2015Q3,BRCM,28852230.0,0.0022379363006521675
2015Q3,AEP,27893241.6,0.002163551930630705
2015Q3,BDX,27892295.64,0.0021634785568144365
2015Q4,AAPL,583612701.62,0.04232997893793835
2015Q4,MSFT,439679000.0,0.03189033199207532
2015Q4,XOM,324501095.05,0.023536370063015268
2015Q4,AMZN,318344190.0,0.023089803940711983
2015Q4,GE,314902794.85,0.02284019630912299
2015Q4,JNJ,284220487.68,0.020614779671225495
2015Q4,WFC,277660714.68,0.020138993157057996
2015Q4,GOOG,261628433.28,0.018976156686732203
2015Q4,JPM,243065013.9,0.01762973439470478
2015Q4,FB,240188420.4,0.01742109235876209
2015Q4,GOOGL,227630943.81,0.016510286754132773
2015Q4,PG,216040701.93,0.015669635594032665
2015Q4,T,211690320.0,0.01535409829513955
2015Q4,PFE,199280676.84,0.014454015188428548
2015Q4,WMT,196276040.9,0.014236086113712855
2015Q4,VZ,188063310.06,0.013640409010532682
2015Q4,KO,186832395.6,0.013551129625382956
2015Q4,BAC,175242038.4,0.012710470101014632
2015Q4,DIS,173715944.24,0.012599781054201918
2015Q4,CVX,169308048.52,0.012280072225949379
2015Q4,HD,167677262.25,0.012161789761791622
2015Q4,BRK,164833322.36,0.011955516122937809
2015Q4,INTC,162776250.0,0.011806314727164705
2015Q4,C,154162732.5,0.011181568190044327
2015Q4,ORCL,153470566.6,0.011131364745384488
2015Q4,V,150111286.05,0.010887712963075074
2015Q4,MRK,147554941.26,0.010702298867702511
2015Q4,PEP,145568551.92,0.010558224177944485
2015Q4,GILD,143892180.0,0.010436635343656306
2015Q4,CSCO,137840925.25,0.00999773213712126
2015Q4,CMCSA,137291594.22,0.009957888640114923
2015Q4,PM,136198611.36,0.009878613563827342
2015Q4,IBM,133506538.2,0.009683354961939701
2015Q4,AGN,123193437.5,0.00893533605453065
2015Q4,AMGN,122396820.0,0.008877556636942598
2015Q4,BMY,114761393.94,0.008323751993203999
2015Q4,MO,114131124.59,0.00827803796361439
2015Q4,UNH,112123625.12,0.008132432136244388
2015Q4,MCD,108479692.2,0.007868134249432298
2015Q4,CVS,108262383.09,0.00785237261500627
2015Q4,MDT,108161519.52,0.007845056885273427
2015Q4,MA,107118782.24,0.007769426168228234
2015Q4,BA,96872986.56,0.007026288957312609
2015Q4,ABBV,96842412.28,0.0070240713759871
2015Q4,CELG,94203216.0,0.006832647984009202
2015Q4,LLY,93366568.02,0.006771965118003094
2015Q4,MMM,92751006.32,0.006727317848120733
2015Q4,WBA,91860700.79,0.006662743149474494
2015Q4,SBUX,89180568.0,0.006468350593869274
2015Q4,KHC,88329112.04,0.006406593691126521
2015Q4,SLB,87962004.0,0.006379966999215922
2015Q4,UTX,85216107.47,0.006180804537607367
2015Q4,NKE,84750000.0,0.006146997323793912
2015Q4,HON,79820466.87,0.00578945364287753
2015Q4,GS,76874583.28,0.005575785931444628
2015Q4,AIG,76657695.61,0.005560054864458742
2015Q4,QCOM,74727575.0,0.00542006139868565
2015Q4,USB,74637382.59,0.0054135196582384935
2015Q4,COST,71023985.5,0.005151436563937199
2015Q4,MDLZ,70848679.72,0.0051387214705979
2015Q4,LOW,69584584.2,0.005047035431914008
2015Q4,AXP,68454309.3,0.004965055528840834
2015Q4,ABT,66993145.2,0.004859075920435834
2015Q4,BIIB,66990473.55,0.004858882143144978
2015Q4,UPS,66989840.89,0.004858836255719292
2015Q4,UNP,66792262.2,0.004844505687239426
2015Q4,LMT,66729109.25,0.004839925144293824
2015Q4,RAI,65953011.15,0.0047836340181144545
2015Q4,ACN,65617013.0,0.004759263755827143
2015Q4,DHR,63649270.8,0.0046165415606965665
2015Q4,PCLN,63252819.4,0.0045877865672474295
2015Q4,MS,61591285.44,0.0044672739441735335
2015Q4,SPG,60163235.92,0.004363696167445684
2015Q4,CL,59752943.64,0.0043339372819337875
2015Q4,DOW,59645500.2,0.0043261443080324395
2015Q4,ESRX,59167829.0,0.004291498365990511
2015Q4,DD,58368706.2,0.004233537236633784
2015Q4,COP,57645434.98,0.004181077693817061
2015Q4,TMO,56612051.3,0.0041061254021897775
2015Q4,BLK,55842896.36,0.004050337869944788
2015Q4,REGN,55771749.45,0.004045177517551087
2015Q4,TXN,55427599.08,0.004020215967068813
2015Q4,F,54919692.02,0.003983376989622724
2015Q4,MET,53591489.46,0.003887041206946899
2015Q4,GM,52925579.77,0.003838742149928392
2015Q4,TWC,52558716.82,0.003812133234626337
2015Q4,CRM,52057600.0,0.003775786759682997
2015Q4,TWX,51702371.6,0.003750021709250718
2015Q4,OXY,51636190.96,0.0037452215650977155
2015Q4,EMC,49789334.16,0.003611267301887915
2015Q4,DUK,49140164.26,0.003564182397604876
2015Q4,NFLX,48947777.2,0.003550228382938769
2015Q4,PNC,48398989.86,0.0035104243202802206
2015Q4,NEE,47845085.04,0.003470249081977252
2015Q4,TJX,47476301.39,0.003443500856495141
2015Q4,ADBE,46764177.46,0.0033918498371214583
2015Q4,KMB,46209136.2,0.0033515921717549076
2015Q4,MCK,45384398.07,0.0032917731383868745
2015Q4,BK,45051522.66,0.0032676293713729885
2015Q4,TGT,44731535.72,0.0032444204172275134
2015Q4,PYPL,44308800.0,0.0032137589972922676
2015Q4,PSX,43635392.0,0.0031649160807870006
2015Q4,GD,43423342.08,0.003149535900365163
2015Q4,MON,43375104.84,0.003146037207914577
2015Q4,SCHW,43353102.39,0.003144441349492548
2015Q4,ALXN,43042165.25,0.0031218887858648417
2015Q4,PSA,42890741.2,0.0031109058568960153
2015Q4,SO,42529255.81,0.0030846869810857427
2015Q4,AMT,41065111.5,0.0029784912152424612
2015Q4,FDX,41063878.85,0.002978401809976961
2015Q4,KR,40772663.09,0.0029572796566157034
2015Q4,D,40268391.76,0.0029207043820909124
2015Q4,AVGO,40132523.5,0.0029108497292223753
2015Q4,DAL,39866367.06,0.002891545151943431
2015Q4,CAT,39568622.64,0.0028699494687232
2015Q4,LYB,39056683.6,0.0028328180479700953
2015Q4,EOG,38913758.53,0.0028224515580256345
2015Q4,ADP,38861064.0,0.002818629574133144
2015Q4,COF,38403008.1,0.0027854063482753502
2015Q4,ACE,37880549.85,0.0027475119593131786
2015Q4,AET,37701444.0,0.0027345212433175937
2015Q4,CI,37694608.0,0.002734025421798945
2015Q4,RTN,37495733.94,0.0027196008989129033
2015Q4,PRU,36553090.0,0.002651230046093192
2015Q4,CTSH,36552180.0,0.0026511640429360867
2015Q4,ANTM,36403600.8,0.0026403874536172498
2015Q4,SYK,34945440.0,0.002534625677389979
2015Q4,NOC,34435734.23,0.0024976562378134326
2015Q4,TRV,34334156.34,0.0024902886977781922
2015Q4,GIS,34212272.7,0.0024814483625700003
2015Q4,VLO,34047077.13,0.002469466572284542
2015Q4,ECL,33776871.52,0.0024498683048916913
2015Q4,ITW,33688438.56,0.002443454179010214
2015Q4,KMI,33294203.8,0.002414859960548072
2015Q4,BDX,32692658.94,0.0023712293452730045
2015Q4,EBAY,32536320.0,0.0023598899347032722
2015Q4,BRCM,32437020.0,0.0023526876121752168
2015Q4,CCL,32149192.8,0.0023318112342623543
2015Q4,PCP,31921791.88,0.002315317631351814
2015Q4,YHOO,31561478.32,0.0022891837494751575
2015Q4,YUM,31502228.1,0.002284886275212335
2015Q4,EMR,31154835.78,0.002259689583043054
2015Q4,VRTX,30992809.81,0.002247937686830958
2015Q4,FOXA,30764349.28,0.0022313672294090995
2015Q4,CME,30526582.8,0.0022141218026687113
2015Q4,ICE,30429337.44,0.0022070685051150665
2015Q4,MNST,30223984.0,0.0021921740266948675
2015Q4,CB,30116707.84,0.0021843931857694764
2015Q4,EQR,29720136.58,0.0021556294987616466
2015Q4,BBT,29497471.5,0.0021394793907868696
2016Q1,AAPL,597095829.54,0.04355136344108972
2016Q1,MSFT,434660100.0,0.03170352069453244
2016Q1,XOM,347128957.63,0.02531911737906051
2016Q1,JNJ,298452820.8,0.0217687456947955
2016Q1,GE,295174314.49,0.02152961587209901
2016Q1,AMZN,280198080.0,0.02043726955349308
2016Q1,FB,263691147.3,0.019233276174625995
2016Q1,GOOG,256026650.85,0.018674238154306796
2016Q1,WFC,244568416.56,0.017838490019302416
2016Q1,T,240942856.53,0.017574046566957987
2016Q1,GOOGL,223966841.7,0.01633583897101441
2016Q1,PG,222612827.46,0.016237079000917014
2016Q1,VZ,220646400.0,0.016093650437604193
2016Q1,JPM,217353093.3,0.015853441094448723
2016Q1,WMT,215355504.15,0.01570773963955052
2016Q1,KO,200810712.5,0.014646862179039563
2016Q1,PFE,183527293.56,0.013386232942455474
2016Q1,CVX,179653082.4,0.013103653212487049
2016Q1,BRK,177973278.84,0.012981130609360585
2016Q1,ORCL,169770977.15,0.012382865801130629
2016Q1,HD,167181251.93,0.012193974740954131
2016Q1,DIS,162031216.7,0.011818338126293902
2016Q1,INTC,152607922.35,0.01113101576236886
2016Q1,PM,152192646.95,0.01110072613551369
2016Q1,PEP,149752691.76,0.010922759099064067
2016Q1,CMCSA,147676231.08,0.010771304861282034
2016Q1,MRK,146838953.69,0.010710234979181216
2016Q1,V,146775138.88,0.010705580413120397
2016Q1,IBM,145525427.45,0.010614428149125613
2016Q1,CSCO,143264484.87,0.010449518050696566
2016Q1,BAC,139603126.0,0.01018246347930813
2016Q1,GILD,123827280.0,0.009031794577021593
2016Q1,C,122796102.0,0.008956581846286137
2016Q1,MO,122684019.12,0.008948406672384546
2016Q1,UNH,122541878.6,0.008938039134813575
2016Q1,CVS,113946471.43,0.008311101743753234
2016Q1,MCD,113314093.44,0.008264976947176018
2016Q1,AMGN,112642409.0,0.00821598519121835
2016Q1,BMY,106847476.64,0.007793310650816147
2016Q1,AGN,105905353.75,0.007724593479537008
2016Q1,MDT,105078225.0,0.007664263825532263
2016Q1,MA,102956049.0,0.007509475174047022
2016Q1,MMM,100945620.41,0.0073628372277346164
2016Q1,KHC,95465326.4,0.006963111983668836
2016Q1,SLB,92425491.25,0.00674139051306228
2016Q1,ABBV,92405023.2,0.006739897601136959
2016Q1,WBA,90999923.04,0.006637411493025239
2016Q1,SBUX,87430650.0,0.006377073537716995
2016Q1,HON,85307586.75,0.006222220171414966
2016Q1,UTX,83756673.0,0.0061090986169668815
2016Q1,NKE,82978168.59,0.006052315556655572
2016Q1,BA,82645048.64,0.006028018237374169
2016Q1,LLY,79534468.92,0.005801136753370892
2016Q1,CELG,77539723.0,0.005655642679829166
2016Q1,QCOM,75022380.0,0.005472031081028778
2016Q1,UPS,72789909.56,0.005309197702040295
2016Q1,ACN,72461275.6,0.005285227584811255
2016Q1,RAI,71851534.56,0.005240753896796308
2016Q1,USB,70460830.44,0.005139317816400634
2016Q1,COST,69183135.3,0.005046124458389872
2016Q1,LOW,67981004.25,0.004958442643055972
2016Q1,LMT,67665370.5,0.0049354207435878174
2016Q1,UNP,67332233.7,0.00491112219529017
2016Q1,GS,66300503.0,0.004835869151363123
2016Q1,SPG,65382265.83,0.0047688941722436136
2016Q1,DHR,65183523.3,0.0047543981605030865
2016Q1,PCLN,63981396.48,0.004666716653699672
2016Q1,CL,63027642.15,0.004597151100894953
2016Q1,MDLZ,62370150.8,0.004549194569754411
2016Q1,ABT,61625712.86,0.0044948962717588385
2016Q1,AIG,61282808.85,0.004469885316354206
2016Q1,AVGO,60324216.0,0.004399966848435007
2016Q1,AXP,58842383.0,0.004291883950599799
2016Q1,TWC,57962707.4,0.004227721600319488
2016Q1,TXN,57797364.24,0.004215661693521603
2016Q1,TWX,57325672.7,0.0041812571496036635
2016Q1,BIIB,57023356.32,0.0041592066011184765
2016Q1,DOW,56816316.32,0.004144105383121711
2016Q1,TMO,56106736.58,0.004092349595158862
2016Q1,BLK,55815676.73,0.004071120082770164
2016Q1,DUK,55571819.24,0.004053333446774056
2016Q1,CB,55262723.2,0.004030788399044261
2016Q1,DD,55194840.92,0.004025837157214674
2016Q1,NEE,54507404.0,0.003975696436639205
2016Q1,F,52801416.0,0.0038512639758206844
2016Q1,OXY,52262796.63,0.0038119778063671946
2016Q1,TJX,51914004.85,0.003786537404970073
2016Q1,EMC,51888802.55,0.0037846991832432572
2016Q1,COP,49868998.82,0.003637377426880185
2016Q1,CRM,49532547.0,0.0036128370855006034
2016Q1,TGT,49366518.96,0.0036007272244804344
2016Q1,MS,48983810.69,0.0035728130001062308
2016Q1,KMB,48513721.7,0.0035385253440210814
2016Q1,GM,48485269.49,0.003536450078247802
2016Q1,MET,48187547.98,0.003514734673375138
2016Q1,PSA,47759412.84,0.0034835070744511825
2016Q1,SO,47221575.31,0.0034442779313514334
2016Q1,ADBE,46919698.0,0.0034222594080390916
2016Q1,PYPL,46628800.0,0.003401041700770819
2016Q1,PSX,45565909.34,0.0033235158914422538
2016Q1,D,44826132.24,0.003269557548821914
2016Q1,CAT,44570925.88,0.0032509431415744202
2016Q1,NFLX,43783984.47,0.003193544697877104
2016Q1,FDX,43677953.28,0.0031858109260714316
2016Q1,ESRX,43448897.84,0.003169103931612462
2016Q1,AMT,43394438.26,0.0031651317233937974
2016Q1,PNC,42378449.85,0.003091026900839714
2016Q1,ADP,40916731.0,0.0029844111019417634
2016Q1,GD,40877351.94,0.0029815388464859687
2016Q1,SYK,40039769.68,0.0029204467275790727
2016Q1,EOG,39910725.88,0.0029110344470780537
2016Q1,KMI,39855590.16,0.002907012922120902
2016Q1,BK,39629080.0,0.0028904915769477845
2016Q1,AET,39277560.0,0.002864852182868268
2016Q1,MON,38629026.58,0.002817549031044427
2016Q1,CTSH,38011875.0,0.002772534828249661
2016Q1,DAL,37897818.12,0.002764215673453916
2016Q1,GIS,37655366.7,0.0027465315943047404
2016Q1,REGN,37154155.2,0.002709973904370496
2016Q1,SCHW,37025515.92,0.002700591129011981
2016Q1,ITW,36966088.64,0.002696256583464092
2016Q1,LYB,36837911.0,0.0026869074795037415
2016Q1,KR,36814860.0,0.00268522617069364
2016Q1,RTN,36666124.74,0.0026743776216931296
2016Q1,ANTM,36325314.48,0.0026495193815859307
2016Q1,COF,35976811.01,0.002624100009130853
2016Q1,MCK,35945305.75,0.0026218020580136545
2016Q1,NOC,35808619.7,0.002611832362118336
2016Q1,CI,35101463.08,0.0025602533132559127
2016Q1,EMR,34972648.08,0.002550857721117904
2016Q1,YHOO,34905045.69,0.002545926894086932
2016Q1,TRV,34426765.67,0.002511041795335399
2016Q1,YUM,33453077.2,0.0024400222732797222
2016Q1,EXC,33051982.7,0.0024107669821195415
2016Q1,ECL,32746398.24,0.0023884780642926292
2016Q1,PX,32648693.7,0.002381351627092988
2016Q1,AEP,32607380.0,0.0023783382616082848
2016Q1,CME,32389596.8,0.0023624534491119885
2016Q1,PCP,32326300.6,0.002357836709764196
2016Q1,BDX,32158056.94,0.0023455652444133762
2016Q1,PRU,32085973.82,0.002340307598987338
2016Q1,MMC,31685389.33,0.002311089507267799
2016Q1,ALXN,31213402.44,0.0022766634209197244
2016Q1,APD,31064382.5,0.0022657941077444685
2016Q1,HCA,30889692.4,0.0022530524477658324
2016Q1,FOXA,30803162.24,0.002246741054752622
2016Q1,BRCM,30669870.0,0.0022370188987754333
2016Q1,HAL,30659976.24,0.002236297261282351
2016Q1,HPE,30434679.72,0.0022198644373718377
2016Q1,VLO,30171007.02,0.002200632506718361
2016Q2,AAPL,515586574.0,0.037006099401483125
2016Q2,MSFT,399535360.0,0.028676552090682143
2016Q2,XOM,388703315.14,0.02789908473791418
2016Q2,AMZN,339203880.0,0.024346274968457097
2016Q2,JNJ,333653117.2,0.023947870335192044
2016Q2,GE,289479282.36,0.020777304216001873
2016Q2,T,266020723.02,0.0190935718953235
2016Q2,FB,264672480.0,0.018996802084526455
2016Q2,WFC,240296681.84,0.01724723517338449
2016Q2,GOOG,237508649.1,0.017047124809938467
2016Q2,VZ,227603840.0,0.01633620957554116
2016Q2,WMT,227577563.94,0.016334323617804333
2016Q2,JPM,227224790.26,0.01630900337378202
2016Q2,PG,225379008.84,0.016176522866828538
2016Q2,PFE,213543333.29,0.015327020168399071
2016Q2,GOOGL,207320441.58,0.014880373648109882
2016Q2,CVX,197573310.66,0.014180775726258662
2016Q2,KO,196106600.67,0.014075502977858723
2016Q2,BRK,181798179.21,0.013048519550576782
2016Q2,ORCL,168743338.9,0.012111511601680214
2016Q2,MRK,159465920.25,0.011445627162356017
2016Q2,HD,158847253.83,0.011401222532388133
2016Q2,DIS,158707178.62,0.011391168668679603
2016Q2,PM,157794574.08,0.011325666702521957
2016Q2,CMCSA,156611217.39,0.011240731567462465
2016Q2,INTC,154881600.0,0.011116588705160404
2016Q2,PEP,153021536.98,0.010983083139883323
2016Q2,IBM,145703032.36,0.010457799272739932
2016Q2,CSCO,144302437.28,0.010357271905726474
2016Q2,V,141278348.47,0.010140218675977763
2016Q2,BAC,136308325.32,0.009783496488102148
2016Q2,MO,134915068.0,0.009683495787005995
2016Q2,UNH,134253524.8,0.009636013686710703
2016Q2,C,124411640.31,0.00892961485070289
2016Q2,BMY,122777529.85,0.008812326974785928
2016Q2,MDT,121020895.64,0.008686244986880429
2016Q2,AMGN,113945135.0,0.008178384009133283
2016Q2,GILD,111032020.0,0.007969295897273427
2016Q2,SLB,109953780.96,0.007891905555660692
2016Q2,KHC,107587698.4,0.007722080562491891
2016Q2,MMM,106212906.8,0.00762340523390212
2016Q2,MCD,105641431.72,0.007582387750743316
2016Q2,ABBV,104000070.69,0.0074645794669498345
2016Q2,CVS,102826866.28,0.007380373009287657
2016Q2,MA,94956418.9,0.0068154735864442255
2016Q2,AGN,91409267.13,0.006560877641529711
2016Q2,WBA,90124536.59,0.00646866642334667
2016Q2,HON,88649216.8,0.006362775708671629
2016Q2,LLY,86927163.75,0.006239175775010581
2016Q2,UTX,85820608.3,0.006159753030042143
2016Q2,SBUX,83760768.0,0.006011908499682086
2016Q2,BA,82728618.57,0.005937826228478949
2016Q2,QCOM,78908610.0,0.0056636460539270465
2016Q2,RAI,76976500.13,0.005524969343730542
2016Q2,CELG,76438250.0,0.005486336573177364
2016Q2,LMT,75556101.01,0.005423020546622224
2016Q2,UPS,74375381.72,0.005338274710298354
2016Q2,NKE,73497144.0,0.005275239414184433
2016Q2,UNP,73380216.5,0.005266846971661741
2016Q2,MDLZ,70770644.07,0.005079545553025595
2016Q2,ACN,70527783.18,0.0050621142724428855
2016Q2,LOW,70152932.85,0.005035209482302521
2016Q2,USB,69625832.99,0.004997377019633181
2016Q2,DHR,69558195.0,0.004992522319554711
2016Q2,COST,68946056.4,0.00494858622226005
2016Q2,SPG,67110812.1,0.004816862014500122
2016Q2,CL,65368917.6,0.004691837965650672
2016Q2,TXN,62859752.2,0.004511743236870628
2016Q2,PCLN,61768829.98,0.0044334425631362365
2016Q2,GS,61719240.52,0.004429883291854619
2016Q2,AVGO,61463652.6,0.004411538531827298
2016Q2,CB,60711919.38,0.004357583065053028
2016Q2,NEE,60172558.4,0.004318870563514612
2016Q2,TWC,59661941.56,0.004282221165547335
2016Q2,AIG,59185602.48,0.00424803204536421
2016Q2,DUK,59101074.16,0.0042419650460087145
2016Q2,TMO,58145333.12,0.0041733669681846075
2016Q2,TWX,57831414.76,0.004150835555188367
2016Q2,AXP,57784765.08,0.004147487285892419
2016Q2,ABT,57752365.12,0.004145161786740914
2016Q2,OXY,57708269.96,0.004141996867488994
2016Q2,DD,56632996.8,0.004064819401183002
2016Q2,DOW,55963468.29,0.0040167641572285955
2016Q2,BLK,55958098.51,0.004016378742591239
2016Q2,COP,53993673.2,0.0038753825996454194
2016Q2,CRM,53800275.0,0.0038615014914587893
2016Q2,EMC,53108302.39,0.003811835327753053
2016Q2,BIIB,52987840.22,0.0038031891851614146
2016Q2,TJX,51055440.09,0.003664491641624878
2016Q2,SO,50334543.76,0.0036127494850377194
2016Q2,MS,50323883.52,0.003611984348936477
2016Q2,KMB,49510397.44,0.003553596585840452
2016Q2,F,49047926.31,0.0035204028343540214
2016Q2,AMT,48241646.25,0.0034625322815692357
2016Q2,D,48021868.74,0.003446757804902451
2016Q2,ESRX,47770600.2,0.003428723067311116
2016Q2,ADBE,47731294.89,0.003425901938363592
2016Q2,EOG,45904107.34,0.003294756001851187
2016Q2,MON,45249734.16,0.0032477885279759947
2016Q2,SYK,44814143.23,0.00321652409622614
2016Q2,PSA,44314705.38,0.00318067706751363
2016Q2,CAT,44264852.52,0.0031770988907618663
2016Q2,PYPL,44067570.0,0.0031629389864636305
2016Q2,MET,43759906.61,0.003140856522399046
2016Q2,GM,43574981.6,0.0031275835753384034
2016Q2,AET,42818778.0,0.0030733072481403264
2016Q2,GIS,42579537.72,0.0030561358359489014
2016Q2,GD,42558288.28,0.003054610662624924
2016Q2,MCK,42125785.1,0.0030235678533710553
2016Q2,ADP,41865159.0,0.003004861479214732
2016Q2,BK,41844674.55,0.0030033912128596485
2016Q2,KMI,41774728.32,0.002998370839423511
2016Q2,PSX,41699596.54,0.0029929782744129055
2016Q2,TGT,41143180.5,0.002953041650142275
2016Q2,FDX,40741394.72,0.0029242035747101894
2016Q2,PNC,40639980.36,0.0029169245839913626
2016Q2,RTN,40374431.0,0.002897864844060741
2016Q2,NOC,40110870.56,0.002878947858373409
2016Q2,NFLX,39219763.0,0.002814988832662291
2016Q2,HAL,38916111.85,0.002793194346135816
2016Q2,ITW,37431979.2,0.0026866710906041725
2016Q2,REGN,36100254.33,0.0025910868659562913
2016Q2,BDX,35987337.18,0.0025829822653174236
2016Q2,YHOO,35710207.56,0.0025630913550765853
2016Q2,MMC,35683611.18,0.0025611824064506275
2016Q2,KR,34913415.68,0.002505901814075127
2016Q2,TRV,34806700.8,0.00249824237983839
2016Q2,ECL,34785973.0,0.0024967546470969744
2016Q2,CTSH,34761852.0,0.0024950233682610305
2016Q2,ANTM,34536247.02,0.0024788306263698314
2016Q2,AEP,34436128.17,0.0024716446205622746
2016Q2,CCI,34238710.8,0.0024574750374384917
2016Q2,YUM,33785007.72,0.002424910610581948
2016Q2,EMR,33557188.16,0.002408558917756521
2016Q2,SCHW,33451999.21,0.002401009006769821
2016Q2,CME,32867435.2,0.0023590520688830142
2016Q2,CI,32831098.87,0.0023564440377439703
2016Q2,MNST,32631040.53,0.0023420848996486953
2016Q2,COF,32523407.49,0.0023343595647040273
2016Q2,EXC,32262737.04,0.0023156500073373736
2016Q2,PX,32060933.35,0.0023011655971755876
2016Q2,LYB,31757023.34,0.0022793525310363487
2016Q2,BSX,31709981.79,0.0022759761353676362
2016Q2,PCG,31707004.64,0.002275762451159418
2016Q2,PRU,31532280.0,0.002263221633143997
2016Q2,BXLT,31456510.8,0.0022577833174698366
2016Q2,APD,30692145.24,0.002202921167602392
2016Q2,ICE,30471014.16,0.0021870495387821326
2016Q2,HPE,30359533.05,0.0021790480095606837
2016Q2,HCA,30115068.54,0.002161501629547315
2016Q3,AAPL,609163481.15,0.04256261556125866
2016Q3,MSFT,448112851.2,0.031309912041474826
2016Q3,AMZN,397722250.0,0.02778909069688707
2016Q3,XOM,361919612.0,0.025287539037230577
2016Q3,JNJ,323189150.01,0.022581418570064238
2016Q3,FB,298997370.0,0.020891124479610335
2016Q3,GOOG,268193032.44,0.018738807051273437
2016Q3,GE,265431721.46,0.018545872607033696
2016Q3,T,249832720.0,0.017455961076178143
2016Q3,JPM,240521881.38,0.016805407231440368
2016Q3,PG,239577393.5,0.016739415300238553
2016Q3,GOOGL,237997739.7,0.01662904394757251
2016Q3,WFC,223416821.16,0.015610266477234902
2016Q3,WMT,223085766.96,0.015587135522933539
2016Q3,VZ,211886177.96,0.014804613563227088
2016Q3,PFE,205443633.24,0.014354469123123898
2016Q3,CVX,194160638.4,0.013566119547656927
2016Q3,BRK,185274540.21,0.012945242569958661
2016Q3,KO,182654347.28,0.012762168127995426
2016Q3,INTC,178897250.0,0.012499657501368557
2016Q3,MRK,172576631.28,0.012058032103567649
2016Q3,ORCL,161269735.6,0.011268012562162156
2016Q3,BAC,159705104.35,0.011158690844019825
2016Q3,CSCO,159055308.88,0.011113289247176158
2016Q3,HD,158993662.32,0.011108981965280335
2016Q3,CMCSA,158113959.92,0.01104751663418591
2016Q3,V,156008091.8,0.010900378373295647
2016Q3,PEP,155996084.91,0.010899539444733822
2016Q3,IBM,151835819.4,0.010608859213541022
2016Q3,PM,150820010.94,0.010537884070899128
2016Q3,DIS,149235398.86,0.010427166280253765
2016Q3,C,137220814.02,0.009587700075372834
2016Q3,UNH,133334740.0,0.009316177767036813
2016Q3,AMGN,124240088.0,0.008680729010311168
2016Q3,MO,123542251.65,0.008631970768543868
2016Q3,MDT,119399270.4,0.008342498198900726
2016Q3,MA,109652188.27,0.007661463760066646
2016Q3,SLB,109364176.16,0.007641340182251747
2016Q3,KHC,108985585.8,0.007614887848114023
2016Q3,MMM,106513412.0,0.007442155591000754
2016Q3,GILD,104596640.0,0.007308229588738488
2016Q3,ABBV,102712143.94,0.007176558725644291
2016Q3,QCOM,101106000.0,0.007064336491105198
2016Q3,MCD,98443840.32,0.006878329807302328
2016Q3,CVS,94882472.85,0.006629494939178221
2016Q3,AGN,91191705.12,0.006371618797750092
2016Q3,BMY,90092717.28,0.0062948318622428725
2016Q3,HON,88710416.25,0.006198249665262265
2016Q3,LLY,88594439.18,0.0061901462782453474
2016Q3,WBA,87334275.46,0.006102097887922687
2016Q3,UTX,85031783.2,0.0059412213811594365
2016Q3,BA,82182837.24,0.0057421638286263045
2016Q3,UNP,81234102.42,0.005675875161195014
2016Q3,CELG,81052562.0,0.005663190823830104
2016Q3,SBUX,79071470.0,0.005524770744825529
2016Q3,ACN,76055956.14,0.005314074993825277
2016Q3,UPS,75597505.92,0.005282042803663455
2016Q3,USB,73407693.26,0.00512903928772254
2016Q3,CHTR,73071430.05,0.0051055443767872915
2016Q3,PCLN,72622445.97,0.005074173591470206
2016Q3,NKE,71007001.65,0.0049613015338363904
2016Q3,LMT,70366449.92,0.004916545802616882
2016Q3,TXN,70258741.96,0.004909020183245029
2016Q3,AVGO,68547371.6,0.004789445716013175
2016Q3,BIIB,68107189.22,0.0047586899107219405
2016Q3,MDLZ,67851664.4,0.0047408362392256
2016Q3,RAI,67299128.15,0.004702230202061303
2016Q3,COST,66809445.66,0.004668015794576462
2016Q3,CL,66095291.02,0.004618117384159236
2016Q3,GS,65388856.74,0.0045687583998974554
2016Q3,SPG,65047510.24,0.004544908316459667
2016Q3,AIG,63532964.4,0.004439086095770849
2016Q3,LOW,63159126.39,0.004412965811160587
2016Q3,TMO,62711472.78,0.004381687986575518
2016Q3,ABT,62166088.55,0.0043435816653120685
2016Q3,TWX,61924001.62,0.004326666907200595
2016Q3,MS,61292596.54,0.00428255025786907
2016Q3,AXP,59158935.24,0.004133470070924191
2016Q3,BLK,58816384.2,0.004109535825558555
2016Q3,DD,58553545.25,0.004091171111439028
2016Q3,CB,58437176.35,0.004083040347026434
2016Q3,DOW,58403598.9,0.004080694270578812
2016Q3,NEE,56511350.72,0.003948481762239036
2016Q3,OXY,55705483.92,0.0038921753685313416
2016Q3,DUK,55147560.0,0.0038531928916524577
2016Q3,DHR,54131273.82,0.0037821843704293856
2016Q3,ADBE,53969018.58,0.0037708475000873187
2016Q3,COP,53837812.35,0.003761680042582825
2016Q3,EOG,53252781.24,0.0037208035701795576
2016Q3,CAT,51862185.87,0.0036236418427187445
2016Q3,KMI,51633630.99,0.0036076725770074697
2016Q3,SO,50207617.8,0.003508036185350057
2016Q3,GM,49720939.56,0.0034740316866036045
2016Q3,PYPL,49409820.0,0.0034522935774824385
2016Q3,TJX,49103913.1,0.0034309196800228333
2016Q3,MET,48822882.96,0.003411283936613912
2016Q3,CRM,48326075.0,0.0033765716682925507
2016Q3,AMT,48220668.37,0.0033692068442196625
2016Q3,GD,47367089.64,0.0033095667895209286
2016Q3,F,47101835.23,0.0032910333057713033
2016Q3,D,46641560.0,0.0032588736010728597
2016Q3,FDX,46422782.12,0.00324358746017983
2016Q3,KMB,45364485.04,0.003169643612330305
2016Q3,MON,44743977.6,0.0031262883876018595
2016Q3,PNC,44271036.81,0.0030932437326760477
2016Q3,SYK,43572495.82,0.003044436257291899
2016Q3,JCI,43542355.23,0.0030423303163012506
2016Q3,ESRX,43490279.13,0.003038691728150751
2016Q3,BK,42578839.12,0.0029750088713262667
2016Q3,ITW,42538406.4,0.002972183813077195
2016Q3,NFLX,42292239.75,0.0029549840024973273
2016Q3,PSX,42127650.0,0.002943484018549917
2016Q3,SCHW,41767236.28,0.0029183016970844157
2016Q3,REGN,41629171.0,0.0029086549936676188
2016Q3,YHOO,41094427.7,0.0028712921605265193
2016Q3,AET,40499860.0,0.0028297493608950186
2016Q3,RTN,40171282.35,0.0028067914446184717
2016Q3,ADP,39963420.0,0.002792267978313486
2016Q3,TGT,39481728.2,0.0027586118851023397
2016Q3,PSA,38692699.14,0.0027034819543257245
2016Q3,HAL,38646302.64,0.0027002402032129365
2016Q3,BDX,38269189.98,0.0026738911168550966
2016Q3,NOC,38206121.25,0.0026694844670935923
2016Q3,HPE,37890966.75,0.0026474644343093263
2016Q3,GIS,37777546.04,0.0026395396616895007
2016Q3,MCK,37635808.5,0.0026296363752774036
2016Q3,EBAY,36749300.0,0.0025676954979187414
2016Q3,NVDA,36658200.0,0.002561330286612393
2016Q3,COF,36351510.91,0.0025399017370712094
2016Q3,PRU,35681050.0,0.0024930562336157014
2016Q3,ECL,35492943.4,0.002479913113339974
2016Q3,APC,35412220.8,0.00247427297715778
2016Q3,YUM,35405638.47,0.0024738130658368347
2016Q3,CME,35325460.56,0.0024682109874696405
2016Q3,EMR,35079201.87,0.0024510047460001056
2016Q3,MMC,34851438.25,0.002435090766096715
2016Q3,PX,34464582.56,0.0024080609284247803
2016Q3,LYB,33532136.52,0.0023429103677621234
2016Q3,CI,33436202.4,0.002336207393609669
2016Q3,SPGI,33411840.0,0.0023345051781988044
2016Q3,TRV,33022588.55,0.0023073079473475136
2016Q3,ANTM,32977958.01,0.002304189584912646
2016Q3,ATVI,32920127.4,0.0023001489257180787
2016Q3,AMAT,32588954.1,0.002277009649828718
2016Q3,APD,32556127.0,0.0022747160007828933
2016Q3,BSX,32385683.4,0.0022628070048463975
2016Q3,ICE,32095321.44,0.0022425192416112103
2016Q3,CCI,31801810.23,0.002222011438401199
2016Q3,AEP,31572634.89,0.0022059988207798562
2016Q3,PXD,31487725.2,0.0022000661301233627
2016Q4,AAPL,608960249.12,0.04136673895950064
2016Q4,MSFT,480342200.0,0.03262970025932955
2016Q4,XOM,374280510.18,0.025424917610991374
2016Q4,AMZN,357687990.0,0.024297785828648957
2016Q4,JNJ,313432491.72,0.021291504798783847
2016Q4,JPM,308768400.56,0.02097467255599321
2016Q4,GE,279545924.0,0.01898958640077286
2016Q4,WFC,276779118.33,0.018801636977033048
2016Q4,FB,270827700.0,0.01839735645321944
2016Q4,GOOG,267716572.48,0.018186017207060867
2016Q4,T,261176730.0,0.017741764963835872
2016Q4,GOOGL,235351310.4,0.015987441274142537
2016Q4,PG,224997491.44,0.015284105174994546
2016Q4,BAC,223321538.7,0.015170257514816026
2016Q4,CVX,222190411.3,0.01509341990192856
2016Q4,VZ,217610722.92,0.01478232114957964
2016Q4,WMT,212418892.8,0.01442963953923402
2016Q4,BRK,210090183.9,0.01427145007889047
2016Q4,PFE,197100170.4,0.013389036984913626
2016Q4,KO,178815280.14,0.012146942310619894
2016Q4,INTC,171557100.0,0.011653893308478465
2016Q4,C,169359453.9,0.011504606959040327
2016Q4,DIS,165862065.42,0.01126702896195235
2016Q4,CMCSA,163396950.85,0.011099573448936825
2016Q4,HD,163331026.88,0.011095095226159386
2016Q4,MRK,162312714.06,0.011025921120517965
2016Q4,IBM,157832421.45,0.010721574334126118
2016Q4,ORCL,157735472.85,0.010714988604705381
2016Q4,UNH,152328632.64,0.010347701334500118
2016Q4,CSCO,151697116.98,0.010304802403915063
2016Q4,PEP,150058567.29,0.010193495537175648
2016Q4,V,144724057.22,0.009831121661604285
2016Q4,PM,141933011.5,0.00964152560851196
2016Q4,MO,131877325.02,0.008958441682627053
2016Q4,SLB,116800306.6,0.007934258107149008
2016Q4,MA,110425358.75,0.007501207174887888
2016Q4,AMGN,107932222.0,0.007331848111998934
2016Q4,MMM,107403783.62,0.007295951232763827
2016Q4,KHC,106222684.32,0.007215719023027717
2016Q4,ABBV,101763699.38,0.006912819669081583
2016Q4,MCD,101081643.68,0.006866487547833092
2016Q4,MDT,97802137.81,0.006643710341214953
2016Q4,BMY,97666681.2,0.006634508758296681
2016Q4,QCOM,96365600.0,0.006546126164452024
2016Q4,BA,96080402.88,0.006526752691664449
2016Q4,GS,95217053.05,0.006468105239552511
2016Q4,GILD,93809100.0,0.006372462828786376
2016Q4,UTX,90261765.72,0.006131492007825727
2016Q4,CELG,90122950.0,0.0061220622401832354
2016Q4,WBA,89331971.6,0.00606833098753959
2016Q4,HON,88292181.25,0.005997697910843345
2016Q4,USB,87312356.12,0.005931138278359548
2016Q4,UNP,85443932.16,0.0058042160263230835
2016Q4,CVS,84152701.49,0.0057165025801013
2016Q4,LLY,81195375.4,0.005515611082569343
2016Q4,SBUX,80903744.0,0.005495800528409811
2016Q4,RAI,79901159.52,0.005427694850692851
2016Q4,MS,79126687.25,0.005375084861336798
2016Q4,UPS,79028230.4,0.005368396676322079
2016Q4,AGN,78770550.8,0.005350892471796755
2016Q4,CHTR,77421112.16,0.005259224951554816
2016Q4,TWX,74437178.9,0.005056526025939611
2016Q4,LMT,73226671.38,0.004974296112475284
2016Q4,ACN,72928651.9,0.004954051615315049
2016Q4,TXN,72676952.48,0.004936953645097052
2016Q4,PCLN,72112559.28,0.0048986143508514
2016Q4,COST,70326716.4,0.004777301840968534
2016Q4,AVGO,70236024.1,0.004771141102718117
2016Q4,NKE,67918131.06,0.004613686364974096
2016Q4,AXP,67802090.4,0.0046058037097468545
2016Q4,MDLZ,67752464.78,0.004602432635737984
2016Q4,AIG,67082186.85,0.004556900579744686
2016Q4,DOW,64165420.82,0.004358764331700074
2016Q4,DD,63809702.8,0.004334600366157505
2016Q4,COP,62124813.78,0.00422014566346256
2016Q4,LOW,61863518.64,0.0042023958548939614
2016Q4,BLK,61673737.26,0.004189503984173042
2016Q4,CB,61480588.68,0.004176383379173284
2016Q4,BIIB,61224922.0,0.004159015912532422
2016Q4,MET,59232385.15,0.00402366265776703
2016Q4,EOG,58279903.8,0.003958960491367531
2016Q4,CL,58165885.92,0.0039512152438156735
2016Q4,NVDA,57532860.0,0.003908213721097106
2016Q4,PNC,56901273.92,0.003865310006873445
2016Q4,ABT,56551427.1,0.003841544872614411
2016Q4,SPG,55829244.1,0.003792486899314577
2016Q4,NEE,55819835.28,0.003791847757102225
2016Q4,TMO,55738027.5,0.0037862905453055497
2016Q4,OXY,54433111.24,0.0036976474353990593
2016Q4,CAT,54259670.02,0.0036858655536047627
2016Q4,DHR,53842083.68,0.003657498866050368
2016Q4,DUK,53480180.0,0.003632914707920709
2016Q4,NFLX,53240685.2,0.0036166457989269376
2016Q4,GM,53199042.52,0.003613817006939902
2016Q4,GD,52578423.2,0.0035716582659699246
2016Q4,SCHW,52324273.84,0.0035543938710491775
2016Q4,ADBE,50883449.3,0.003456518496229962
2016Q4,BK,50096627.06,0.0034030695720076594
2016Q4,FDX,49623975.8,0.0033709623181769643
2016Q4,TJX,48977322.13,0.0033270350608514674
2016Q4,SO,48245453.62,0.0032773191497561228
2016Q4,D,48002782.5,0.0032608344729836143
2016Q4,PYPL,47640290.0,0.003236210316244408
2016Q4,F,47341728.19,0.0032159289785456116
2016Q4,HAL,46758208.68,0.003176290431887061
2016Q4,CRM,46490775.24,0.003158123647901558
2016Q4,KMI,46232258.44,0.003140562572285047
2016Q4,ADP,46137942.0,0.003134155645792378
2016Q4,MON,46132901.64,0.0031338132535645054
2016Q4,PSX,45006648.5,0.003057306749713025
2016Q4,AMT,44992520.24,0.0030563470154048884
2016Q4,SYK,44863094.12,0.0030475550843579633
2016Q4,PRU,44745800.0,0.0030395872814504075
2016Q4,AET,43515109.0,0.0029559863018948852
2016Q4,ITW,42984072.3,0.0029199129184867578
2016Q4,COF,42075939.24,0.0028582233364692136
2016Q4,RTN,41697874.0,0.002832541321731238
2016Q4,ESRX,41652345.0,0.0028294485315847402
2016Q4,NOC,40995015.96,0.0027847960951613887
2016Q4,KMB,40872648.6,0.0027764836664838223
2016Q4,TGT,40571229.85,0.002756008256526001
2016Q4,CME,39015984.0,0.0026503602291091588
2016Q4,APC,38972166.73,0.002647383716976179
2016Q4,PSA,38763840.0,0.002633232058521215
2016Q4,JCI,38583414.42,0.0026209757283580195
2016Q4,HPE,38523865.38,0.002616930555300289
2016Q4,REGN,38212967.73,0.0025958112425877476
2016Q4,BBT,38153156.48,0.002591748257574905
2016Q4,ANTM,37874049.95,0.0025727885192585102
2016Q4,YHOO,36941760.36,0.0025094579814115476
2016Q4,DAL,36838784.52,0.0025024628208923333
2016Q4,EMR,35928087.5,0.0024405990687804747
2016Q4,GIS,35827279.47,0.0024337511678410332
2016Q4,BDX,35300557.6,0.0023979708913253878
2016Q4,LYB,34957408.72,0.0023746607488920875
2016Q4,MMC,34848998.46,0.0023672964276043973
2016Q4,TRV,34774502.78,0.0023622359275920833
2016Q4,AMAT,34725747.0,0.0023589239419133114
2016Q4,CI,34246415.21,0.002326362878920162
2016Q4,ECL,34175725.44,0.0023215609148068673
2016Q4,CTSH,34066240.0,0.002314123556419533
2016Q4,CSX,33654229.73,0.0022861356519342188
2016Q4,ICE,33608039.92,0.0022829979728892897
2016Q4,PX,33444736.91,0.0022719047808529742
2016Q4,EXC,32766852.3,0.002225856002222422
2016Q4,DE,32650593.92,0.002217958557250826
2016Q4,KR,32374693.75,0.0021992166273337834
2016Q4,EBAY,32273030.0,0.002192310597237449
2016Q4,MCK,31753919.15,0.0021570473381757513
2016Q4,MAR,31712823.48,0.002154255704640209
2017Q1,AAPL,747867382.9,0.04818837879617301
2017Q1,MSFT,508636780.0,0.032773700772003166
2017Q1,AMZN,423766120.0,0.027305111545792633
2017Q1,XOM,340055613.14,0.021911276079740888
2017Q1,JNJ,337641598.6,0.021755730524829927
2017Q1,FB,335854497.0,0.02164057972294028
2017Q1,JPM,313761229.92,0.02021701353027158
2017Q1,GOOG,288142688.64,0.018566298444103544
2017Q1,WFC,278487462.88,0.01794416985964613
2017Q1,GE,259519677.2,0.01672199215518715
2017Q1,T,255182233.5,0.016442511615185285
2017Q1,GOOGL,252305280.0,0.016257136870669233
2017Q1,BAC,236181735.37,0.01521822610395736
2017Q1,PG,229699458.45,0.014800544543262236
2017Q1,WMT,218619288.72,0.014086600562974325
2017Q1,BRK,218401470.72,0.014072565592961427
2017Q1,PFE,203724860.46,0.013126887160095147
2017Q1,CVX,203262469.11,0.013097093255406495
2017Q1,VZ,198740685.0,0.012805734853490026
2017Q1,ORCL,183556053.24,0.011827322365043367
2017Q1,KO,182153116.6,0.011736924998102187
2017Q1,DIS,179297710.72,0.01155293866134192
2017Q1,CMCSA,177932716.08,0.011464986064035159
2017Q1,HD,176624449.94,0.011380688733035021
2017Q1,PM,175349393.1,0.01129853122303062
2017Q1,MRK,174453581.34,0.011240810138506845
2017Q1,INTC,169853630.0,0.01094441507878872
2017Q1,CSCO,169265532.8,0.010906521394305948
2017Q1,C,165394224.3,0.010657075991684627
2017Q1,V,165122326.27,0.010639556407914618
2017Q1,IBM,164251111.82,0.01058342023606219
2017Q1,PEP,159763261.98,0.010294248368141348
2017Q1,UNH,158245704.54,0.010196465479843559
2017Q1,MO,138513376.4,0.008925024948163296
2017Q1,AMGN,120771927.0,0.007781865474133055
2017Q1,MA,119060742.0,0.007671606312073362
2017Q1,MMM,114338234.01,0.007367314389342855
2017Q1,KHC,110565079.83,0.007124193500479975
2017Q1,MDT,110277375.6,0.007105655453850984
2017Q1,SLB,108880772.0,0.00701566615248056
2017Q1,BA,107545913.1,0.006929655333205073
2017Q1,MCD,106149682.73,0.006839690080682118
2017Q1,ABBV,103837477.32,0.006690704534983383
2017Q1,CELG,97179830.0,0.006261723089498437
2017Q1,HON,94990856.66,0.006120677927087939
2017Q1,LLY,92803104.94,0.005979711479017245
2017Q1,GS,91380318.8,0.005888035121647033
2017Q1,UTX,89957298.27,0.005796343661500095
2017Q1,RAI,89862360.68,0.0057902264157777645
2017Q1,WBA,89772980.55,0.005784467261601806
2017Q1,BMY,89591050.0,0.005772744677546862
2017Q1,GILD,88771440.0,0.0057199336069637605
2017Q1,AVGO,87882223.52,0.005662637485285234
2017Q1,CHTR,87570538.16,0.005642554229167472
2017Q1,PCLN,87538924.6,0.005640517228705614
2017Q1,USB,87201036.0,0.005618745582796187
2017Q1,UNP,85910864.64,0.0055356141779118444
2017Q1,QCOM,84691180.0,0.00545702454185059
2017Q1,SBUX,84531203.0,0.005446716521403459
2017Q1,CVS,80517450.0,0.005188092794281857
2017Q1,TXN,80377128.8,0.00517905128332237
2017Q1,AGN,80177729.28,0.005166203096837387
2017Q1,MS,79946508.6,0.005151304533311134
2017Q1,LMT,77556634.8,0.00499731447226197
2017Q1,DOW,77093844.48,0.004967494860184645
2017Q1,ABT,76740391.18,0.004944720312321479
2017Q1,TWX,75660175.14,0.004875117250458594
2017Q1,ACN,74335550.04,0.004789765839845928
2017Q1,UPS,73954057.1,0.004765184574876863
2017Q1,NKE,73854789.25,0.004758788311491859
2017Q1,COST,73606016.29,0.004742758777506516
2017Q1,LOW,71193860.0,0.004587332957801215
2017Q1,AXP,71192433.87,0.004587241065984264
2017Q1,DD,69451229.42,0.004475047618968536
2017Q1,MDLZ,65521018.2,0.004221806855500646
2017Q1,CL,64714598.0,0.004169845661637907
2017Q1,ADBE,64375050.74,0.004147967140982768
2017Q1,NFLX,63705075.33,0.004104797683964854
2017Q1,CB,63462661.25,0.004089177880534908
2017Q1,BLK,62224881.01,0.00400942226552166
2017Q1,NVDA,61710914.67,0.00397630515780082
2017Q1,COP,61630941.84,0.003971152157264149
2017Q1,AIG,61153930.8,0.003940416241764877
2017Q1,NEE,60098726.16,0.003872424774209995
2017Q1,TMO,59964057.6,0.0038637474876621436
2017Q1,DHR,59296238.4,0.003820716964720805
2017Q1,PNC,58455397.44,0.0037665378901759325
2017Q1,CRM,58361675.0,0.0037604989419028996
2017Q1,BIIB,57996483.3,0.003736968037393361
2017Q1,MET,57428914.74,0.0037003971033114087
2017Q1,DUK,57397404.83,0.0036983667814740988
2017Q1,GD,56791051.2,0.003659296755056352
2017Q1,EOG,56301860.45,0.003627776047369952
2017Q1,SPG,55019322.72,0.0035451365107799625
2017Q1,SCHW,54554481.52,0.0035151847515003864
2017Q1,CAT,54402441.36,0.0035053881364990732
2017Q1,GM,52968042.4,0.0034129635141532167
2017Q1,FDX,52178231.25,0.0033620725142996634
2017Q1,AMT,51921280.3,0.003345516036515296
2017Q1,PYPL,51451920.0,0.003315273091782795
2017Q1,TJX,51053257.2,0.003289585497354156
2017Q1,MON,49644426.0,0.003198808318033655
2017Q1,SO,49375786.4,0.0031814986892138306
2017Q1,SYK,49089388.7,0.003163044828048718
2017Q1,BK,48913041.05,0.0031516819747510346
2017Q1,D,48731956.24,0.0031400138854372913
2017Q1,KMI,48533223.86,0.003127208685711412
2017Q1,OXY,48443725.44,0.0031214419095914325
2017Q1,KMB,46827504.13,0.0030173016749916563
2017Q1,PRU,45911871.6,0.002958303451238879
2017Q1,ADP,45860481.0,0.0029549921292639056
2017Q1,ITW,45790639.96,0.0029504919644379062
2017Q1,F,45436099.8,0.002927647385413365
2017Q1,AET,44859335.0,0.0028904838972145285
2017Q1,RTN,44664200.0,0.0028779104924754042
2017Q1,YHOO,44444118.81,0.002863729695194865
2017Q1,ANTM,43722999.02,0.002817264781237542
2017Q1,CSX,42951079.85,0.0027675266402054422
2017Q1,HAL,42661772.93,0.002748885325223561
2017Q1,AMAT,42005425.9,0.002706594004560881
2017Q1,COF,41831388.62,0.002695380018545372
2017Q1,NOC,41526626.16,0.0026757428352677894
2017Q1,PSX,40954442.62,0.0026388745377635752
2017Q1,REGN,40437831.03,0.0026055869849719573
2017Q1,CME,40214512.8,0.002591197610992841
2017Q1,JCI,39513151.08,0.002546005796228251
2017Q1,HPE,39287608.5,0.002531473097613209
2017Q1,ESRX,39119364.57,0.0025206324025723865
2017Q1,BDX,39040618.0,0.0025155584153510897
2017Q1,EMR,38613590.9,0.002488043184547418
2017Q1,MMC,38053645.56,0.002451963447997817
2017Q1,PSA,37982417.37,0.0024473739030073985
2017Q1,CI,37599588.3,0.002422706545316505
2017Q1,ATVI,37572102.72,0.0024209355287288627
2017Q1,LYB,36706801.89,0.0023651803973752357
2017Q1,ECL,36355744.38,0.0023425602207798575
2017Q1,EBAY,36188460.0,0.0023317813537581883
2017Q1,BBT,36140754.6,0.0023287074853981207
2017Q1,MAR,35683954.38,0.0022992738417617615
2017Q1,ICE,35530090.98,0.0022893597474027906
2017Q1,CTSH,35057280.0,0.0022588944602085818
2017Q1,NSC,34790646.58,0.0022417140983737654
2017Q1,DE,34648287.38,0.002232541270126973
2017Q1,APC,34639524.0,0.0022319766070802473
2017Q1,FOXA,34085130.65,0.0021962546096209045
2017Q1,CCI,34052814.1,0.0021941723124270533
2017Q1,BSX,34046308.77,0.0021937531454552053
2017Q1,GIS,33997726.35,0.002190622766846211
2017Q1,PX,33833852.2,0.0021800636359151637
2017Q1,SPGI,33804526.62,0.002178174060049483
2017Q2,AAPL,744552003.64,0.046706931567096446
2017Q2,MSFT,531312440.0,0.03333007453408971
2017Q2,AMZN,464640000.0,0.02914760631525858
2017Q2,FB,357671620.0,0.022437309680399378
2017Q2,JNJ,356367167.57,0.022355479304438153
2017Q2,XOM,342074484.18,0.021458876539630228
2017Q2,JPM,324726285.6,0.020370596446463975
2017Q2,GOOG,315994500.36,0.019822837668474768
2017Q2,GOOGL,277084616.24,0.01738195874263521
2017Q2,WFC,276901390.38,0.017370464692975138
2017Q2,BAC,241433069.74,0.015145480518822935
2017Q2,GE,234553840.63,0.014713935533779145
2017Q2,T,231964040.0,0.01455147322059421
2017Q2,WMT,228137284.32,0.014311414749465335
2017Q2,PG,222896060.1,0.013982624416789375
2017Q2,BRK,222467833.74,0.013955761096035468
2017Q2,ORCL,207413235.48,0.013011362199434105
2017Q2,PFE,200459879.96,0.012575167146776155
2017Q2,CVX,197659131.81,0.012399471760101765
2017Q2,KO,191624271.15,0.012020895351085921
2017Q2,C,184137895.04,0.01155126306892718
2017Q2,HD,183398137.0,0.011504856870325108
2017Q2,CMCSA,183076877.76,0.011484703767164253
2017Q2,PM,182416645.35,0.011443286337835623
2017Q2,VZ,182184619.54,0.01142873098968467
2017Q2,UNH,178682208.04,0.011209019144910147
2017Q2,MRK,175296724.85,0.010996642399022911
2017Q2,V,173141325.0,0.010861430737780299
2017Q2,DIS,166268393.75,0.010430280827512482
2017Q2,PEP,164977580.49,0.010349306058381552
2017Q2,INTC,158544260.0,0.009945733630389114
2017Q2,CSCO,156501690.2,0.009817599977664775
2017Q2,IBM,144522823.51,0.009066146615097874
2017Q2,MO,143849603.15,0.009023914431005467
2017Q2,MA,127998826.9,0.008029570022589812
2017Q2,AMGN,125848461.0,0.007894674149038336
2017Q2,MCD,124836121.2,0.007831168463028377
2017Q2,MMM,124339395.6,0.0078000080759856975
2017Q2,MDT,120613646.25,0.007566285892611191
2017Q2,BA,119358142.75,0.007487526160893239
2017Q2,ABBV,115402637.91,0.007239391050152839
2017Q2,KHC,104325192.12,0.006544485254557242
2017Q2,HON,101612032.02,0.006374284405588001
2017Q2,CELG,101571327.0,0.006371730914932839
2017Q2,UTX,97837951.08,0.006137530304690443
2017Q2,AVGO,94756498.65,0.005944225892007858
2017Q2,RAI,92777283.6,0.005820066583531112
2017Q2,GILD,92438680.0,0.005798825441077322
2017Q2,BMY,91795022.48,0.0057584477809645125
2017Q2,PCLN,91762099.64,0.005756382478840072
2017Q2,SLB,91483165.68,0.005738884507821572
2017Q2,LLY,90808914.7,0.0056965876712971285
2017Q2,UNP,87938181.49,0.005516502010481833
2017Q2,USB,87499893.36,0.005489007498890298
2017Q2,GS,87346718.9,0.005479398621355794
2017Q2,CHTR,86868225.4,0.005449381962948403
2017Q2,NVDA,86013200.0,0.00539574485949466
2017Q2,ABT,84351571.92,0.005291508286840092
2017Q2,SBUX,84298767.0,0.005288195750210295
2017Q2,WBA,83799217.76,0.005256858231738776
2017Q2,MS,82426285.92,0.005170732033456227
2017Q2,CVS,81972245.7,0.0051422493682017215
2017Q2,AGN,81645909.03,0.005121777749780164
2017Q2,QCOM,81504720.0,0.005112920737335103
2017Q2,LMT,80352271.23,0.005040625792761963
2017Q2,NKE,77969739.0,0.004891165756016406
2017Q2,TWX,77871770.58,0.0048850200411888235
2017Q2,DOW,77052808.21,0.004833645228973407
2017Q2,ACN,76432508.48,0.004794732840183159
2017Q2,TXN,76292788.81,0.004785968003028248
2017Q2,UPS,76171074.3,0.004778332658201425
2017Q2,AXP,75291942.96,0.004723183350785521
2017Q2,COST,70199834.13,0.004403747263726094
2017Q2,DD,69978152.72,0.004389840836242255
2017Q2,ADBE,69787344.64,0.004377871141860346
2017Q2,BLK,68285110.96,0.004283633633470706
2017Q2,TMO,68256153.4,0.004281817079668342
2017Q2,CB,67881556.5,0.004258318020250047
2017Q2,NEE,65603681.19,0.00411542327857665
2017Q2,CL,65478510.09,0.004107571096360637
2017Q2,LOW,65452841.78,0.004105960882443071
2017Q2,MDLZ,65251408.81,0.004093324671810165
2017Q2,PYPL,64511340.0,0.004046898978111642
2017Q2,NFLX,64507767.5,0.004046674869503771
2017Q2,CAT,63303611.4,0.003971136241867499
2017Q2,CRM,61601870.8,0.003864383347025273
2017Q2,PNC,60424717.87,0.0037905386711977653
2017Q2,GD,59763798.5,0.0037490781477755707
2017Q2,MET,59111759.02,0.003708174673978554
2017Q2,DHR,58576786.8,0.003674615015623354
2017Q2,DUK,58503303.56,0.0036700052950864015
2017Q2,FDX,58108608.75,0.003645245461803525
2017Q2,AIG,57650754.84,0.0036165235577087815
2017Q2,SCHW,57443233.68,0.0036035054252325288
2017Q2,BIIB,57374187.52,0.003599174049782158
2017Q2,AMT,56237190.88,0.0035278484419040334
2017Q2,COP,54383091.84,0.0034115378597599677
2017Q2,BK,53054524.54,0.0033281947196434772
2017Q2,GM,52758097.35,0.0033095993704801287
2017Q2,EOG,52254299.36,0.003277995321162509
2017Q2,MON,51998270.28,0.003261934209701813
2017Q2,SYK,51871106.7,0.00325395703604591
2017Q2,REGN,51673330.54,0.0032415502229212892
2017Q2,SPG,50500501.44,0.0031679767878277135
2017Q2,YHOO,50382103.42,0.003160549491694221
2017Q2,AET,50362011.0,0.0031592890622260715
2017Q2,ANTM,49851816.18,0.003127283729586944
2017Q2,CSX,49830357.28,0.003125937578654699
2017Q2,ITW,49485855.75,0.003104326449670013
2017Q2,D,48199197.18,0.0030236123108517594
2017Q2,SO,47621400.12,0.0029873661821607426
2017Q2,RTN,47002791.0,0.0029485598480250928
2017Q2,TJX,46425228.92,0.0029123284600032656
2017Q2,PRU,46392060.0,0.002910247720888978
2017Q2,KMB,45824754.08,0.0028746597180986985
2017Q2,OXY,45775524.34,0.0028715714581974364
2017Q2,ADP,45594700.0,0.002860228059707129
2017Q2,NOC,44814634.83,0.002811293330722527
2017Q2,AMAT,44393047.92,0.002784846513228669
2017Q2,BDX,44358843.83,0.0027827008362536093
2017Q2,F,43765589.46,0.002745485045917937
2017Q2,ATVI,43454987.4,0.002726000484611144
2017Q2,CI,42854350.85,0.002688321598381041
2017Q2,KMI,42773588.72,0.0026832552614956635
2017Q2,PSX,42676143.62,0.00267714237536414
2017Q2,CME,42415406.52,0.002660785922319671
2017Q2,JCI,40676406.24,0.0025516956684810766
2017Q2,MMC,40175438.64,0.0025202691740305342
2017Q2,COF,39902898.78,0.0025031723150762994
2017Q2,DAL,39554897.08,0.0024813416148597002
2017Q2,DE,39531744.58,0.0024798892217054
2017Q2,CTSH,39176000.0,0.0024575727983095945
2017Q2,ICE,39029056.64,0.002448354807590067
2017Q2,ECL,38503473.75,0.0024153841568416256
2017Q2,EMR,38423897.6,0.0024103922183682184
2017Q2,BSX,37959823.44,0.0023812801080962563
2017Q2,PX,37890875.55,0.002376954897279306
2017Q2,SPGI,37636222.0,0.0023609800750036022
2017Q2,LUV,37573758.82,0.0023570616603603538
2017Q2,MAR,37515940.0,0.002353434593807812
2017Q2,EBAY,37434240.0,0.00234830942284544
2017Q2,HAL,37066642.28,0.0023252494331223285
2017Q2,ESRX,36870728.16,0.0023129594287289047
2017Q2,BBT,36844311.7,0.0023113022821717364
2017Q2,CCI,36676799.62,0.002300793982927396
2017Q2,PSA,36252106.38,0.002274152300411316
2017Q2,TRV,35354506.48,0.0022178444308481797
2017Q2,NSC,35266591.1,0.002212329359211437
2017Q2,CCL,35134766.52,0.0022040597936111564
2017Q2,AON,34842206.5,0.002185707038173518
2017Q3,AAPL,790050098.12,0.047462672648827614
2017Q3,MSFT,574722604.17,0.03452676088581313
2017Q3,AMZN,463370700.0,0.027837237032806036
2017Q3,FB,407524950.0,0.024482274407795806
2017Q3,JNJ,348946840.0,0.02096316382742509
2017Q3,XOM,347357949.88,0.02086771042286256
2017Q3,JPM,336096251.64,0.020191158013962263
2017Q3,GOOG,335183049.03,0.020136296889783398
2017Q3,GOOGL,290424648.36,0.01744741257176309
2017Q3,WFC,273761566.75,0.016446369233298744
2017Q3,BAC,267337000.0,0.01606041002730485
2017Q3,BRK,244507083.04,0.01468889083143252
2017Q3,T,240503800.0,0.014448391510060037
2017Q3,WMT,233419964.28,0.014022826376055885
2017Q3,PG,232000273.72,0.013937537723510618
2017Q3,CVX,222662852.5,0.013376587262516228
2017Q3,PFE,212320359.3,0.012755256576914863
2017Q3,GE,209349134.28,0.012576758680609498
2017Q3,VZ,201889901.92,0.0121286413972161
2017Q3,ORCL,201788048.1,0.012122522475734797
2017Q3,C,198184203.44,0.011906019623850048
2017Q3,HD,192807472.08,0.011583009676673757
2017Q3,V,192522898.8,0.011565913788115065
2017Q3,KO,191981333.04,0.011533378941975737
2017Q3,UNH,189359531.0,0.011375872813857204
2017Q3,CMCSA,179483302.96,0.010782553251486245
2017Q3,INTC,178214400.0,0.01070632324283626
2017Q3,MRK,174632476.62,0.010491137323307016
2017Q3,PM,172419399.88,0.01035818558125002
2017Q3,CSCO,166534280.28,0.010004633944792184
2017Q3,DWDP,161719341.56,0.009715373984144963
2017Q3,PEP,158844579.3,0.009542671138573188
2017Q3,DIS,152140922.17,0.009139945432104328
2017Q3,BA,150259209.43,0.009026900555570204
2017Q3,MA,148144074.8,0.008899832736971388
2017Q3,ABBV,141651281.7,0.008509774797335437
2017Q3,AMGN,135474570.0,0.008138705613038272
2017Q3,IBM,135205855.2,0.008122562430955712
2017Q3,MCD,126910329.96,0.007624204415618306
2017Q3,MMM,125261393.3,0.007525143683775521
2017Q3,MO,121675582.56,0.007309724229062132
2017Q3,CELG,114774922.0,0.006895163438551087
2017Q3,HON,107803050.06,0.006476324587160291
2017Q3,NVDA,107262000.0,0.006443820721968051
2017Q3,GILD,105893140.0,0.006361585741886818
2017Q3,MDT,105346542.07,0.0063287485855041395
2017Q3,BMY,104528883.24,0.0062796273038549615
2017Q3,AVGO,98951226.66,0.005944546669052091
2017Q3,SLB,96929915.52,0.005823115345661917
2017Q3,KHC,94455900.0,0.005674487569988831
2017Q3,LLY,94178599.06,0.005657828571057307
2017Q3,UNP,92820648.45,0.005576248978283284
2017Q3,UTX,92721569.84,0.005570296778993491
2017Q3,ABT,92709958.48,0.005569599220471571
2017Q3,GS,91762881.25,0.00551270306078801
2017Q3,CHTR,90349846.2,0.005427814241485208
2017Q3,USB,89643744.3,0.005385394800722952
2017Q3,LMT,89360727.39,0.005368392411905614
2017Q3,PCLN,89256136.64,0.005362109067923811
2017Q3,MS,88468106.77,0.0053147677615353805
2017Q3,TXN,88417041.48,0.00531169998754389
2017Q3,ACN,83471369.02,0.0050145861291241815
2017Q3,UPS,82714869.66,0.004969139034606798
2017Q3,CVS,82667065.8,0.004966267192727493
2017Q3,DOW,81542609.25,0.00489871487766864
2017Q3,AXP,79964830.8,0.004803929012490062
2017Q3,TWX,79685712.45,0.0047871608317027236
2017Q3,NFLX,78475766.85,0.004714472717275115
2017Q3,WBA,77957373.78,0.004683329982601227
2017Q3,PYPL,76964060.0,0.004623656138005933
2017Q3,SBUX,76891236.0,0.004619281198136672
2017Q3,QCOM,76412160.0,0.00459050045699631
2017Q3,TMO,75719164.4,0.004548868384057966
2017Q3,CAT,73700242.83,0.004427580615334706
2017Q3,ADBE,73537236.74,0.0044177879392653715
2017Q3,DD,72834957.58,0.00437559815160698
2017Q3,COST,72056443.97,0.0043288285395127425
2017Q3,BLK,71971654.02,0.004323734738941947
2017Q3,NEE,68766242.7,0.004131167978241541
2017Q3,AGN,68516014.7,0.004116135400333087
2017Q3,NKE,68034873.8,0.004087230609245783
2017Q3,CRM,67140954.0,0.004033527909957895
2017Q3,LOW,66574991.28,0.003999527403692886
2017Q3,CB,66345050.8,0.003985713609153875
2017Q3,BIIB,66217678.24,0.00397806163602697
2017Q3,PNC,64582727.39,0.0038798411090311164
2017Q3,CL,64169339.7,0.003855006627453032
2017Q3,GD,61563397.96,0.0036984533151480825
2017Q3,COP,60908297.45,0.0036590978095514142
2017Q3,MDLZ,60802110.14,0.0036527185513929978
2017Q3,FDX,60488825.84,0.003633897833298918
2017Q3,DHR,59590508.2,0.003579930931474027
2017Q3,GM,58842059.04,0.003534967456929942
2017Q3,DUK,58739804.0,0.003528824431947398
2017Q3,AMT,58659912.36,0.0035240248999104788
2017Q3,SCHW,58573065.06,0.0035188075029629396
2017Q3,EOG,55862319.52,0.0033559580475860636
2017Q3,AMAT,55553307.83,0.0033373940087712698
2017Q3,AIG,55460094.34,0.00333179415963151
2017Q3,MET,55121703.35,0.0033114651440109798
2017Q3,BK,54777931.12,0.0032908128475843687
2017Q3,RTN,54154658.42,0.003253369414311663
2017Q3,SYK,53124427.26,0.0031914777388140476
2017Q3,AET,52743617.0,0.0031686003633732947
2017Q3,MON,52639681.86,0.0031623564055049663
2017Q3,ITW,50920286.04,0.003059062802792158
2017Q3,NOC,50106725.72,0.0030101877412737547
2017Q3,SPG,50047543.35,0.003006632329458003
2017Q3,ANTM,49859639.8,0.002995343925463845
2017Q3,D,49434140.98,0.0029697818614198316
2017Q3,SO,49114152.36,0.002950558377797021
2017Q3,OXY,49093232.33,0.0029493015960586773
2017Q3,ATVI,48773237.07,0.0029300777135343953
2017Q3,ADP,48538080.0,0.002915950529624126
2017Q3,CSX,48493409.98,0.0029132669548210576
2017Q3,REGN,47167135.92,0.002833590347347426
2017Q3,CI,47067379.32,0.0028275974174539584
2017Q3,TJX,46912482.02,0.0028182918811828013
2017Q3,PSX,46859522.71,0.002815110322949698
2017Q3,F,46693808.91,0.0028051549797866383
2017Q3,CME,46011123.2,0.002764142278879612
2017Q3,PRU,45398640.0,0.0027273470304596936
2017Q3,BDX,44591361.75,0.002678849367580537
2017Q3,MU,43734960.0,0.0026274005847592235
2017Q3,MMC,42954720.25,0.0025805272739021336
2017Q3,KMI,42833293.86,0.0025732325200463805
2017Q3,CTSH,42798600.0,0.0025711482682704203
2017Q3,KMB,41576697.04,0.002497741809190018
2017Q3,COF,40949449.38,0.002460059578117374
2017Q3,CCI,40618574.66,0.0024401821063462768
2017Q3,ICE,40429469.1,0.00242882149097301
2017Q3,MAR,40399264.0,0.0024270069038005806
2017Q3,DE,40351690.23,0.002424148884698306
2017Q3,EBAY,40344540.0,0.0024237193308932234
2017Q3,EMR,40218856.8,0.0024161688469514424
2017Q3,SPGI,40171670.0,0.0024133340752742097
2017Q3,HAL,40119517.85,0.002410201007600055
2017Q3,BSX,40024944.59,0.0024045194695667157
2017Q3,PX,39974723.1,0.002401502387301327
2017Q3,ISRG,39758082.32,0.002388487579192329
2017Q3,LYB,39204386.2,0.002355223995334772
2017Q3,VRTX,38417923.32,0.002307976826689747
2017Q3,AON,38288427.0,0.002300197267570631
2017Q3,NSC,38109187.68,0.0022894293717230104
2017Q3,BBT,37931885.42,0.002278777845767502
2017Q3,JCI,37566355.71,0.0022568184573560145
2017Q3,PSA,37234901.97,0.0022369062006557306
2017Q3,ECL,37217290.41,0.002235848176982163
2017Q3,EA,36362480.0,0.0021844949947432343
2017Q3,INTU,36242004.36,0.0021772573576907426
2017Q4,AAPL,860882486.88,0.04893221452853477
2017Q4,MSFT,659085700.0,0.03746216627308969
2017Q4,AMZN,563534847.84,0.032031094242315344
2017Q4,FB,422974620.0,0.024041707389095116
2017Q4,JNJ,375360574.4,0.021335344175325382
2017Q4,JPM,371052498.44,0.021090474869360134
2017Q4,GOOG,365550422.4,0.020777739078767704
2017Q4,XOM,354391545.84,0.02014347302033008
2017Q4,GOOGL,314408298.0,0.017870841284092692
2017Q4,BAC,307911725.28,0.017501578701940086
2017Q4,WFC,298754914.87,0.016981109278751905
2017Q4,WMT,292535123.75,0.01662757885149286
2017Q4,BRK,264998732.24,0.015062421426125393
2017Q4,T,238684320.0,0.013566720811298661
2017Q4,CVX,237782631.06,0.013515469174376656
2017Q4,PG,233095701.04,0.013249065955918758
2017Q4,HD,221323467.97,0.012579936959987116
2017Q4,INTC,216351920.0,0.012297356171651423
2017Q4,VZ,215924812.13,0.012273079531993658
2017Q4,PFE,215896807.54,0.012271487762354307
2017Q4,UNH,213640510.82,0.012143240763692272
2017Q4,V,206473459.06,0.01173586842240045
2017Q4,C,196740188.82,0.011182633254179085
2017Q4,ORCL,195720382.56,0.011124667876264715
2017Q4,KO,195479401.96,0.01111097063582119
2017Q4,CSCO,189340722.6,0.010762050568398237
2017Q4,CMCSA,185634313.2,0.010551379747867701
2017Q4,BA,175642202.89,0.009983432214106502
2017Q4,PEP,170286400.0,0.009679010530566601
2017Q4,DWDP,166654087.8,0.009472551365101212
2017Q4,PM,164095896.95,0.00932714482543422
2017Q4,DIS,162047887.82,0.009210736809668036
2017Q4,MA,157959750.08,0.008978368703724952
2017Q4,ABBV,154390745.3,0.008775507906566385
2017Q4,MRK,153304069.99,0.008713741718727564
2017Q4,GE,151327883.25,0.00860141605874047
2017Q4,IBM,142034855.22,0.008073204080783214
2017Q4,MMM,140188254.96,0.007968244064232938
2017Q4,MCD,137211654.32,0.007799055280279249
2017Q4,MO,136263847.9,0.007745182344330644
2017Q4,AMGN,125590580.0,0.007138518086940397
2017Q4,NVDA,117261000.0,0.006665068107757109
2017Q4,HON,116064381.6,0.006597052798873547
2017Q4,MDT,109294963.5,0.006212281794990042
2017Q4,UNP,105559362.9,0.0059999517583847065
2017Q4,AVGO,105165097.8,0.005977541888572819
2017Q4,TXN,102681125.96,0.005836353927602413
2017Q4,UTX,101873574.9,0.005790453049941542
2017Q4,BMY,100296976.0,0.0057008398021684975
2017Q4,ABT,99336099.07,0.0056462239436850924
2017Q4,ACN,98367979.5,0.005591196416455216
2017Q4,GS,96095726.76,0.005462042484029792
2017Q4,MS,94860460.53,0.005391830448023257
2017Q4,KHC,94789440.0,0.005387793669644264
2017Q4,QCOM,94749600.0,0.0053855291800576745
2017Q4,CAT,93749699.72,0.005328695250045434
2017Q4,GILD,93705120.0,0.005326161356679142
2017Q4,SLB,93352806.18,0.00530613598076043
2017Q4,LLY,92998483.7,0.0052859964334146855
2017Q4,LMT,92055950.7,0.005232423236539265
2017Q4,USB,88915527.78,0.0050539228600376025
2017Q4,PYPL,88344000.0,0.005021437450744016
2017Q4,AXP,86200682.76,0.004899612160313865
2017Q4,ADBE,86088752.88,0.004893250110924101
2017Q4,PCLN,84231733.28,0.004787697863276205
2017Q4,NFLX,83194120.28,0.00472872035741753
2017Q4,BLK,82364151.72,0.0046815452780672165
2017Q4,CELG,82164402.12,0.004670191591091178
2017Q4,NKE,82074857.4,0.004665101905198255
2017Q4,UPS,81862841.55,0.00465305100950255
2017Q4,COST,81726408.72,0.004645296222283577
2017Q4,SBUX,80838468.0,0.00459482602866037
2017Q4,CHTR,80128475.76,0.00455447035511521
2017Q4,LOW,77117987.34,0.004383355403367279
2017Q4,TMO,76140930.6,0.004327819890986836
2017Q4,CRM,73840729.0,0.004197077356592862
2017Q4,NEE,73471463.62,0.004176088460817311
2017Q4,CVS,73441920.0,0.0041744092133313634
2017Q4,WBA,71942382.78,0.004089176120475113
2017Q4,TWX,71217901.71,0.004047996907656437
2017Q4,SCHW,68865389.12,0.003914281037616901
2017Q4,PNC,68653326.29,0.00390222747159688
2017Q4,CB,67836760.86,0.0038558142207684716
2017Q4,BIIB,67377555.0,0.0038297131442606713
2017Q4,FDX,66849270.6,0.0037996856713049094
2017Q4,CL,66253022.25,0.003765795154748784
2017Q4,COP,65621873.24,0.003729920898706336
2017Q4,DHR,64566056.1,0.003669908676847088
2017Q4,MDLZ,63692220.8,0.0036202402296271054
2017Q4,EOG,62395612.29,0.0035465415230814725
2017Q4,AMT,61184885.52,0.0034777243001178717
2017Q4,GD,60746711.35,0.00345281865641613
2017Q4,DUK,58874981.36,0.0033464302761133735
2017Q4,AET,58838167.08,0.003344337767235417
2017Q4,GM,58222523.92,0.0033093448574745008
2017Q4,SYK,57947011.92,0.0032936848661346317
2017Q4,ANTM,57773792.61,0.003283839150178528
2017Q4,ITW,57162643.15,0.0032491016605194
2017Q4,BDX,57028794.9,0.003241493779788773
2017Q4,OXY,56367946.7,0.003203931433724108
2017Q4,BK,55153824.92,0.0031349212397567077
2017Q4,AGN,54403927.14,0.0030922973513577015
2017Q4,RTN,54304992.95,0.0030866739717640107
2017Q4,AMAT,53768169.36,0.0030561611346809165
2017Q4,AIG,53559977.22,0.0030443275771246986
2017Q4,NOC,53426585.89,0.0030367456675432156
2017Q4,SPG,53385722.48,0.0030344230077435784
2017Q4,MET,53204237.44,0.0030241074710166274
2017Q4,D,52164541.8,0.0029650115887374542
2017Q4,ADP,51880013.0,0.0029488390861098254
2017Q4,PSX,51739337.65,0.0029408431557593033
2017Q4,MON,51476740.78,0.002925917255217488
2017Q4,DE,50489343.45,0.002869793987857773
2017Q4,CI,50071839.5,0.00284606323115258
2017Q4,CME,49545271.75,0.0028161333318928224
2017Q4,CSX,48958900.0,0.0027828041973108667
2017Q4,PRU,48751520.0,0.0027710168014658146
2017Q4,F,48729110.5,0.0027697430544931572
2017Q4,MAR,48514924.01,0.002757568780492326
2017Q4,TJX,48345887.38,0.0027479608063862232
2017Q4,COF,48270807.52,0.0027436932973216505
2017Q4,SO,48264470.52,0.0027433331047887637
2017Q4,ATVI,47965216.6,0.002726323632258994
2017Q4,MU,47547672.8,0.0027025906104958183
2017Q4,CCI,45100587.75,0.0025634992798426242
2017Q4,EMR,44506473.15,0.002529730044778853
2017Q4,PX,44285657.4,0.002517178966304207
2017Q4,LYB,43516827.2,0.0024734789667621554
2017Q4,SPGI,43197000.0,0.0024553001172664727
2017Q4,HAL,42641078.67,0.0024237017723179825
2017Q4,KMB,42442999.62,0.002412443038732478
2017Q4,ESRX,42126816.0,0.0023944712888594837
2017Q4,CTSH,41759760.0,0.0023736079733550886
2017Q4,MMC,41537956.23,0.00236100073622077
2017Q4,ISRG,41482729.8,0.002357861688137449
2017Q4,NSC,41462990.1,0.0023567396915236843
2017Q4,ICE,41279434.56,0.0023463064684089564
2017Q4,KMI,40354646.8,0.0022937419038425604
2017Q4,INTU,40336457.0,0.002292708002921824
2017Q4,VLO,40218069.71,0.0022859789169431713
2017Q4,DAL,39926488.0,0.0022694055297460105
2017Q4,REGN,39743859.48,0.002259024998075473
2017Q4,STZ,39375982.47,0.002238115016692677
2017Q4,BBT,39225152.12,0.002229541880223886
2017Q4,LUV,38837244.6,0.002207493372703815
2017Q4,EBAY,38834460.0,0.0022073350971590655
2017Q4,ECL,38766480.52,0.0022034711708397445
2017Q4,SHW,38344480.56,0.0021794848627332913
2017Q4,VRTX,37952494.58,0.002157204537186128
2017Q4,EXC,37837068.08,0.002150643741321006
2018Q1,AAPL,829383853.96,0.04790324550699128
2018Q1,AMZN,701959900.0,0.04054353996067156
2018Q1,MSFT,701866300.0,0.04053813384653268
2018Q1,FB,384443874.28,0.02220456692683809
2018Q1,JPM,375042897.67,0.02166158880108351
2018Q1,GOOG,360458931.87,0.02081925350501123
2018Q1,JNJ,343780316.0,0.01985593618586802
2018Q1,XOM,316157039.82,0.018260481229468807
2018Q1,GOOGL,309743935.28,0.017890075512291152
2018Q1,BAC,306618449.77,0.017709554877606486
2018Q1,BRK,268294615.6,0.015496061055356034
2018Q1,WMT,263563037.57,0.015222776323655061
2018Q1,WFC,255556034.13,0.014760310784049631
2018Q1,INTC,242692800.0,0.01401736087056721
2018Q1,T,231554985.15,0.013374067084917151
2018Q1,CVX,217845252.12,0.012582225401436452
2018Q1,V,215630002.5,0.01245427783421597
2018Q1,PFE,211115317.14,0.012193520309031099
2018Q1,UNH,207079882.0,0.011960443140581324
2018Q1,CSCO,206623304.13,0.011934072285041708
2018Q1,HD,206271804.8,0.011913770516903665
2018Q1,PG,199865197.12,0.011543740042960032
2018Q1,VZ,197399238.48,0.011401312117002717
2018Q1,BA,192539005.12,0.0111205965583941
2018Q1,ORCL,186765819.75,0.010787151055668147
2018Q1,KO,185207191.57,0.010697128386424991
2018Q1,MA,181684009.36,0.01049363773301322
2018Q1,C,172822005.0,0.009981789366886741
2018Q1,CMCSA,157444152.24,0.00909360104176392
2018Q1,PEP,154883850.0,0.008945724053094286
2018Q1,PM,154391062.0,0.008917261786275143
2018Q1,DIS,151029117.0,0.008723083811930626
2018Q1,ABBV,150179924.55,0.0086740364688689
2018Q1,DWDP,148185955.95,0.008558869568858762
2018Q1,MRK,146861523.77,0.008482373505458234
2018Q1,IBM,141334806.24,0.00816316340096523
2018Q1,NVDA,140111950.0,0.008092534123092524
2018Q1,MMM,130550300.16,0.00754027589241868
2018Q1,NFLX,128375944.95,0.007414690289387325
2018Q1,MCD,124243597.24,0.007176015680607287
2018Q1,MO,118435981.68,0.006840581571717195
2018Q1,GE,117053741.76,0.006760746670276593
2018Q1,AMGN,113607872.0,0.006561721400722263
2018Q1,MDT,108728022.06,0.006279872834950243
2018Q1,HON,108148538.31,0.006246403227106997
2018Q1,ADBE,106412917.6,0.006146157888858395
2018Q1,ABT,104640333.28,0.0060437776201114485
2018Q1,UNP,104261084.97,0.006021873136662319
2018Q1,BMY,103415268.0,0.005973020753324455
2018Q1,TXN,101990683.02,0.005890740101589216
2018Q1,UTX,100666820.52,0.005814276941555168
2018Q1,BKNG,100403782.18,0.0057990844705194606
2018Q1,ACN,98713854.5,0.005701478253376964
2018Q1,GILD,98007000.0,0.005660652012922017
2018Q1,AVGO,96793708.8,0.0055905751890875915
2018Q1,MS,96688010.16,0.005584470286179848
2018Q1,LMT,96588504.32,0.005578723064721243
2018Q1,GS,95462495.8,0.005513687481596514
2018Q1,SLB,89782294.46,0.005185612516042285
2018Q1,PYPL,89754210.0,0.005183990424201592
2018Q1,CAT,88078119.88,0.005087183431725374
2018Q1,BLK,87064696.68,0.005028650509821614
2018Q1,NKE,86230815.0,0.004980487480543799
2018Q1,CRM,85176142.9,0.004919572119948763
2018Q1,LLY,84542199.0,0.004882957022929012
2018Q1,USB,83366965.5,0.004815078321637999
2018Q1,TMO,82952324.64,0.0047911296483922235
2018Q1,COST,82686852.6,0.0047757966126131405
2018Q1,QCOM,82117620.0,0.0047429190868954795
2018Q1,AXP,80234325.6,0.004634144466345062
2018Q1,SBUX,80027136.0,0.004622177686152867
2018Q1,NEE,76894784.02,0.00444126046043667
2018Q1,KHC,75931510.0,0.004385624036300552
2018Q1,CHTR,73903234.86,0.0042684756718571895
2018Q1,TWX,73758402.16,0.004260110478403743
2018Q1,LOW,72832500.0,0.004206632564318292
2018Q1,UPS,72034756.84,0.004160556810296143
2018Q1,PNC,71323271.6,0.004119463109275089
2018Q1,SCHW,70312820.06,0.004061101823409171
2018Q1,COP,69640729.62,0.0040222834726581875
2018Q1,DHR,68384554.13,0.0039497297538824685
2018Q1,GD,65845430.2,0.003803075974199253
2018Q1,CELG,65310641.0,0.003772187817624019
2018Q1,WBA,64924373.02,0.0037498778946744916
2018Q1,FDX,64160993.65,0.0037057869117098703
2018Q1,AMT,64073429.68,0.0037007294243565185
2018Q1,CB,63473726.07,0.00366609196532703
2018Q1,CVS,63171828.81,0.0036486550951798503
2018Q1,CL,62607247.36,0.0036160462088615166
2018Q1,RTN,62265364.92,0.0035962998894948518
2018Q1,MDLZ,61815900.9,0.0035703399130691984
2018Q1,EOG,60913222.26,0.00351820333445198
2018Q1,NOC,60777602.56,0.003510370262040858
2018Q1,MU,60470147.1,0.003492612363436341
2018Q1,SYK,60041343.96,0.0034678457104667746
2018Q1,AMAT,58428759.68,0.0033747066647803604
2018Q1,AGN,58183238.28,0.0033605259306784554
2018Q1,BIIB,57778210.56,0.0033371324896129474
2018Q1,BDX,57694641.4,0.0033323057330162534
2018Q1,ANTM,56182123.4,0.003244946278474427
2018Q1,DUK,55924043.6,0.003230040200955836
2018Q1,AET,55253367.0,0.003191303510252012
2018Q1,CME,54900216.9,0.003170906397551607
2018Q1,ITW,53141578.56,0.0030693316155531495
2018Q1,BK,51918896.91,0.002998712421585011
2018Q1,TJX,51570632.68,0.0029785975051547743
2018Q1,MON,51437068.69,0.002970883165680579
2018Q1,ATVI,51328155.28,0.002964592585277642
2018Q1,GM,50986582.62,0.0029448641580695025
2018Q1,DE,50290752.16,0.0029046746400345513
2018Q1,ADP,50124116.0,0.002895050130412488
2018Q1,OXY,49737858.24,0.002872740797745936
2018Q1,AIG,49144742.88,0.002838483860420245
2018Q1,CSX,48765971.34,0.0028166069140762233
2018Q1,MAR,48049212.9,0.002775208645522295
2018Q1,SPG,47859767.55,0.002764266731150707
2018Q1,SPGI,47642530.54,0.0027517196363723985
2018Q1,MET,47571547.27,0.00274761981094963
2018Q1,CTSH,47173000.0,0.0027246006653154397
2018Q1,ISRG,46773639.0,0.002701534520565243
2018Q1,COF,46605410.7,0.0026918180527106465
2018Q1,SO,45024380.94,0.0026005015213054036
2018Q1,PSX,44729894.0,0.0025834926536766603
2018Q1,CCI,44601076.27,0.0025760524469299532
2018Q1,INTU,44396841.85,0.0025642563509298616
2018Q1,D,43995445.23,0.002541072633593517
2018Q1,PRU,43685777.55,0.0025231869624054502
2018Q1,EMR,43359435.4,0.002504338213353864
2018Q1,F,43239700.0,0.0024974225804600095
2018Q1,ICE,42227960.88,0.0024389869270252554
2018Q1,MMC,41924418.39,0.0024214550322929824
2018Q1,LYB,41696678.08,0.0024083012918027624
2018Q1,VRTX,41540179.42,0.0023992623001516705
2018Q1,PX,41433869.1,0.002393122068057
2018Q1,NSC,41226202.5,0.0023811277374754425
2018Q1,HAL,41068275.4,0.0023720062425157972
2018Q1,CI,40800574.38,0.0023565444661352913
2018Q1,ZTS,40523561.54,0.002340544861103495
2018Q1,EBAY,40521680.0,0.00234043618781293
2018Q1,BBT,40453866.44,0.0023365194373265626
2018Q1,VLO,39976633.94,0.0023089556193160448
2018Q1,ECL,39523860.36,0.002282804490549478
2018Q1,STZ,39061157.52,0.0022560798712607465
2018Q1,ESRX,38802236.0,0.002241125177990094
2018Q1,DAL,38745901.53,0.0022378714325331124
2018Q1,FOXA,38671810.35,0.0022335921015954573
2018Q1,KMB,38552658.45,0.0022267101702785263
2018Q1,TRV,37690492.08,0.0021769134843498254
2018Q1,BSX,37687803.4,0.0021767581925660334
2018Q1,EXC,37644142.87,0.0021742364638422714
2018Q2,AAPL,896472365.87,0.05024524624184735
2018Q2,AMZN,827802600.0,0.04639646135246628
2018Q2,MSFT,757028970.0,0.04242975964233786
2018Q2,FB,468894160.0,0.02628045595995608
2018Q2,GOOG,390656004.0,0.021895384469310573
2018Q2,JPM,354777763.4,0.019884490322091913
2018Q2,XOM,350265086.82,0.019631565017749854
2018Q2,GOOGL,337509245.05,0.018916628969348967
2018Q2,JNJ,325452081.0,0.018240852225151535
2018Q2,BAC,285828389.26,0.016020034022288982
2018Q2,WFC,270152134.56,0.015141415441796521
2018Q2,WMT,252739788.6,0.01416549287717917
2018Q2,BRK,251245272.05,0.0140817286085568
2018Q2,CVX,241602293.51,0.013541261495800967
2018Q2,V,236577421.8,0.013259628814176005
2018Q2,UNH,235767078.54,0.01321421090929769
2018Q2,T,235247493.0,0.013185089316268252
2018Q2,INTC,229212810.0,0.012846858998335105
2018Q2,HD,225056434.4,0.012613903557156577
2018Q2,PFE,212222435.88,0.011894586999887017
2018Q2,VZ,207875738.07,0.011650964429780914
2018Q2,MA,202453921.4,0.011347083881942803
2018Q2,CSCO,202365012.46,0.01134210073717061
2018Q2,PG,196289597.94,0.01100158750976906
2018Q2,BA,195461751.31,0.010955188580634791
2018Q2,KO,186635835.18,0.010460515965900731
2018Q2,ORCL,175409689.3,0.00983131590847331
2018Q2,C,170641516.36,0.009564070611668751
2018Q2,NFLX,170451324.94,0.009553410813224531
2018Q2,MRK,163301452.8,0.009152676669095744
2018Q2,DIS,155826372.31,0.008733715333312478
2018Q2,PEP,154051050.0,0.0086342125376652
2018Q2,DWDP,152986279.04,0.00857453453629764
2018Q2,CMCSA,150023364.09,0.008408469862221575
2018Q2,ABBV,147024339.35,0.008240381316178715
2018Q2,NVDA,143798300.0,0.008059569115270176
2018Q2,IBM,128240129.6,0.007187568892416702
2018Q2,PM,125508230.76,0.007034452148220795
2018Q2,MCD,123029384.13,0.006895518407414126
2018Q2,AMGN,119798910.0,0.006714457647128175
2018Q2,ADBE,119384736.03,0.0066912441339158435
2018Q2,GE,118207450.18,0.00662525992772909
2018Q2,MMM,116791090.24,0.006545876160128709
2018Q2,MDT,115719807.49,0.006485833187676171
2018Q2,UNP,109884032.72,0.006158751225650439
2018Q2,HON,107595266.5,0.006030471061428847
2018Q2,MO,107483479.92,0.006024205676736055
2018Q2,TXN,107423851.5,0.0060208636388105405
2018Q2,ABT,106926936.12,0.005993012656917495
2018Q2,ACN,104819965.32,0.0058749217143510245
2018Q2,AVGO,104742835.2,0.005870598745769275
2018Q2,NKE,102205057.92,0.005728362075465646
2018Q2,CRM,101271134.8,0.005676017799253835
2018Q2,UTX,100031376.77,0.00560653216883264
2018Q2,PYPL,98591680.0,0.005525840424751894
2018Q2,BKNG,96821926.76,0.005426649762868177
2018Q2,SLB,92845464.99,0.005203778084485716
2018Q2,LLY,92619741.9,0.0051911268163916755
2018Q2,GILD,91808640.0,0.005145666391459135
2018Q2,COST,91646507.16,0.005136579212891412
2018Q2,BMY,90455332.92,0.005069816593892373
2018Q2,LMT,84353832.47,0.004727841309180196
2018Q2,AXP,84315476.0,0.004725691515886515
2018Q2,MS,83910324.0,0.004702983663664409
2018Q2,TMO,83337186.22,0.00467086058884028
2018Q2,GS,83313259.26,0.004669519536909637
2018Q2,QCOM,82440280.0,0.004620591026056814
2018Q2,USB,82155849.2,0.004604649323748014
2018Q2,COP,81459994.92,0.0045656482669635
2018Q2,CAT,81117771.35,0.004546467410755258
2018Q2,BLK,79931236.8,0.004479964835875159
2018Q2,NEE,78743955.08,0.004413420383808363
2018Q2,LOW,77999837.78,0.0043717142940338785
2018Q2,KHC,76577580.0,0.004291999965855863
2018Q2,UPS,73251958.8,0.004105606427736095
2018Q2,EOG,72027674.23,0.004036988049711642
2018Q2,SCHW,68943353.5,0.003864118856563353
2018Q2,DHR,68935183.64,0.00386366095440921
2018Q2,CHTR,67984843.44,0.003810396538036279
2018Q2,SBUX,66743755.0,0.003740836341147005
2018Q2,CVS,65421170.1,0.0036667084522056014
2018Q2,OXY,64079633.6,0.003591518368995941
2018Q2,BDX,64010911.12,0.003587666629598933
2018Q2,AMT,63674122.2,0.0035687903732176188
2018Q2,PNC,63429314.9,0.0035550694783650877
2018Q2,SYK,63104839.46,0.003536883364656597
2018Q2,MU,60820488.84,0.0034088506848168475
2018Q2,ANTM,60745017.97,0.003404620713440589
2018Q2,FDX,60673837.9,0.003400631231688755
2018Q2,MDLZ,60120842.0,0.003369637063631754
2018Q2,AET,60022850.0,0.003364144833913158
2018Q2,WBA,59559606.18,0.0033381810667162458
2018Q2,TJX,59506821.54,0.0033352226071634928
2018Q2,CB,59166170.04,0.003316129861919144
2018Q2,ADP,58860632.0,0.0032990051466010614
2018Q2,BIIB,58466816.32,0.0032769326694463445
2018Q2,ATVI,58168509.12,0.00326021322633761
2018Q2,CL,56535124.01,0.0031686656893646545
2018Q2,AGN,56528750.08,0.0031683084450205216
2018Q2,MON,56462287.8,0.003164583384715786
2018Q2,CELG,55800492.0,0.00312749122861731
2018Q2,CME,55654118.4,0.0031192873197682424
2018Q2,GM,55532014.8,0.003112443689465079
2018Q2,RTN,55490955.0,0.0031101423806459963
2018Q2,DUK,55435633.56,0.0031070417391972707
2018Q2,GD,55369921.53,0.0031033587287062586
2018Q2,CSX,54774965.58,0.0030700127948560933
2018Q2,BK,54505756.68,0.0030549242455756367
2018Q2,ISRG,54403176.0,0.003049174830733101
2018Q2,NOC,53657956.8,0.0030074069819586275
2018Q2,SPG,52706141.1,0.002954059867151643
2018Q2,INTU,52422211.34,0.0029381462470003472
2018Q2,FOXA,52374899.77,0.0029354945406285266
2018Q2,PSX,52372960.75,0.0029353858629480125
2018Q2,SPGI,51237557.0,0.0028717490536334244
2018Q2,VLO,47759085.26,0.0026767885888431997
2018Q2,AIG,47595152.66,0.0026676005378026384
2018Q2,ITW,46932226.02,0.002630445000682702
2018Q2,SO,46848353.75,0.0026257441498595724
2018Q2,AMAT,46561737.12,0.0026096799367286046
2018Q2,CTSH,45814200.0,0.002567782173786553
2018Q2,PX,45447407.35,0.0025472242762756086
2018Q2,DE,45335043.0,0.0025409265088825487
2018Q2,BSX,45119819.7,0.0025288637302435346
2018Q2,CCI,44726215.86,0.0025068031262411527
2018Q2,COF,44703284.6,0.0025055178810409642
2018Q2,D,44510017.58,0.002494685702180767
2018Q2,MET,44320751.6,0.0024840777725530917
2018Q2,MAR,44145420.0,0.0024742508333730675
2018Q2,EMR,43564422.6,0.0024416872446443253
2018Q2,ESRX,43399741.0,0.0024324572138497104
2018Q2,F,43329109.14,0.002428498458027075
2018Q2,VRTX,43319914.68,0.002427983129362914
2018Q2,LYB,43068779.65,0.0024139075795716405
2018Q2,EA,43011100.0,0.002410674765792065
2018Q2,NSC,42627111.54,0.0023891530820667624
2018Q2,ICE,42602219.4,0.002387757933982557
2018Q2,MMC,41590184.51,0.002331035669929228
2018Q2,CI,41343396.6,0.0023172037663708542
2018Q2,ZTS,41220459.35,0.0023103134118728093
2018Q2,EXC,41125273.2,0.0023049784436934813
2018Q2,ILMN,41055630.0,0.0023010751000252416
2018Q2,HUM,40978293.66,0.002296740573279431
2018Q2,TGT,40582236.2,0.002274542449431734
2018Q2,ECL,40488011.6,0.002269261373952687
2018Q2,BAX,39540286.24,0.0022161435134410235
2018Q2,PSA,39525590.94,0.002215319875150309
2018Q2,HAL,39471478.56,0.002212286998776932
2018Q2,FOX,39343129.67,0.0022050933341103596
2018Q2,BBT,39330690.88,0.002204396168095773
2018Q3,AAPL,1073390539.64,0.05601734252581098
2018Q3,AMZN,969452000.0,0.05059307189771396
2018Q3,MSFT,878361600.0,0.045839310848800226
2018Q3,GOOG,416928003.27,0.021758342285754666
2018Q3,FB,395032920.0,0.020615697242899998
2018Q3,JPM,379242150.56,0.019791619791310704
2018Q3,JNJ,370676396.52,0.01934459630793674
2018Q3,GOOGL,360277167.6,0.018801888740743785
2018Q3,XOM,359958526.2,0.018785259709848196
2018Q3,BAC,294253845.0,0.015356310509714541
2018Q3,BRK,292440216.51,0.015261662155190219
2018Q3,WMT,275037503.85,0.01435346175659118
2018Q3,V,266658599.22,0.013916189437415316
2018Q3,PFE,258343187.7,0.013482230651533767
2018Q3,UNH,256056316.92,0.013362885064755544
2018Q3,WFC,253136160.72,0.013210490028612286
2018Q3,T,243857960.0,0.012726285884303561
2018Q3,HD,237008186.7,0.012368814784084116
2018Q3,CVX,234306455.16,0.012227818738842535
2018Q3,MA,228187493.55,0.01190848671964604
2018Q3,CSCO,222395399.1,0.011606213011461208
2018Q3,VZ,220604063.04,0.011512728038428456
2018Q3,INTC,215831560.0,0.011263664042031751
2018Q3,BA,213659525.2,0.011150311433753324
2018Q3,PG,207172703.57,0.01081178179730486
2018Q3,KO,196442467.18,0.010251799847544856
2018Q3,ORCL,195307217.6,0.01019255424938962
2018Q3,MRK,188666703.5,0.009846003819560105
2018Q3,C,180541242.7,0.00942195804683855
2018Q3,DIS,173918196.42,0.009076319215183216
2018Q3,NVDA,170860160.0,0.008916728584122692
2018Q3,NFLX,163152481.05,0.00851448571363313
2018Q3,CMCSA,160763524.6,0.008389812552470578
2018Q3,PEP,157813302.4,0.008235848453289979
2018Q3,DWDP,148387414.87,0.00774393693471551
2018Q3,ABBV,143219940.34,0.00747426044694108
2018Q3,IBM,138019649.28,0.007202871353424724
2018Q3,MDT,132849767.07,0.006933069215357813
2018Q3,AMGN,132769245.0,0.00692886698680306
2018Q3,ADBE,131771773.3,0.006876811642717912
2018Q3,MCD,129783582.0,0.00677305332834308
2018Q3,ABT,128696841.84,0.006716339305318719
2018Q3,PM,126754500.78,0.0066149737906790445
2018Q3,MMM,123605225.23,0.006450621636754082
2018Q3,HON,123570470.4,0.006448807876389482
2018Q3,UNP,120411808.02,0.006283965849252558
2018Q3,CRM,120338001.0,0.006280114060954204
2018Q3,LLY,115249652.28,0.006014566934710098
2018Q3,MO,113694904.25,0.005933428849622215
2018Q3,UTX,111861002.33,0.005837722479743236
2018Q3,ACN,108757800.0,0.005675774762275178
2018Q3,NKE,108483028.08,0.0056614351606197755
2018Q3,TXN,103520151.27,0.005402436073230377
2018Q3,PYPL,103475520.0,0.005400106888235147
2018Q3,COST,103004744.96,0.005375538415070545
2018Q3,AVGO,102009778.31,0.005323613802754229
2018Q3,BMY,101306924.16,0.005286933749956817
2018Q3,GILD,99909740.0,0.005214018496121426
2018Q3,LMT,98522834.76,0.005141639671256826
2018Q3,TMO,98314447.68,0.005130764514445561
2018Q3,GE,98122304.49,0.005120737082219596
2018Q3,LOW,93119020.0,0.004859629227547795
2018Q3,BKNG,92507968.0,0.0048277400801023905
2018Q3,AXP,91693640.46,0.004785242533262002
2018Q3,CAT,90628619.25,0.004729661963362594
2018Q3,COP,89946153.0,0.004694045899798835
2018Q3,QCOM,87804570.0,0.004582282488413927
2018Q3,USB,86029866.45,0.004489665520990808
2018Q3,GS,84663157.44,0.004418340682622138
2018Q3,SLB,84320529.48,0.004400459858182716
2018Q3,MS,81254870.3,0.004240471415941504
2018Q3,UPS,80953165.75,0.004224726273335148
2018Q3,CVS,80141998.08,0.00418239363154431
2018Q3,NEE,79040998.0,0.0041249354219508195
2018Q3,DHR,76035378.3,0.003968080277416293
2018Q3,BLK,75216726.72,0.003925357070649876
2018Q3,CHTR,74599797.84,0.0038931612247682683
2018Q3,SBUX,74409244.0,0.0038832167364104063
2018Q3,EOG,73888671.57,0.0038560494724520487
2018Q3,ANTM,71240393.7,0.003717843029346011
2018Q3,BIIB,71185958.73,0.0037150022158235676
2018Q3,BDX,69834204.0,0.003644457800790162
2018Q3,TJX,69538319.34,0.003629016382466397
2018Q3,WBA,69194055.6,0.0036110501911030325
2018Q3,KHC,67179090.0,0.003505894598590747
2018Q3,SYK,66450543.2,0.003467873716037254
2018Q3,SCHW,66404746.45,0.0034654837078001966
2018Q3,AET,66352235.0,0.0034627432775722914
2018Q3,ADP,66019212.0,0.0034453637099582245
2018Q3,ISRG,65550800.0,0.003420918557445514
2018Q3,AGN,64657293.12,0.0033742888554892107
2018Q3,AMT,64053325.5,0.0033427694226317293
2018Q3,ATVI,63473054.91,0.003312486673532239
2018Q3,FDX,63452017.64,0.0033113887954385928
2018Q3,PNC,63233289.38,0.003299973960475911
2018Q3,OXY,62837124.57,0.003279299192962229
2018Q3,MDLZ,62596371.6,0.0032667349480890446
2018Q3,CELG,62544561.0,0.003264031093322781
2018Q3,CSX,62529301.0,0.00326323471528946
2018Q3,CB,61909932.76,0.003230911565822049
2018Q3,GD,60654646.32,0.0031654015693383187
2018Q3,RTN,58951831.6,0.0030765362850772664
2018Q3,INTU,58822012.8,0.003069761393816972
2018Q3,CL,58095126.05,0.003031827144772929
2018Q3,CME,57847570.6,0.00301890789690865
2018Q3,DUK,57002647.1,0.002974813629855131
2018Q3,NOC,55261416.51,0.002883943525476194
2018Q3,SPG,54652867.5,0.002852185002293806
2018Q3,ILMN,53957820.0,0.0028159123573976933
2018Q3,ESRX,53547636.0,0.002794505966361013
2018Q3,BSX,53242612.5,0.002778587616751138
2018Q3,MU,52512030.0,0.0027404604965330028
2018Q3,PSX,52331612.64,0.002731045003588457
2018Q3,BK,50987195.55,0.002660883520095839
2018Q3,CI,50680761.25,0.002644891544658349
2018Q3,NSC,50545415.0,0.0026378281907663195
2018Q3,VRTX,49266464.14,0.0025710832123520986
2018Q3,SPGI,49140585.0,0.0025645139212676074
2018Q3,FOXA,48969559.09,0.0025555885426402983
2018Q3,VLO,48616522.5,0.002537164520016802
2018Q3,DE,48357252.42,0.002523633917368743
2018Q3,HCA,48141919.52,0.002512396277040348
2018Q3,EMR,48127926.28,0.002511666007777505
2018Q3,GM,47504598.96,0.0024791362446571342
2018Q3,ITW,47325015.36,0.002469764263386839
2018Q3,AIG,47300865.04,0.002468503923652522
2018Q3,HUM,46635530.76,0.0024337819311618636
2018Q3,MET,46478831.36,0.0024256042142552724
2018Q3,TGT,46429421.71,0.002423025658561034
2018Q3,PX,46222090.48,0.0024122056036990796
2018Q3,CCI,46184137.2,0.0024102249248993102
2018Q3,D,45946674.48,0.002397832389254444
2018Q3,COF,45416885.25,0.00237018412548891
2018Q3,ECL,45294369.12,0.0023637903407798993
2018Q3,MAR,45039393.9,0.0023504838752327704
2018Q3,CTSH,44747000.0,0.0023352246302106826
2018Q3,SO,44216329.6,0.002307530380571517
2018Q3,ZTS,44115805.44,0.0023022842971611598
2018Q3,REGN,42949047.96,0.0022413943871162734
2018Q3,ICE,42944696.93,0.0022411673186553084
2018Q3,PLD,42675093.01,0.0022270974209105355
2018Q3,SHW,42507965.01,0.002218375463639705
2018Q3,PRU,42250440.0,0.0022049359314644254
2018Q3,EXC,42171499.62,0.0022008162470231398
2018Q3,MMC,41771945.6,0.0021799646058269996
2018Q3,PGR,41423424.0,0.0021617762082924066
2018Q3,BAX,41186565.94,0.0021494152282138333
2018Q3,HPQ,40778679.93,0.002128128763045881
2018Q3,DAL,39979671.73,0.0020864306910325548
2018Q3,LYB,39909603.24,0.0020827740064805252
2018Q4,MSFT,780362310.0,0.047175709343810684
2018Q4,AAPL,746079125.22,0.04510316747468655
2018Q4,AMZN,734416768.93,0.04439813607638515
2018Q4,GOOG,362130033.58,0.021892063455543467
2018Q4,JNJ,346109260.9,0.020923550105103793
2018Q4,JPM,324626621.82,0.019624847279263745
2018Q4,FB,314939267.94,0.019039211882606114
2018Q4,GOOGL,312695920.32,0.018903593447525298
2018Q4,XOM,288703299.33,0.01745315318443718
2018Q4,BRK,278255074.74,0.016821520415785534
2018Q4,WMT,270624969.0,0.01636025307106615
2018Q4,PFE,252317733.75,0.015253514831692745
2018Q4,BAC,241821814.08,0.0146189987238506
2018Q4,UNH,239661910.08,0.01448842475582473
2018Q4,VZ,232301883.3,0.014043484655967855
2018Q4,V,231850509.48,0.01401619748452857
2018Q4,PG,229010223.36,0.013844491969368081
2018Q4,WFC,216909803.52,0.01311297805333859
2018Q4,INTC,214188520.0,0.012948466673513463
2018Q4,CVX,207873103.46,0.01256667702111965
2018Q4,T,207714120.0,0.012557065898948162
2018Q4,KO,201545937.9,0.012184177098194452
2018Q4,MRK,198694730.16,0.012011811331809522
2018Q4,CSCO,194810033.46,0.011776967439351338
2018Q4,HD,194075500.96,0.011732562306915377
2018Q4,MA,192598633.15,0.011643280334104836
2018Q4,BA,183142912.5,0.011071647999605404
2018Q4,DIS,163232775.15,0.009868008561125926
2018Q4,ORCL,162039692.85,0.009795882443440866
2018Q4,PEP,155666320.0,0.009410589123583665
2018Q4,CMCSA,153787437.9,0.009297003940515447
2018Q4,ABBV,138673673.04,0.008383322476163253
2018Q4,MCD,136890488.7,0.008275522567002756
2018Q4,C,127137652.22,0.007685928511572025
2018Q4,ABT,127035565.89,0.0076797570256220485
2018Q4,DWDP,122696169.12,0.0074174248779444
2018Q4,LLY,122584741.84,0.007410688697958656
2018Q4,AMGN,122564232.0,0.007409448804337283
2018Q4,MDT,122163373.2,0.007385215447607499
2018Q4,NFLX,116860088.34,0.007064612796868521
2018Q4,MMM,110948964.98,0.006707264121832218
2018Q4,ADBE,110328877.12,0.00666977757965031
2018Q4,CRM,104782050.0,0.00633445192304154
2018Q4,PM,103780022.24,0.006273875739704098
2018Q4,AVGO,103560869.88,0.006260627191042938
2018Q4,IBM,103302613.98,0.00624501469269621
2018Q4,UNP,101846481.7,0.006156986257279563
2018Q4,PYPL,98721660.0,0.005968079542563379
2018Q4,HON,97806850.56,0.0059127760204770625
2018Q4,NKE,94385187.38,0.005705924170274174
2018Q4,MO,92806032.55,0.005610458579081086
2018Q4,UTX,91933128.32,0.0055576883777121045
2018Q4,TXN,90771313.5,0.005487452491691865
2018Q4,TMO,90092483.04,0.00544641474798704
2018Q4,ACN,89886683.49,0.0054339734247331175
2018Q4,COST,89732217.9,0.005424635424058201
2018Q4,LIN,85986622.2,0.005198200687528412
2018Q4,BMY,84841704.02,0.005128986264189431
2018Q4,CVS,84730398.48,0.005122257443824701
2018Q4,NEE,83076399.9,0.005022267278660067
2018Q4,NVDA,81435000.0,0.004923038749030849
2018Q4,AXP,81428253.84,0.004922630919386504
2018Q4,GILD,80189100.0,0.004847719611345363
2018Q4,SBUX,80068520.0,0.004840430116504592
2018Q4,BKNG,78597469.44,0.0047514998173867245
2018Q4,CAT,74984896.49,0.004533106784703595
2018Q4,LMT,74474103.84,0.004502227531204852
2018Q4,LOW,74161108.52,0.0044833058379694455
2018Q4,USB,73855450.1,0.004464827686736836
2018Q4,CI,72317357.76,0.00437184447080502
2018Q4,DHR,72277117.36,0.004369411793842085
2018Q4,COP,71779938.7,0.004339355555021293
2018Q4,AMT,69680796.72,0.004212454869723112
2018Q4,QCOM,68861100.0,0.004162901253771574
2018Q4,MS,68204145.75,0.004123186005670752
2018Q4,ANTM,67927148.46,0.0041064405228679445
2018Q4,UPS,67804026.36,0.004098997348935827
2018Q4,CME,67125730.88,0.004057991946696832
2018Q4,GE,65844730.55,0.003980550867773627
2018Q4,WBA,64465596.85,0.003897177273554995
2018Q4,CHTR,64219129.38,0.0038822774282159444
2018Q4,GS,62138256.7,0.0037564811878347854
2018Q4,BLK,61952427.84,0.003745247164644901
2018Q4,DUK,61521371.4,0.0037191882519275275
2018Q4,BDX,60712924.64,0.00367031473653478
2018Q4,CB,59526789.9,0.0035986086238486907
2018Q4,BIIB,59341424.0,0.0035874025882565133
2018Q4,SYK,58653812.25,0.003545833983976549
2018Q4,MDLZ,58083530.0,0.0035113583701172194
2018Q4,ADP,57194544.0,0.0034576159678903397
2018Q4,SCHW,56084313.09,0.003390498514825911
2018Q4,ISRG,55250605.8,0.0033400979095085472
2018Q4,TJX,55170907.3,0.0033352798484323556
2018Q4,PNC,53945196.75,0.003261181235639995
2018Q4,KHC,52508800.0,0.0031743458840192917
2018Q4,SPG,51958635.04,0.003141086432721459
2018Q4,CL,51622886.4,0.0031207892194267525
2018Q4,INTU,51084346.65,0.0030882325539003403
2018Q4,FOXA,50930641.08,0.0030789404991689363
2018Q4,CSX,50822340.0,0.003072393309221102
2018Q4,EOG,50573340.63,0.0030573404014174028
2018Q4,SLB,49963656.16,0.0030204827815918686
2018Q4,BSX,48903527.34,0.002956394180132738
2018Q4,DE,47521236.07,0.002872829699446828
2018Q4,PX,47306252.0,0.002859833138913466
2018Q4,GM,47211463.8,0.002854102851180293
2018Q4,D,46911560.58,0.0028359726224946036
2018Q4,GD,46557741.5,0.002814582986085364
2018Q4,BK,46541733.39,0.00281361523823949
2018Q4,OXY,46343495.88,0.0028016310675114077
2018Q4,SO,45188804.88,0.0027318258420413128
2018Q4,AGN,45081646.76,0.002725347748137791
2018Q4,CCI,45065155.5,0.0027243507921360676
2018Q4,CELG,44875818.0,0.0027129046590342733
2018Q4,ILMN,44089710.0,0.002665381602057259
2018Q4,RTN,43639882.95,0.002638187938429676
2018Q4,EXC,43612151.0,0.002636511442274016
2018Q4,ICE,42906762.72,0.002593868182796491
2018Q4,HCA,42830712.0,0.0025892706431458285
2018Q4,SPGI,42637946.0,0.0025776172448834637
2018Q4,ECL,42565436.55,0.0025732337877456125
2018Q4,NOC,42519538.0,0.00257045905525744
2018Q4,VRTX,42284552.12,0.002556253313344072
2018Q4,FDX,42114228.52,0.002545956638908333
2018Q4,ITW,42035868.69,0.0025412195052501086
2018Q4,ZTS,41097778.54,0.002484508580481469
2018Q4,MPC,40767294.54,0.0024645296336166726
2018Q4,NSC,40726770.38,0.0024620798023407852
2018Q4,MET,40519568.28,0.002449553689893059
2018Q4,MMC,40170713.0,0.002428464133053322
2018Q4,REGN,39999982.5,0.0024181428600485765
2018Q4,PSX,39725918.75,0.0024015747202934994
2018Q4,KMB,39457535.94,0.002385350013801158
2018Q4,HUM,39301331.76,0.0023759069091053814
2018Q4,FOX,38153333.38,0.0023065062765939967
2018Q4,WM,37940619.53,0.0022936469590277716
2018Q4,EMR,37413000.25,0.0022617504752041606
2018Q4,PLD,36966001.6,0.0022347277985330185
2018Q4,MAR,36874466.64,0.0022291941808628398
2018Q4,AEP,36854966.66,0.002228015336911893
2018Q4,SHW,36838085.96,0.0022269948378609845
2018Q4,CTSH,36627960.0,0.0022142919675563573
2018Q4,COF,35803732.63,0.002164464457511269
2018Q4,MU,35570821.31,0.0021503841302140635
2018Q4,ATVI,35552376.26,0.0021492690605772018
2018Q4,PSA,35293017.24,0.002133589874657503
2018Q4,PGR,35184456.0,0.0021270269571016264
2018Q4,APD,35138817.45,0.002124267942548921
2018Q4,BAX,35025520.62,0.002117418741539129
2018Q4,AON,35009083.84,0.0021164250790494223
2019Q1,MSFT,904128040.0,0.0488605829388409
2019Q1,AAPL,895667436.0,0.04840335782783263
2019Q1,AMZN,876129000.0,0.04734746825197871
2019Q1,GOOG,409263434.41,0.022117276642393126
2019Q1,FB,400735761.82,0.02165642703323934
2019Q1,JNJ,372228897.88,0.020115868696096495
2019Q1,GOOGL,352412649.16,0.019044965658822858
2019Q1,XOM,342349600.0,0.018501141746338278
2019Q1,JPM,331451517.66,0.017912191252061067
2019Q1,WMT,279880280.52,0.015125195828782741
2019Q1,BRK,275560411.22,0.014891742907427044
2019Q1,V,273360145.63,0.014772836895677122
2019Q1,BAC,265938547.73,0.014371761402286078
2019Q1,PG,260289399.0,0.014066472009805769
2019Q1,VZ,244206900.0,0.01319734701700793
2019Q1,INTC,240414900.0,0.01299242103052477
2019Q1,MA,238802337.1,0.012905275449552027
2019Q1,CSCO,237665491.72,0.01284383843452689
2019Q1,UNH,237255613.14,0.012821687914393762
2019Q1,PFE,235785158.35,0.012742222092025714
2019Q1,CVX,234049760.34,0.012648438297421244
2019Q1,T,228444742.4,0.012345533806226543
2019Q1,WFC,219467120.64,0.01186036819561455
2019Q1,BA,215304724.44,0.011635425382476696
2019Q1,MRK,214680067.4,0.011601667877166662
2019Q1,HD,211828138.56,0.011447544899604221
2019Q1,KO,200334044.46,0.010826384938588202
2019Q1,DIS,199589859.63,0.010786167952719647
2019Q1,ORCL,183562196.34,0.009920006372887591
2019Q1,CMCSA,181072258.58,0.009785445995316477
2019Q1,PEP,172060200.0,0.009298419361679739
2019Q1,NFLX,155885179.52,0.008424294354230031
2019Q1,C,145625350.02,0.007869836104906056
2019Q1,MCD,145333698.3,0.007854074760910669
2019Q1,ABT,140412211.8,0.0075881094455161405
2019Q1,PM,137516720.05,0.007431632255847734
2019Q1,LLY,134407873.44,0.007263625014714011
2019Q1,ADBE,130034061.99,0.007027256969861009
2019Q1,IBM,125560092.6,0.006785476223357527
2019Q1,MDT,122152033.08,0.0066012990189457865
2019Q1,CRM,122103270.0,0.006598663781004606
2019Q1,PYPL,121720521.12,0.0065779793949789405
2019Q1,UNP,120865201.6,0.0065317565056344515
2019Q1,DWDP,120201362.22,0.0064958815215065855
2019Q1,MMM,119659878.66,0.00646661884938174
2019Q1,ABBV,119125317.35,0.006437730267159303
2019Q1,AVGO,119034850.66,0.006432841296776361
2019Q1,ACN,118016833.48,0.006377825955302653
2019Q1,AMGN,116723712.0,0.006307943519930406
2019Q1,HON,115752560.4,0.006255460872342142
2019Q1,UTX,111145971.48,0.0060065131458776405
2019Q1,TMO,109215374.88,0.005902180494834383
2019Q1,NVDA,108813360.0,0.005880454942127392
2019Q1,MO,107648572.33,0.0058175078792797735
2019Q1,COST,106538936.46,0.005757541311427229
2019Q1,NKE,106001274.33,0.005728485155735013
2019Q1,TXN,99578409.93,0.005381382881679749
2019Q1,LIN,95866016.3,0.005180758955824911
2019Q1,DHR,94485921.88,0.005106176358130185
2019Q1,NEE,92439437.76,0.00499558095277335
2019Q1,AXP,91675156.4,0.004954277917001016
2019Q1,SBUX,89951400.0,0.004861123254362129
2019Q1,LOW,87685470.0,0.004738668628689191
2019Q1,GE,87009283.62,0.004702126392147002
2019Q1,AMT,86930063.1,0.004697845183494389
2019Q1,LMT,84887649.28,0.004587469743918879
2019Q1,GILD,82822740.0,0.004475878612272721
2019Q1,CAT,77980321.07,0.004214186239858435
2019Q1,BMY,77885048.28,0.004209037539838459
2019Q1,UPS,77841100.98,0.004206662554657612
2019Q1,CHTR,77502469.28,0.004188362334410521
2019Q1,USB,77116481.21,0.0041675028971701516
2019Q1,BKNG,77100593.26,0.004166644285928869
2019Q1,COP,75710122.96,0.004091500958422794
2019Q1,ANTM,73826465.94,0.003989705000348051
2019Q1,SYK,73695699.6,0.003982638169856677
2019Q1,MS,72110853.6,0.0038969904562559674
2019Q1,MDLZ,72077840.64,0.0038952063809936446
2019Q1,GS,70414828.37,0.0038053344321636482
2019Q1,CVS,69951632.26,0.0037803025440368257
2019Q1,ADP,69566770.0,0.003759503947441193
2019Q1,QCOM,69234420.0,0.0037415432007092105
2019Q1,INTU,67724272.93,0.003659932341517649
2019Q1,BLK,67538135.84,0.003649873183609064
2019Q1,BDX,67193102.99,0.0036312270345702064
2019Q1,CELG,66490832.0,0.0035932751423222494
2019Q1,ISRG,65844932.0,0.003558369632124604
2019Q1,TJX,65615645.45,0.0035459786056356614
2019Q1,DUK,65488140.0,0.00353908799906308
2019Q1,CB,64210010.48,0.0034700157541423925
2019Q1,D,61281850.68,0.0033117731287216835
2019Q1,CI,61058851.04,0.0032997218573049144
2019Q1,CSX,60541650.48,0.0032717714788851773
2019Q1,SLB,60386843.61,0.003263405458170747
2019Q1,CL,58931377.4,0.0031847496435934383
2019Q1,CME,58757199.54,0.003175336782363474
2019Q1,WBA,57847697.73,0.0031261857919567047
2019Q1,SCHW,56994547.44,0.003080080131409067
2019Q1,SPG,56300339.06,0.0030425639560144532
2019Q1,PNC,55640170.58,0.0030068873534276684
2019Q1,EOG,55209920.44,0.0029836359203121578
2019Q1,SO,53466267.52,0.002889406016642527
2019Q1,BSX,53367390.0,0.002884062511018316
2019Q1,CCI,53192704.0,0.0028746221890576626
2019Q1,GM,52291670.9,0.002825928861823623
2019Q1,SPGI,51812354.55,0.0028000258091175952
2019Q1,RTN,51390077.12,0.002777205234509915
2019Q1,ECL,50908310.18,0.0027511697478447062
2019Q1,DE,50907921.12,0.0027511487223952596
2019Q1,NSC,49860383.1,0.0026945380256317803
2019Q1,OXY,49509523.6,0.0026755769947366093
2019Q1,GD,48882985.6,0.0026417178392199466
2019Q1,EXC,48374798.31,0.002614254552900998
2019Q1,AGN,48347217.38,0.0026127640335738955
2019Q1,ZTS,48197977.24,0.0026046988482067053
2019Q1,BK,48152682.06,0.0026022510213489967
2019Q1,MMC,47660071.8,0.0025756295436374387
2019Q1,FDX,47270910.75,0.00255459863328088
2019Q1,VRTX,47155766.45,0.0025483760438121533
2019Q1,ITW,46922684.07,0.0025357798843571575
2019Q1,BIIB,45832427.34,0.002476860597459702
2019Q1,NOC,45761364.8,0.0024730202596138424
2019Q1,MU,45739373.71,0.0024718318245368145
2019Q1,ILMN,45671430.0,0.002468160033451088
2019Q1,PLD,45378865.0,0.002452349334285622
2019Q1,KMI,45295756.56,0.0024478580159702015
2019Q1,HCA,44787094.56,0.0024203690755333616
2019Q1,REGN,44212276.64,0.002389304959155672
2019Q1,WM,44128706.62,0.0023847886962893965
2019Q1,PSX,43397520.0,0.0023452741553065945
2019Q1,ICE,43074149.22,0.0023277986605567715
2019Q1,KMB,42635105.1,0.002304071986136774
2019Q1,PGR,42100560.0,0.002275184279929696
2019Q1,EMR,42083031.4,0.0022742370052338447
2019Q1,APD,41940735.76,0.002266547112196067
2019Q1,MAR,41792569.0,0.0022585399340692178
2019Q1,BAX,41558923.27,0.002245913330243314
2019Q1,TGT,41440886.58,0.002239534431208647
2019Q1,AEP,41312870.0,0.002232616202320804
2019Q1,CTSH,41224050.0,0.0022278162218040756
2019Q1,AON,40967829.3,0.0022139696290548916
2019Q1,MET,40751026.47,0.00220225324355645
2019Q1,MPC,40258162.35,0.0021756180468282976
2019Q1,SHW,39918633.51,0.0021572693436435714
2019Q1,KHC,39833000.0,0.002152641566345901
2019Q1,EW,39817494.97,0.002151803648738253
2019Q1,ADI,38772414.78,0.002095325777195596
2019Q1,TFCFA,38750895.57,0.0020941628432985526
2019Q1,COF,38221198.89,0.002065537153771692
2019Q1,EQIX,38097161.2,0.0020588339507167496
2019Q2,MSFT,1023856280.0,0.0537207434187788
2019Q2,AMZN,935453220.0,0.04908232082328043
2019Q2,AAPL,896853698.4,0.04705704145891377
2019Q2,FB,464551000.0,0.02437453924288779
2019Q2,GOOG,376165327.28,0.019737028941063713
2019Q2,JNJ,369796199.68,0.01940284700920013
2019Q2,JPM,362676181.4,0.019029266573519357
2019Q2,GOOGL,324320256.0,0.01701676846489495
2019Q2,XOM,324228733.22,0.017011966353624654
2019Q2,WMT,315418233.78,0.016549688015294262
2019Q2,V,301801367.4,0.015835224277309694
2019Q2,BRK,291668360.31,0.015303555248583752
2019Q2,BAC,275737887.0,0.014467698804722106
2019Q2,PG,275038384.5,0.014430996588739904
2019Q2,MA,267138794.86,0.014016512801851297
2019Q2,DIS,251309968.36,0.013185989667269492
2019Q2,T,244555980.0,0.012831614465565421
2019Q2,PFE,240504192.6,0.012619021120625601
2019Q2,CVX,237047249.28,0.012437638666139917
2019Q2,VZ,236272940.91,0.012397011458899675
2019Q2,CSCO,234284517.09,0.012292680794597837
2019Q2,UNH,231893195.43,0.012167210472407083
2019Q2,HD,228826479.42,0.012006302865421977
2019Q2,KO,217230575.8,0.011397877078280341
2019Q2,MRK,215883899.4,0.011327218277073864
2019Q2,WFC,212672310.76,0.011158709344066093
2019Q2,INTC,212064100.0,0.01112679711691005
2019Q2,BA,204802946.3,0.010745811442981269
2019Q2,CMCSA,191762673.48,0.01006160100841315
2019Q2,ORCL,190041608.43,0.009971298398794858
2019Q2,PEP,183450870.0,0.009625488762174457
2019Q2,C,161942134.04,0.008496946301342533
2019Q2,NFLX,160825552.2,0.008438360337956433
2019Q2,MCD,158560038.96,0.008319491061227587
2019Q2,ABT,148367622.1,0.007784704859639514
2019Q2,ADBE,143034601.35,0.007504886446690215
2019Q2,PYPL,134719420.0,0.007068596966897245
2019Q2,MDT,130615280.23,0.0068532567440107136
2019Q2,HON,127056475.78,0.006666529735083192
2019Q2,IBM,122268069.7,0.006415286724288162
2019Q2,PM,122177209.59,0.0064105193826683865
2019Q2,UNP,119702484.18,0.006280672946816528
2019Q2,CRM,117825021.12,0.006182164285694193
2019Q2,ACN,117724542.57,0.0061768922738805404
2019Q2,TMO,117466420.08,0.006163348837827283
2019Q2,COST,116218641.14,0.0060978790901796
2019Q2,AVGO,114589581.64,0.006012403922304062
2019Q2,UTX,112350361.2,0.005894914203224227
2019Q2,AMGN,110954988.0,0.0058217003282742775
2019Q2,LIN,108987412.8,0.0057184635707907445
2019Q2,LLY,107558366.49,0.005643482900502662
2019Q2,ABBV,107506702.8,0.005640772156925881
2019Q2,TXN,107250679.4,0.0056273388580837785
2019Q2,NKE,105502063.75,0.005535590695273553
2019Q2,AXP,103082398.64,0.00540863321982233
2019Q2,LMT,102812020.32,0.00539444673228648
2019Q2,DHR,102321287.28,0.00536869844686408
2019Q2,SBUX,101140895.0,0.00530676441174014
2019Q2,NVDA,100016070.0,0.005247745937764448
2019Q2,MMM,99917856.18,0.005242592754131685
2019Q2,NEE,98114624.1,0.005147978920348109
2019Q2,QCOM,92653260.0,0.004861426456624753
2019Q2,GE,91568484.0,0.004804509314735611
2019Q2,AMT,90371602.35,0.004741710098401952
2019Q2,MO,88588062.0,0.004648129470543334
2019Q2,CHTR,87523676.04,0.004592282174225818
2019Q2,GILD,85561699.8,0.004489339188729083
2019Q2,USB,83424048.8,0.004377178719400424
2019Q2,BKNG,80171973.15,0.0042065454723473235
2019Q2,LOW,79004053.56,0.0041452658671393
2019Q2,CAT,77940980.04,0.004089487433272373
2019Q2,MDLZ,77750857.8,0.004079511904213505
2019Q2,SYK,76702925.9,0.004024527936424342
2019Q2,GS,74850659.4,0.003927341314304195
2019Q2,BMY,74180128.75,0.0038921592231194076
2019Q2,MS,73698715.35,0.0038668999301454342
2019Q2,ANTM,72583283.16,0.003808374287776921
2019Q2,BLK,72517174.6,0.0038049056359173604
2019Q2,UPS,72033613.29,0.003779533644194305
2019Q2,ADP,71786286.0,0.0037665566217878477
2019Q2,CVS,70787523.08,0.0037141525025676087
2019Q2,CME,69325027.73,0.003637416793676409
2019Q2,COP,68940736.0,0.0036172533802867005
2019Q2,BDX,67975161.32,0.0035665906157471795
2019Q2,INTU,67747973.19,0.0035546702754827024
2019Q2,CB,67439819.59,0.003538501755737751
2019Q2,CELG,65493740.0,0.003436392852008692
2019Q2,DUK,64242867.28,0.0033707607767327853
2019Q2,TJX,64125883.84,0.003364622769390108
2019Q2,D,62038784.48,0.003255114695456081
2019Q2,PNC,61973408.64,0.0032516844887024274
2019Q2,CSX,61754877.12,0.0032402183523470044
2019Q2,CL,61529770.05,0.0032284072032771143
2019Q2,ISRG,60428160.0,0.0031706067951538203
2019Q2,CI,59783607.9,0.0031367877732261184
2019Q2,BSX,59770265.94,0.0031360877335585746
2019Q2,SO,57537248.24,0.003018923466215026
2019Q2,ECL,56910500.48,0.002986038620694271
2019Q2,DD,56212115.72,0.002949395051442984
2019Q2,SPGI,56054790.99,0.0029411403758416795
2019Q2,SLB,55044748.28,0.0028881444170085527
2019Q2,AGN,54887572.32,0.0028798975472244847
2019Q2,NOC,54864078.0,0.0028786648230998465
2019Q2,GM,54650682.29,0.002867468157701087
2019Q2,ZTS,54322669.44,0.0028502576424196723
2019Q2,CCI,54191839.35,0.00284339311481591
2019Q2,ILMN,54118050.0,0.002839521459373812
2019Q2,EOG,54063077.0,0.002836637079519287
2019Q2,SCHW,53654011.71,0.0028151738215260675
2019Q2,NSC,53015202.11,0.0027816561029893865
2019Q2,DE,52529407.16,0.0027561669143475113
2019Q2,GD,52522707.04,0.0027558153655662756
2019Q2,MMC,51006564.0,0.0026762648145475256
2019Q2,PLD,50526519.3,0.0026510773359316358
2019Q2,APD,49831507.21,0.002614610727395681
2019Q2,WBA,49374827.81,0.002590649203350488
2019Q2,SPG,49363603.36,0.0025900602673735876
2019Q2,ITW,49130127.75,0.002577810029147425
2019Q2,WM,48995562.34,0.0025707495129354695
2019Q2,ICE,48458558.1,0.0025425734226429565
2019Q2,RTN,48432709.08,0.0025412171496990163
2019Q2,KMI,47266953.84,0.00248005110583089
2019Q2,MET,47204828.23,0.002476791435484828
2019Q2,VRTX,47068327.98,0.002469629400099501
2019Q2,PGR,46678000.98,0.00244914932196156
2019Q2,EXC,46547582.7,0.002442306401628056
2019Q2,AON,46415935.56,0.0024353990042052884
2019Q2,MAR,46379874.0,0.0024335068892181724
2019Q2,AIG,46340493.12,0.0024314406127383466
2019Q2,HCA,46269637.19,0.002427722870991205
2019Q2,KMB,45820997.6,0.0024041831879588406
2019Q2,TGT,44373247.74,0.0023282211605894984
2019Q2,AEP,43427302.36,0.0022785883263335424
2019Q2,BIIB,43136619.89,0.0022633364997908497
2019Q2,FDX,42783809.25,0.002244824868581384
2019Q2,EQIX,42773373.51,0.0022442773154512465
2019Q2,COF,42611231.78,0.002235769896543969
2019Q2,MU,42595757.77,0.0022349579902861206
2019Q2,PSX,42467160.0,0.002228210590342061
2019Q2,SHW,42307499.64,0.002219833366505811
2019Q2,BK,42274375.55,0.0022180953777132134
2019Q2,AMAT,42040475.55,0.0022058228721564253
2019Q2,BAX,41782759.2,0.0021923007458740395
2019Q2,ADI,41734924.07,0.002189790883117585
2019Q2,PSA,41565904.74,0.002180922603226052
2019Q2,EMR,41007446.4,0.0021516208371684005
2019Q2,PRU,41006000.0,0.002151544945966873
2019Q2,AFL,40859155.89,0.0021438401783056647
2019Q2,EL,40150895.92,0.0021066784663882833
2019Q2,F,40088239.62,0.0021033909512539616
2019Q3,MSFT,1061355020.0,0.05479481768456666
2019Q3,AAPL,995151566.92,0.05137691691314772
2019Q3,AMZN,859275450.0,0.044362009635168044
2019Q3,FB,428816640.0,0.02213861447502124
2019Q3,GOOG,420279506.0,0.021697865910908623
2019Q3,JPM,376312009.65,0.01942794594902339
2019Q3,GOOGL,365882851.36,0.018889517415370215
2019Q3,JNJ,341455297.08,0.017628390499277183
2019Q3,WMT,337559625.12,0.01742726775449846
2019Q3,PG,311277492.54,0.016070394101531042
2019Q3,XOM,298758394.66,0.015424067780004956
2019Q3,V,297056281.71,0.015336192406528329
2019Q3,BRK,288380414.22,0.014888281416886045
2019Q3,T,276496880.0,0.01427476748539005
2019Q3,MA,272414854.27,0.014064023812025164
2019Q3,BAC,271523140.17,0.01401798708480805
2019Q3,HD,254097399.06,0.013118344374171123
2019Q3,VZ,249648960.0,0.012888683796249134
2019Q3,DIS,234755711.28,0.012119786647825315
2019Q3,KO,232786909.88,0.012018142888915954
2019Q3,CVX,225152374.8,0.011623993005105136
2019Q3,INTC,224155500.0,0.011572527122444743
2019Q3,WFC,222244037.08,0.011473843590319735
2019Q3,MRK,215532367.5,0.011127338694158643
2019Q3,BA,214094273.7,0.011053093897554859
2019Q3,CSCO,209759778.9,0.010829315945931563
2019Q3,UNH,205950034.92,0.010632629424574198
2019Q3,CMCSA,204654454.48,0.010565742197710665
2019Q3,PFE,198730554.64,0.010259907669586009
2019Q3,PEP,191177038.5,0.00986994056906885
2019Q3,ORCL,180636910.51,0.00932578297740452
2019Q3,MCD,163060221.24,0.00841834723168399
2019Q3,C,156055588.48,0.008056717458611879
2019Q3,ABT,147878190.66,0.00763454107631044
2019Q3,MDT,145732086.78,0.00752374368182811
2019Q3,ADBE,133726823.75,0.006903945229295122
2019Q3,CRM,130181880.0,0.006720929609805902
2019Q3,IBM,128823942.5,0.006650823060783751
2019Q3,COST,126660358.75,0.006539123229066234
2019Q3,ACN,122554071.35,0.006327126992930814
2019Q3,HON,121740753.6,0.006285137651955283
2019Q3,PYPL,121614660.0,0.006278627788909466
2019Q3,TXN,120862404.72,0.00623979093399936
2019Q3,PM,118134931.2,0.006098979036517701
2019Q3,UTX,117805701.88,0.006081981839325555
2019Q3,NKE,117575066.88,0.006070074793578808
2019Q3,NFLX,117284732.62,0.006055085640520218
2019Q3,TMO,116646644.52,0.0060221429206504876
2019Q3,AMGN,115370662.0,0.005956267480072561
2019Q3,UNP,114119769.4,0.005891687362516823
2019Q3,NEE,113874095.49,0.0058790038995335265
2019Q3,ABBV,111950808.48,0.005779709922417326
2019Q3,LMT,110152163.88,0.005686850887429834
2019Q3,AVGO,109508962.97,0.0056536442073521365
2019Q3,LLY,107964372.39,0.0055739012771981915
2019Q3,NVDA,106008630.0,0.005472931718776516
2019Q3,SBUX,104742332.0,0.005407556263121413
2019Q3,LIN,104723288.52,0.005406573101036138
2019Q3,DHR,103609460.24,0.005349069234389788
2019Q3,AXP,98133840.72,0.005066378176586665
2019Q3,AMT,97890934.05,0.005053837578533984
2019Q3,MMM,94575867.6,0.0048826898868407995
2019Q3,CHTR,88515133.6,0.00456979099032957
2019Q3,QCOM,87340600.0,0.004509153076282301
2019Q3,USB,87206266.18,0.004502217793519167
2019Q3,LOW,84867018.04,0.004381448896274717
2019Q3,UPS,83674499.7,0.0043198824799536234
2019Q3,BMY,82949744.57,0.004282465381559624
2019Q3,BKNG,82596441.85,0.004264225341455172
2019Q3,CVS,82022345.79,0.0042345863532294165
2019Q3,FIS,81440825.44,0.0042045640694905444
2019Q3,SYK,80702611.5,0.004166452130043077
2019Q3,GILD,80239080.0,0.004142521283573294
2019Q3,MDLZ,79698196.32,0.0041145969584646626
2019Q3,GE,78020023.68,0.004027957556832561
2019Q3,MO,76405126.4,0.003944584886642616
2019Q3,CME,75542848.98,0.0039000678936175876
2019Q3,GS,74512447.72,0.0038468711327602754
2019Q3,CB,73576118.56,0.003798531053665023
2019Q3,CAT,71060616.59,0.0036686626597403223
2019Q3,CELG,70642020.0,0.0036470516781175744
2019Q3,FISV,70524072.0,0.0036409623498207533
2019Q3,MS,70523610.56,0.003640938526952631
2019Q3,ADP,69959428.0,0.0036118113452523813
2019Q3,DUK,69843691.86,0.003605836209156247
2019Q3,INTU,69164079.56,0.0035707497099425447
2019Q3,BLK,68884357.36,0.0035563084281259043
2019Q3,BDX,68287563.84,0.003525497632956037
2019Q3,TMUS,67392303.66,0.0034792778314579925
2019Q3,TJX,67385925.42,0.003478948540606805
2019Q3,D,66607991.6,0.0034387859738555225
2019Q3,SO,64563980.64,0.003333259353838729
2019Q3,NOC,63413718.42,0.00327387450386238
2019Q3,COP,63255891.16,0.0032657263199141334
2019Q3,CL,63072021.06,0.003256233616325524
2019Q3,ISRG,62415908.0,0.003222360317734857
2019Q3,PNC,62407221.12,0.0032219118381998494
2019Q3,ANTM,61421661.7,0.0031710301372434558
2019Q3,SPGI,60338574.0,0.0031151133215318793
2019Q3,ZTS,59498951.22,0.0030717659247730556
2019Q3,CCI,57794102.55,0.002983749313656046
2019Q3,CI,57317270.11,0.00295913177652329
2019Q3,ECL,56986406.08,0.00294205018378514
2019Q3,BSX,56680071.37,0.0029262349718451194
2019Q3,AGN,55215444.13,0.002850620327282879
2019Q3,SCHW,54679464.89,0.002822949204816701
2019Q3,RTN,54637737.86,0.0028207949539220583
2019Q3,TGT,54623419.39,0.002820055731005704
2019Q3,CSX,54192483.99,0.0027978077308249295
2019Q3,PLD,53784813.38,0.002776760827263569
2019Q3,GM,53511282.92,0.002762639207820081
2019Q3,DD,53160321.42,0.002744520038414539
2019Q3,DE,53112777.64,0.0027420654848409995
2019Q3,GD,52780464.12,0.002724909058952029
2019Q3,ICE,51709492.05,0.0026696177396337176
2019Q3,SHW,50728806.72,0.002618987674433405
2019Q3,MMC,50656415.55,0.0026152503189893024
2019Q3,ITW,50621072.22,0.002613425640830513
2019Q3,WBA,49366442.71,0.002548652596969914
2019Q3,EQIX,49188927.2,0.002539487963248548
2019Q3,KMB,48893610.0,0.0025242415548101006
2019Q3,APD,48887960.3,0.0025239498764596533
2019Q3,WM,48786680.0,0.002518721055312194
2019Q3,AIG,48453875.6,0.0025015392866495068
2019Q3,SPG,47942379.1,0.0024751321401851748
2019Q3,GPN,47707473.0,0.0024630045893846023
2019Q3,MU,47392100.0,0.002446722755585357
2019Q3,NSC,47323701.62,0.002443191536821234
2019Q3,SLB,47257280.85,0.002439762416579622
2019Q3,EXC,46962585.79,0.002424548127504848
2019Q3,KMI,46657021.05,0.0024087726669816275
2019Q3,LHX,46438048.0,0.0023974676953873128
2019Q3,AEP,46263653.55,0.0023884641933423984
2019Q3,AMAT,46095324.6,0.0023797738362493644
2019Q3,PSX,45977600.0,0.0023736960414752943
2019Q3,EW,45734462.79,0.0023611435412814533
2019Q3,AON,45651935.94,0.0023568829087743104
2019Q3,PGR,45160350.0,0.0023315036893321707
2019Q3,ILMN,44720340.0,0.00230878719270752
2019Q3,BAX,44658333.32,0.0023055859596970755
2019Q3,MET,44162887.68,0.00228000747464274
2019Q3,EL,44139245.95,0.002278786917655977
2019Q3,VRTX,43585836.3,0.0022502159114373126
2019Q3,EOG,43074096.54,0.0022237962061334797
2019Q3,PSA,42823651.46,0.0022108664208684166
2019Q3,COF,42790896.34,0.0022091753648176
2019Q3,BK,42617749.02,0.0022002362486376326
2019Q3,BIIB,42010506.44,0.0021688859974639905
2019Q3,ADI,41273732.38,0.0021308483950296816
2019Q3,EMR,41125652.86,0.002123203459877617
2019Q4,AAPL,1287643210.35,0.060861244718556466
2019Q4,MSFT,1200254700.0,0.0567307732717682
2019Q4,AMZN,920224320.0,0.04349496590772531
2019Q4,FB,494036750.0,0.023350949471117446
2019Q4,GOOG,457349083.32,0.02161688444284196
2019Q4,JPM,437226009.0,0.020665755014414096
2019Q4,GOOGL,401586624.92,0.018981237705056386
2019Q4,JNJ,383911168.64,0.018145796441884715
2019Q4,WMT,337169877.0,0.015936540674372675
2019Q4,V,321654360.2,0.015203190273182735
2019Q4,BAC,316807668.54,0.014974108424403781
2019Q4,BRK,313343497.5,0.014810372259200792
2019Q4,PG,311477118.8,0.014722156727223322
2019Q4,MA,297828296.91,0.014077036803870107
2019Q4,XOM,295246576.68,0.01395501021649722
2019Q4,T,285479400.0,0.013493358630597675
2019Q4,UNH,278521061.7,0.013164468510487701
2019Q4,DIS,260680822.74,0.012321238693054848
2019Q4,INTC,256756500.0,0.012135753176015686
2019Q4,VZ,253937137.6,0.012002494285977305
2019Q4,HD,238215673.78,0.011259409672792514
2019Q4,KO,237146576.85,0.011208878151823361
2019Q4,MRK,231557244.8,0.010944694950316901
2019Q4,CVX,227868984.72,0.010770367079436
2019Q4,WFC,227539514.2,0.010754794453584295
2019Q4,PFE,216826899.96,0.010248456182551192
2019Q4,CMCSA,204325242.3,0.009657557678899656
2019Q4,CSCO,203458933.48,0.009616611062110108
2019Q4,PEP,190107970.0,0.008985569598874399
2019Q4,BA,183334796.16,0.008665431390336402
2019Q4,C,174415368.66,0.00824384918847835
2019Q4,ORCL,169941244.02,0.008032376948010164
2019Q4,ADBE,159080225.59,0.007519024262073732
2019Q4,ABT,153608088.16,0.0072603803360359615
2019Q4,MDT,152065884.1,0.007187487116899506
2019Q4,BMY,150473235.15,0.007112209589151462
2019Q4,MCD,148818707.73,0.0070340073376327274
2019Q4,CRM,144261680.0,0.00681861663185687
2019Q4,NVDA,144003600.0,0.006806418322643019
2019Q4,AMGN,142568798.0,0.006738601527631194
2019Q4,NFLX,141984780.99,0.006710997606079239
2019Q4,ACN,138333119.22,0.006538399576728423
2019Q4,PM,132389403.75,0.006257466225898411
2019Q4,ABBV,130934811.34,0.006188714025040922
2019Q4,TMO,130269946.17,0.006157288765705911
2019Q4,COST,129841511.36,0.006137038532094793
2019Q4,UTX,129257556.48,0.006109437547155328
2019Q4,PYPL,126883410.0,0.005997222060166735
2019Q4,HON,126472341.0,0.005977792632197778
2019Q4,NKE,126235096.68,0.005966579134156125
2019Q4,LLY,126190017.33,0.005964448431077779
2019Q4,AVGO,125710227.84,0.005941770887073688
2019Q4,UNP,125504418.0,0.005932043158975528
2019Q4,TXN,119570385.28,0.005651567469252693
2019Q4,IBM,118710783.48,0.005610937863869933
2019Q4,NEE,118361996.16,0.0055944522176391885
2019Q4,LIN,114364770.4,0.005405520894723618
2019Q4,DHR,110241767.88,0.005210644656237696
2019Q4,LMT,109832805.98,0.005191314821640346
2019Q4,SBUX,103262040.0,0.004880743544532889
2019Q4,AXP,101866556.79,0.004814785176204009
2019Q4,CHTR,101855158.08,0.004814246409196805
2019Q4,AMT,101796470.8,0.004811472518975324
2019Q4,MMM,101450497.42,0.004795119875341564
2019Q4,QCOM,100846890.0,0.004766590001066397
2019Q4,GE,97466406.84,0.004606809394750929
2019Q4,CVS,96648615.56,0.004568155989195168
2019Q4,MO,93238218.57,0.0044069614873894995
2019Q4,USB,92602620.11,0.004376919537021678
2019Q4,LOW,91793046.0,0.004338654521037068
2019Q4,FIS,85484714.0,0.004040487346673959
2019Q4,BKNG,85059335.41,0.004020381567172363
2019Q4,MS,82742729.76,0.0039108857827440694
2019Q4,GILD,82264680.0,0.0038882904681436068
2019Q4,UPS,82030380.3,0.003877216149369147
2019Q4,CAT,81616533.44,0.003857655424146498
2019Q4,GS,81415223.91,0.0038481404059558786
2019Q4,MDLZ,79040130.48,0.003735880160795751
2019Q4,FISV,78616837.0,0.0037158729352949485
2019Q4,SYK,78601536.0,0.003715149724161652
2019Q4,BLK,78005467.1,0.0036869761626498725
2019Q4,CELG,77001936.0,0.00363954365077946
2019Q4,ANTM,76583934.92,0.00361978657380502
2019Q4,CI,76361678.25,0.003609281476217059
2019Q4,TFC,75543987.2,0.0035706328080936153
2019Q4,ADP,73621900.0,0.003479784179755173
2019Q4,BDX,73557006.2,0.003476716934565845
2019Q4,TJX,73466415.04,0.0034724350879224734
2019Q4,CME,71751177.68,0.00339136334391895
2019Q4,COP,71355403.07,0.003372656814657591
2019Q4,CB,70545423.32,0.0033343726258500206
2019Q4,PNC,69945077.1,0.00330599689418958
2019Q4,ISRG,68558621.25,0.0032404652095582545
2019Q4,INTU,68182212.51,0.0032226740199995285
2019Q4,D,68168562.26,0.0032220288325756816
2019Q4,TMUS,67198490.1,0.0031761777779901715
2019Q4,DUK,66837137.43,0.0031590982227983296
2019Q4,SO,66804355.8,0.0031575487789852713
2019Q4,SPGI,66733420.0,0.0031541959549666264
2019Q4,TGT,64968750.77,0.0030707877833620533
2019Q4,ZTS,63038172.65,0.0029795378264911017
2019Q4,BSX,63028721.28,0.0029790911017012903
2019Q4,AGN,62756714.09,0.0029662345153249315
2019Q4,RTN,61192975.46,0.002892323451552521
2019Q4,SCHW,61094577.24,0.0028876725994382442
2019Q4,MU,59742803.72,0.0028237801963692123
2019Q4,CCI,59101421.2,0.0027934648588641016
2019Q4,CL,58998908.96,0.0027886195550756465
2019Q4,NOC,57970296.01,0.0027400015342081965
2019Q4,ITW,57734159.78,0.0027288404107188406
2019Q4,VRTX,56706517.35,0.002680268262073408
2019Q4,PLD,56316423.5,0.0026618302374115917
2019Q4,MMC,56225061.88,0.0026575119745045925
2019Q4,CSX,55934280.0,0.002643767990910262
2019Q4,AMAT,55879373.2,0.002641172787390644
2019Q4,SLB,55652437.8,0.0026304465467646013
2019Q4,ECL,55628209.56,0.0026293013841668512
2019Q4,GPN,54868042.88,0.0025933716406117266
2019Q4,DE,54278199.76,0.0025654923444034866
2019Q4,SHW,53865993.86,0.002546009180159943
2019Q4,AMD,53656200.0,0.002536093144917199
2019Q4,NOW,53245552.0,0.002516683615771006
2019Q4,LVS,53025274.48,0.0025062720639195636
2019Q4,GM,52293494.4,0.0024716840303936156
2019Q4,WBA,52230423.52,0.0024687029466342017
2019Q4,APD,51812005.14,0.002448926145719762
2019Q4,BIIB,51690366.0,0.002443176797292038
2019Q4,ICE,51536467.5,0.002435902690462575
2019Q4,GD,51019113.1,0.0024114496179875812
2019Q4,NSC,50618815.11,0.0023925292884010075
2019Q4,HCA,50133900.18,0.002369609487337179
2019Q4,EQIX,49794279.6,0.0023535571126850267
2019Q4,PSX,49505924.78,0.0023399278455676045
2019Q4,MAR,49095877.45,0.002320546707456732
2019Q4,AON,48768395.73,0.0023050680834547023
2019Q4,ILMN,48765780.0,0.0023049444493747273
2019Q4,EOG,48728552.64,0.0023031848754112455
2019Q4,EW,48657295.3,0.002299816853607632
2019Q4,HUM,48536777.52,0.0022941205069468805
2019Q4,WM,48346504.36,0.0022851271295415156
2019Q4,KMI,47949309.05,0.00226635345002481
2019Q4,COF,47927348.11,0.0022653154527497526
2019Q4,DD,47559809.4,0.0022479435105898023
2019Q4,KMB,47152965.3,0.0022287137751061115
2019Q4,MET,46873592.07,0.00221550902833917
2019Q4,AEP,46683403.52,0.0022065196500772595
2019Q4,EMR,46588225.38,0.002202020997015731
2019Q4,BK,46414275.67,0.0021937991574689252
2019Q4,EL,45965683.54,0.0021725961757863457
2019Q4,SPG,45710014.56,0.0021605118249089826
2020Q1,MSFT,1197018900.0,0.06817661927670172
2020Q1,AAPL,1099546654.23,0.06262505430984415
2020Q1,AMZN,972910280.0,0.055412436470258966
2020Q1,FB,401320800.0,0.022857362894956258
2020Q1,GOOG,392469305.58,0.02235322301453984
2020Q1,GOOGL,348639611.65,0.019856887863875156
2020Q1,JNJ,345704837.76,0.019689736817085725
2020Q1,WMT,321803312.74,0.018328417316264896
2020Q1,JPM,276750149.31,0.015762399043388726
2020Q1,V,274874586.88,0.01565557574617947
2020Q1,PG,271639830.0,0.015471339065989667
2020Q1,BRK,252735416.16,0.014394631734953464
2020Q1,MA,240178518.36,0.013679449342589358
2020Q1,UNH,236555134.74,0.013473078294016793
2020Q1,INTC,229144080.0,0.01305097914633602
2020Q1,VZ,222442200.0,0.012669271287589478
2020Q1,T,209089568.6,0.011908767616929028
2020Q1,HD,200665078.82,0.011428947931265313
2020Q1,MRK,195140536.86,0.011114295761708859
2020Q1,KO,189983038.5,0.010820548685443033
2020Q1,BAC,185306691.9,0.010554205771597564
2020Q1,PFE,181074936.96,0.010313184727220837
2020Q1,DIS,174405407.4,0.009933319398806366
2020Q1,PEP,166818900.0,0.009501227285098153
2020Q1,CSCO,166708992.8,0.009494967483076508
2020Q1,NFLX,165137765.5,0.009405477696884108
2020Q1,NVDA,162142468.8,0.00923487955283086
2020Q1,XOM,160696292.27,0.009152512075848909
2020Q1,CMCSA,156588832.62,0.008918570312061832
2020Q1,ADBE,153328350.24,0.008732868427254788
2020Q1,ORCL,152412714.72,0.008680718094253977
2020Q1,ABT,139152498.03,0.00792547793488749
2020Q1,CVX,136175889.5,0.0077559441819236965
2020Q1,LLY,132760311.36,0.007561408765264357
2020Q1,CRM,128862100.0,0.007339384809125624
2020Q1,BMY,126109687.62,0.0071826202242692445
2020Q1,COST,125907705.4,0.00717111625811332
2020Q1,MCD,123259661.45,0.007020296012746163
2020Q1,MDT,120856169.88,0.006883404331501487
2020Q1,AMGN,119205240.0,0.00678937505771033
2020Q1,NEE,117654998.92,0.006701080548828086
2020Q1,WFC,117365722.6,0.006684604717465352
2020Q1,PM,113606453.76,0.006470494279891269
2020Q1,TMO,113107620.8,0.0064420830787008864
2020Q1,ABBV,112507715.87,0.006407915289023692
2020Q1,PYPL,112303020.0,0.00639625676600747
2020Q1,ACN,104001028.02,0.005923413984278049
2020Q1,NKE,102792535.44,0.005854583877647837
2020Q1,IBM,98551099.44,0.00561301144520045
2020Q1,UNP,97354411.44,0.005544853672445986
2020Q1,DHR,96457236.95,0.005493754793698542
2020Q1,AMT,96444088.0,0.005493005890771413
2020Q1,LMT,95539158.6,0.005441465328482802
2020Q1,AVGO,94790446.1,0.005398822152957163
2020Q1,HON,94627927.73,0.005389565863823416
2020Q1,GILD,93749040.0,0.005339508513722115
2020Q1,LIN,92202080.0,0.0052514008798691435
2020Q1,TXN,92083596.33,0.005244652602076624
2020Q1,CHTR,90079689.98,0.005130519433176688
2020Q1,C,88376520.96,0.00503351486136883
2020Q1,BA,84148665.64,0.004792715921177812
2020Q1,UTX,81705344.45,0.00465355573035599
2020Q1,MMM,78528879.11,0.0044726390646869525
2020Q1,CVS,77375812.8,0.004406965780148453
2020Q1,SBUX,76790894.0,0.00437365153061122
2020Q1,QCOM,76241550.0,0.004342363455928405
2020Q1,FIS,74969408.08,0.004269908179453011
2020Q1,TMUS,72248639.2,0.004114945860920148
2020Q1,MO,71863051.89,0.004092984604308579
2020Q1,MDLZ,71481838.24,0.0040712724509924265
2020Q1,GE,69406056.98,0.003953045622105487
2020Q1,AXP,68982654.58,0.003928930594159277
2020Q1,BLK,68119675.16,0.0038797793072740247
2020Q1,LOW,65955173.75,0.0037564993920166686
2020Q1,CI,65896785.6,0.003753173875040436
2020Q1,UPS,65589060.96,0.0037356473133267156
2020Q1,FISV,64023260.0,0.003646466586177784
2020Q1,CAT,63831631.32,0.0036355523094200345
2020Q1,SYK,62405113.72,0.003554304513494077
2020Q1,BDX,62307420.21,0.0035487403463476145
2020Q1,CME,61845930.07,0.00352245601819312
2020Q1,VRTX,61647848.05,0.003511174189257002
2020Q1,D,60495220.0,0.003445525865966119
2020Q1,CCI,60178555.6,0.003427490137175801
2020Q1,INTU,59912470.0,0.0034123351411718007
2020Q1,PLD,59400663.3,0.003383185016199534
2020Q1,DUK,59368265.52,0.0033813397896016333
2020Q1,SPGI,58982309.75,0.003359357547225229
2020Q1,ADP,58745064.0,0.0033458451347037847
2020Q1,AGN,58266254.2,0.003318574359413141
2020Q1,ISRG,57741486.0,0.0032886860077923604
2020Q1,TJX,57261941.38,0.0032613733805782617
2020Q1,ANTM,57245184.48,0.0032604189856296453
2020Q1,SO,57075903.92,0.0032507775536605543
2020Q1,CL,56900182.92,0.003240769304236989
2020Q1,ZTS,55894982.46,0.0031835177695634887
2020Q1,BKNG,55063947.6,0.0031361858959766246
2020Q1,NOW,54392884.0,0.003097965240005651
2020Q1,REGN,53878895.18,0.003068690831645331
2020Q1,EQIX,53667426.39,0.003056646554662959
2020Q1,GS,53437589.07,0.003043556091796234
2020Q1,AMD,53257080.0,0.003033275136214512
2020Q1,USB,52407441.45,0.002984883683125377
2020Q1,MS,52101532.0,0.0029674605061765454
2020Q1,BIIB,51629103.06,0.002940553154941176
2020Q1,NOC,50718574.35,0.002888693682043817
2020Q1,CB,50473604.52,0.00287474134191436
2020Q1,MU,46778543.16,0.002664287863239318
2020Q1,TGT,46574437.14,0.0026526629353308094
2020Q1,ATVI,45820120.6,0.0026097005797976604
2020Q1,BSX,45655896.0,0.0026003471117529466
2020Q1,ITW,45125516.04,0.002570139140429426
2020Q1,ECL,45060737.78,0.002566449672561018
2020Q1,ICE,44342893.5,0.002525564607022355
2020Q1,APD,44049535.58,0.00250885630674101
2020Q1,CSX,43861201.8,0.0024981296921353408
2020Q1,KMB,43662490.2,0.0024868120052558237
2020Q1,MMC,43567021.08,0.002481374528999666
2020Q1,DE,43329739.2,0.0024678600586817622
2020Q1,GPN,43287461.44,0.002465452114456828
2020Q1,SCHW,43242581.92,0.0024628959861046685
2020Q1,PGR,43218404.32,0.002461518942659302
2020Q1,SHW,42185774.08,0.00240270513552051
2020Q1,AMAT,42076735.1,0.002396494783264769
2020Q1,HUM,41489578.48,0.002363053077927004
2020Q1,TFC,41479861.68,0.002362499654272467
2020Q1,BAX,41180055.14,0.0023454240706419624
2020Q1,PNC,41037748.44,0.002337318944059229
2020Q1,NSC,40504050.0,0.0023069219675766945
2020Q1,WBA,40132815.0,0.002285778151671042
2020Q1,ILMN,40097839.68,0.0022837861204042667
2020Q1,MCO,39594492.0,0.0022551177817981085
2020Q1,AEP,39576743.34,0.002254106900820798
2020Q1,WM,39210915.12,0.002233271029912148
2020Q1,EW,39105830.12,0.0022272858779344372
2020Q1,LHX,39067307.52,0.002225091810126696
2020Q1,AON,38432699.76,0.002188947508943514
2020Q1,GD,38398082.03,0.0021869758443370207
2020Q1,DG,38045610.41,0.002166900703131997
2020Q1,NEM,36576640.64,0.0020832350294001335
2020Q1,RTN,36517537.15,0.002079868769990483
2020Q1,DLR,36016445.89,0.0020513289465541925
2020Q1,EXC,35867958.48,0.0020428717955276268
2020Q1,EL,35424309.46,0.002017603614441245
2020Q1,CNC,34862441.51,0.0019856022339192407
2020Q1,LRCX,34837440.0,0.0019841782643991164
2020Q1,PSA,34684654.57,0.0019754763181791053
2020Q1,ADSK,34404283.9,0.0019595077111462973
2020Q1,COP,33167288.0,0.001889054188214336
2020Q1,ROP,33086159.1,0.001884433464074026
2020Q2,AAPL,1562780947.2,0.07422336190102641
2020Q2,MSFT,1540774210.0,0.07317816486149062
2020Q2,AMZN,1382168820.0,0.06564529515091763
2020Q2,FB,546330420.0,0.025947641960860322
2020Q2,GOOG,473123958.12,0.022470744111965858
2020Q2,GOOGL,425728389.05,0.02021971943580086
2020Q2,JNJ,370503094.85,0.01759682656982284
2020Q2,WMT,339211330.34,0.016110642619405
2020Q2,V,325899425.04,0.015478401506890569
2020Q2,PG,296012633.51,0.014058945921790047
2020Q2,MA,293642223.7,0.013946364702076178
2020Q2,JPM,286602983.38,0.013612040123371935
2020Q2,UNH,279724681.0,0.013285359197468573
2020Q2,HD,269429266.73,0.012796384552204098
2020Q2,INTC,254456990.0,0.012085285075208178
2020Q2,BRK,248255106.57,0.011790730269483407
2020Q2,NVDA,233644650.0,0.011096815228173683
2020Q2,VZ,228127664.35,0.01083478923967133
2020Q2,T,215388750.0,0.01022976199530909
2020Q2,ADBE,208802971.15,0.009916974302408508
2020Q2,BAC,206045761.25,0.009786022239925625
2020Q2,PYPL,204371790.0,0.009706517959992295
2020Q2,DIS,201416833.17,0.009566174023378553
2020Q2,NFLX,200679465.6,0.00953115318434142
2020Q2,CSCO,196927885.44,0.009352974091222009
2020Q2,MRK,195188730.33,0.009270373942197393
2020Q2,KO,191895729.88,0.009113974822680029
2020Q2,XOM,189085595.92,0.008980509163095972
2020Q2,PEP,183180100.0,0.008700031107831392
2020Q2,PFE,181643071.8,0.008627030857511549
2020Q2,CMCSA,177696410.88,0.008439586518437257
2020Q2,ABBV,173026737.56,0.008217803130681654
2020Q2,ORCL,169606054.14,0.00805533978360387
2020Q2,CRM,168784330.0,0.00801631247889088
2020Q2,CVX,166590536.17,0.007912119531266281
2020Q2,ABT,161725498.35,0.007681057421491387
2020Q2,LLY,157126498.84,0.007462630644773276
2020Q2,TMO,143106545.34,0.006796761199454982
2020Q2,AMGN,138308304.0,0.006568871549209772
2020Q2,MCD,137163775.32,0.006514512832734537
2020Q2,ACN,136604219.84,0.006487937074327606
2020Q2,COST,133874492.04,0.006358290258019982
2020Q2,BMY,133046172.0,0.006318949684916025
2020Q2,TMUS,128868856.85,0.006120550558852575
2020Q2,AVGO,126178037.51,0.005992751676967729
2020Q2,DHR,125022346.6,0.00593786281694397
2020Q2,MDT,122997118.3,0.005841675790020956
2020Q2,NKE,121583666.85,0.0057745447447578
2020Q2,NEE,117551206.5,0.005583025412220606
2020Q2,TXN,116252589.27,0.005521348350693912
2020Q2,UNP,114725491.76,0.00544881975265465
2020Q2,AMT,114612333.24,0.0054434453553040855
2020Q2,LIN,111396990.35,0.005290734535922807
2020Q2,PM,109092527.8,0.0051812854425342105
2020Q2,IBM,107230716.84,0.005092859826056758
2020Q2,C,106380388.8,0.005052473995937321
2020Q2,WFC,104959948.8,0.004985011033602395
2020Q2,CHTR,104506685.96,0.004963483581613757
2020Q2,BA,103440772.5,0.004912858648773038
2020Q2,QCOM,102884880.0,0.004886456861446739
2020Q2,LMT,102336340.2,0.004860404286282278
2020Q2,LOW,102016005.36,0.004845190171468921
2020Q2,HON,101480202.32,0.004819742521229234
2020Q2,GILD,96482760.0,0.00458239193760365
2020Q2,RTX,93432495.78,0.004437521432559133
2020Q2,MMM,89724824.04,0.004261427744021856
2020Q2,SBUX,86019351.0,0.004085438481447861
2020Q2,CVS,84921702.27,0.004033306300624335
2020Q2,BLK,83932411.58,0.003986320521177288
2020Q2,FIS,82845361.06,0.003934691696104126
2020Q2,SPGI,79371732.0,0.003769713726995762
2020Q2,UPS,78283728.06,0.0037180396198004764
2020Q2,NOW,77246562.24,0.003668780039212959
2020Q2,INTU,77237762.49,0.003668362100262488
2020Q2,AXP,76633239.2,0.0036396506221684785
2020Q2,MS,76104184.8,0.003614523494616222
2020Q2,VRTX,75516598.44,0.0035866164260507094
2020Q2,MDLZ,73016452.15,0.0034678734485267906
2020Q2,MO,72940944.0,0.0034642872333544286
2020Q2,CCI,69743279.85,0.0033124160553312846
2020Q2,BDX,69335660.6,0.003293056418803349
2020Q2,CI,69239284.65,0.0032884790997438733
2020Q2,PLD,68931858.06,0.003273878054671976
2020Q2,CAT,68466733.5,0.0032517872372686864
2020Q2,D,68130396.18,0.0032358130940799636
2020Q2,GS,67958948.94,0.003227670308256875
2020Q2,SYK,67639361.82,0.003212491705965129
2020Q2,ISRG,66670110.0,0.0031664576608624014
2020Q2,ANTM,66301465.68,0.003148949115710797
2020Q2,FISV,65346828.0,0.0031036091605917207
2020Q2,BKNG,65204730.66,0.003096860331006301
2020Q2,ZTS,65085914.64,0.0030912172340208277
2020Q2,REGN,64971857.0,0.0030858001334947015
2020Q2,ADP,63992922.0,0.003039306191453263
2020Q2,CL,62749241.28,0.002980238307156824
2020Q2,EQIX,62187962.7,0.0029535807111288745
2020Q2,AMD,61764140.0,0.0029334515012736273
2020Q2,TJX,60564661.12,0.0028764829573696402
2020Q2,TGT,59966798.95,0.0028480878452521365
2020Q2,GE,59742638.36,0.0028374414698753903
2020Q2,DUK,58707406.17,0.0027882737259074136
2020Q2,ATVI,58572485.4,0.002781865743293076
2020Q2,CME,58144946.58,0.0027615600385041523
2020Q2,MU,57238616.96,0.0027185144462812585
2020Q2,CB,57150823.34,0.0027143447399372335
2020Q2,ECL,56550741.7,0.002685844215397513
2020Q2,USB,55461560.98,0.0026341142177282776
2020Q2,AMAT,55401155.55,0.002631245297359297
2020Q2,ITW,55240710.2,0.00262362503983074
2020Q2,MMC,54782643.51,0.002601869431811848
2020Q2,SO,54751318.6,0.002600381673635878
2020Q2,ILMN,54071100.0,0.0025680750913153884
2020Q2,CSX,53354796.22,0.0025340546645951432
2020Q2,APD,53327648.3,0.0025327652901024284
2020Q2,SHW,52468780.0,0.0024919738453574466
2020Q2,ADSK,52426620.96,0.002489971526549474
2020Q2,MCO,51511875.0,0.0024465262052085473
2020Q2,HUM,51262876.5,0.0024347001679053504
2020Q2,NOC,51251170.32,0.002434144189771514
2020Q2,GPN,50734359.72,0.00240959857429878
2020Q2,TFC,50599638.85,0.002403200085817367
2020Q2,BSX,50162815.63,0.0023824534239112807
2020Q2,ICE,50125535.2,0.0023806828118157894
2020Q2,NEM,49551597.9,0.0023534239973269622
2020Q2,DE,49165791.85,0.002335100365903082
2020Q2,KMB,48136318.45,0.002286206132278988
2020Q2,DG,47955558.22,0.002277621031473503
2020Q2,LRCX,47008765.26,0.00223265365671677
2020Q2,PGR,46888222.78,0.002226928562529055
2020Q2,ADI,45183642.0,0.0021459705009720872
2020Q2,COP,45063298.5,0.002140254857222437
2020Q2,NSC,44977347.03,0.0021361726427091584
2020Q2,WM,44696667.75,0.0021228419453936543
2020Q2,PNC,44636394.6,0.0021199793075854702
2020Q2,AON,44507356.2,0.002113850704674429
2020Q2,BAX,43810779.6,0.0020807672087652805
2020Q2,SCHW,43437314.62,0.0020630297092023605
2020Q2,GD,42874842.9,0.002036315445691884
2020Q2,EW,42824979.04,0.0020339471909897816
2020Q2,EL,42408282.84,0.0020141564500604173
2020Q2,BIIB,42356643.15,0.0020117038533569607
2020Q2,ROP,40533179.22,0.001925099506514654
2020Q2,AEP,39468230.12,0.0018745203753849238
2020Q2,KHC,39001470.0,0.001852351878021427
2020Q2,DD,38986634.61,0.0018516472798991593
2020Q2,DXCM,38675160.0,0.0018368539764983005
2020Q2,EA,38175655.0,0.001813130280318872
2020Q2,DLR,38129960.43,0.0018109600435930542
2020Q2,GIS,37368469.35,0.0017747934726372785
2020Q2,EMR,37061374.25,0.0017602081714879583
2020Q3,AAPL,1966078923.03,0.08541613430195288
2020Q3,MSFT,1590936120.0,0.0691180866138985
2020Q3,AMZN,1580662460.0,0.06867174831483358
2020Q3,FB,630131400.0,0.027376005947578285
2020Q3,GOOG,486684492.8,0.02114396706700685
2020Q3,GOOGL,440619449.6,0.019142675119615166
2020Q3,WMT,396470382.23,0.017224622581841053
2020Q3,JNJ,391974688.24,0.017029307532616823
2020Q3,PG,346032422.79,0.015033349654300619
2020Q3,V,337150819.79,0.014647489155122147
2020Q3,MA,335645899.12,0.014582108002536268
2020Q3,NVDA,333932740.0,0.014507679947914218
2020Q3,HD,298942595.76,0.012987536059162027
2020Q3,BRK,298404746.64,0.01296416924914745
2020Q3,UNH,296286254.72,0.012872131544945094
2020Q3,JPM,293392837.08,0.012746427257678234
2020Q3,VZ,246172832.46,0.010694958108034535
2020Q3,ADBE,235268589.17,0.010221224170698796
2020Q3,PYPL,230919160.0,0.010032263584340952
2020Q3,CRM,228701200.0,0.009935904497725858
2020Q3,DIS,224220377.04,0.009741235519155664
2020Q3,NFLX,220910753.85,0.00959744921659451
2020Q3,INTC,212194440.0,0.009218769690707436
2020Q3,KO,212065823.43,0.00921318195458561
2020Q3,CMCSA,211217562.54,0.009176329331196682
2020Q3,MRK,209800540.95,0.009114766946786562
2020Q3,BAC,208718120.82,0.009067741294808801
2020Q3,PFE,203937496.0,0.008860047449516439
2020Q3,T,203133750.0,0.008825128771798835
2020Q3,ABT,192686779.9,0.00837126102994091
2020Q3,PEP,191539101.6,0.008321400242227894
2020Q3,ORCL,179750013.6,0.00780922430050443
2020Q3,TMO,174660455.28,0.0075881088651541745
2020Q3,CSCO,166754610.75,0.0072446401110595375
2020Q3,MCD,163323167.47,0.007095561344881472
2020Q3,COST,156635940.0,0.006805035306992344
2020Q3,NKE,156281105.34,0.006789619544878971
2020Q3,ABBV,154581722.47,0.006715789998285462
2020Q3,DHR,152757039.97,0.006636516819750886
2020Q3,AMGN,148302360.0,0.006442983621193764
2020Q3,AVGO,147367804.32,0.006402381927873889
2020Q3,XOM,145155238.89,0.006306257207901061
2020Q3,ACN,143503650.0,0.006234504066769554
2020Q3,TMUS,141858891.24,0.006163047660064395
2020Q3,LLY,141576689.4,0.006150787424738465
2020Q3,MDT,139690822.8,0.00606885610809889
2020Q3,NEE,135906698.88,0.005904455161026115
2020Q3,BMY,135889741.15,0.005903718433865181
2020Q3,CVX,134447256.0,0.005841049787221491
2020Q3,UNP,133643033.93,0.005806110426682573
2020Q3,QCOM,133096080.0,0.005782348058959378
2020Q3,TXN,131029958.39,0.005692585578492955
2020Q3,LOW,125346372.96,0.00544566268505319
2020Q3,LIN,125103976.8,0.005435131804164172
2020Q3,CHTR,124789957.5,0.005421489261950827
2020Q3,UPS,117820907.03,0.005118719447407871
2020Q3,PM,116780952.13,0.005073538693794239
2020Q3,HON,115520499.63,0.005018778440398455
2020Q3,IBM,108356746.93,0.0047075498037646045
2020Q3,AMT,107224417.83,0.004658355860761262
2020Q3,LMT,107142857.76,0.004654812490344545
2020Q3,SBUX,100809936.0,0.0043796792343803
2020Q3,AMD,98551980.0,0.004281582524891818
2020Q3,WFC,96862304.97,0.004208174734594819
2020Q3,BA,93280841.74,0.004052578364241726
2020Q3,NOW,93023000.0,0.004041376451421997
2020Q3,MMM,92266723.42,0.004008520078684352
2020Q3,FIS,91211757.63,0.003962687178210686
2020Q3,C,89749200.15,0.0038991464908696726
2020Q3,RTX,87901268.7,0.0038188632636476727
2020Q3,SPGI,86904600.0,0.003775563075371124
2020Q3,BLK,85932358.2,0.0037333241117211867
2020Q3,INTU,85404061.47,0.003710372304490875
2020Q3,ISRG,83370950.0,0.0036220439467946714
2020Q3,MDLZ,82144480.35,0.003568760075473667
2020Q3,CAT,80765769.05,0.003508862078407034
2020Q3,AXP,80717390.25,0.003506760265489067
2020Q3,GILD,79177070.0,0.003439841181112102
2020Q3,TGT,78807285.56,0.003423775927057532
2020Q3,ZTS,78574728.65,0.0034136725115614776
2020Q3,SYK,78265022.22,0.003400217341624408
2020Q3,CVS,76428255.2,0.0033204191521295895
2020Q3,MS,76236394.35,0.003312083773555045
2020Q3,PLD,74334836.16,0.0032294707371008924
2020Q3,CCI,72806620.5,0.0031630775356236416
2020Q3,MO,71808460.08,0.0031197125396965108
2020Q3,VRTX,70798548.88,0.003075837032115511
2020Q3,BKNG,70059188.72,0.0030437155918293067
2020Q3,DE,69453301.25,0.003017392861391999
2020Q3,GS,69148953.72,0.003004170508417031
2020Q3,FISV,69074415.0,0.0030009321799635614
2020Q3,EQIX,67729103.26,0.002942485223986464
2020Q3,ANTM,67551996.54,0.0029347908373552373
2020Q3,BDX,67446718.92,0.0029302170599633044
2020Q3,TJX,66727744.65,0.002898981282962387
2020Q3,D,66311934.48,0.0028809164449191097
2020Q3,CL,66148410.0,0.002873812137568207
2020Q3,FDX,66047139.84,0.002869412463940656
2020Q3,APD,65795486.84,0.0028584794204123917
2020Q3,DUK,65129857.92,0.002829561227678622
2020Q3,SHW,63438177.0,0.002756066291658413
2020Q3,ATVI,62558645.7,0.0027178551279235454
2020Q3,CI,62207521.41,0.0027026005625243616
2020Q3,ITW,61085853.23,0.002653869782298381
2020Q3,CME,59901999.3,0.0026024373473669624
2020Q3,ADP,59883057.0,0.0026016144007284347
2020Q3,CSX,59400074.25,0.002580631255567635
2020Q3,REGN,58650949.5,0.00254808559348592
2020Q3,MMC,58098876.3,0.0025241008195059237
2020Q3,SO,57263422.82,0.0024878046129728024
2020Q3,ECL,57031338.4,0.002477721724765263
2020Q3,ICE,56152862.4,0.002439556408450595
2020Q3,PGR,55438752.0,0.0024085319418748496
2020Q3,HUM,54754749.77,0.0023788155222254927
2020Q3,BSX,54666091.75,0.0023749637819649367
2020Q3,NSC,54590774.91,0.002371691648153175
2020Q3,GE,54532990.47,0.0023691812079924125
2020Q3,MCO,54404845.0,0.002363613938770667
2020Q3,AMAT,54294674.35,0.0023588275840998024
2020Q3,USB,54003113.55,0.0023461607495397713
2020Q3,GPN,53139571.94,0.0023086442565490375
2020Q3,NOC,52596599.86,0.002285054879965917
2020Q3,CB,52412619.92,0.0022770618868668984
2020Q3,MU,52266480.0,0.002270712850270565
2020Q3,DG,52202507.08,0.0022679335521140153
2020Q3,TFC,51276522.45,0.00222770422734422
2020Q3,NEM,50954854.95,0.002213729409721828
2020Q3,ADSK,50655641.79,0.002200730119021898
2020Q3,KMB,50359000.02,0.0021878425421453605
2020Q3,EW,49627366.62,0.0021560567903008295
2020Q3,EL,49354836.75,0.0021442167529022605
2020Q3,LRCX,47968727.75,0.0020839973633781203
2020Q3,WM,47809911.37,0.0020770975990377733
2020Q3,AON,47789395.0,0.0020762062670598037
2020Q3,SCHW,46687499.66,0.0020283345162131565
2020Q3,PNC,46657124.73,0.0020270148799208893
2020Q3,ILMN,45125680.0,0.0019604813917676765
2020Q3,BIIB,43653245.76,0.001896511609414888
2020Q3,ADI,43096438.84,0.0018723211793655798
2020Q3,GM,42346160.23,0.0018397253879327122
2020Q3,MNST,42337018.6,0.0018393282305822762
2020Q3,HCA,42145954.44,0.0018310274641381201
2020Q3,ROP,41372363.21,0.0017974188578800058
2020Q3,ETN,40822203.0,0.0017735171935904927
2020Q3,DD,40712777.44,0.0017687632092923333
2020Q3,BAX,40711177.44,0.0017686936974262112
2020Q3,AEP,40550748.15,0.0017617238603458724
2020Q3,GD,39719996.76,0.00172563193571936
2020Q3,DXCM,39574080.0,0.0017192925942905541
2020Q3,DLR,39477706.2,0.001715105642613506
2020Q4,AAPL,2232278767.47,0.08585579669950626
2020Q4,MSFT,1678381320.0,0.06455231644633987
2020Q4,AMZN,1638235790.0,0.06300827700453647
2020Q4,TSLA,677340172.18,0.026051217691329932
2020Q4,FB,657222960.0,0.02527748848498872
2020Q4,GOOG,575753610.12,0.02214409132937015
2020Q4,GOOGL,527071427.2,0.02027172320914438
2020Q4,JNJ,414309617.34,0.015934785025666073
2020Q4,WMT,407841576.9,0.015686017365840948
2020Q4,JPM,387335155.21,0.01489731875108577
2020Q4,V,370895430.21,0.014265029581845728
2020Q4,MA,352824481.8,0.013570001839134793
2020Q4,PG,345012378.84,0.013269540116654878
2020Q4,UNH,332732548.28,0.012797244876728975
2020Q4,DIS,328023672.3,0.012616136538149797
2020Q4,NVDA,323241800.0,0.012432220684084175
2020Q4,BRK,317882640.24,0.012226101745204415
2020Q4,HD,285966757.62,0.010998583224829987
2020Q4,PYPL,274482400.0,0.010556882713488992
2020Q4,BAC,262205444.9,0.01008469806678862
2020Q4,VZ,243113022.5,0.009350383356653506
2020Q4,ADBE,239557480.0,0.009213633440610346
2020Q4,CMCSA,239531508.8,0.009212634560855838
2020Q4,NFLX,239486613.35,0.00921090783447914
2020Q4,KO,235671335.4,0.009064168218979164
2020Q4,MRK,206956781.2,0.007959776167395809
2020Q4,T,204943760.0,0.007882353248082343
2020Q4,PEP,204654000.0,0.007871208772753284
2020Q4,PFE,204604593.57,0.007869308549326201
2020Q4,CRM,203614950.0,0.007831245813439861
2020Q4,INTC,202368840.0,0.007783319108055088
2020Q4,ABT,194055915.38,0.00746359525610897
2020Q4,ORCL,190449559.46,0.007324891002318794
2020Q4,ABBV,189170539.1,0.007275698529764325
2020Q4,CSCO,189091751.5,0.0072726682755386365
2020Q4,TMO,184604916.3,0.007100099859636
2020Q4,AVGO,178079287.05,0.00684911727341567
2020Q4,NKE,177517829.23,0.0068275230132579644
2020Q4,XOM,174287805.48,0.006703292891798323
2020Q4,QCOM,173058240.0,0.0066560025061090594
2020Q4,ACN,172695073.35,0.006642034733568813
2020Q4,TMUS,167457539.1,0.006440593640132107
2020Q4,COST,166896584.9,0.006419018749730977
2020Q4,CVX,162570641.4,0.006252638398368995
2020Q4,LLY,161509304.88,0.006211818275981613
2020Q4,MCD,159885918.38,0.00614938111833813
2020Q4,DHR,157803146.78,0.006069275525046226
2020Q4,MDT,157672782.8,0.006064261588826914
2020Q4,NEE,151142559.1,0.0058131022952119275
2020Q4,TXN,150893572.02,0.00580352598940604
2020Q4,HON,149248612.2,0.0057402590991131024
2020Q4,UNP,140313003.18,0.005396586148141622
2020Q4,BMY,140172416.56,0.005391179038401887
2020Q4,LIN,138305068.07,0.005319358845215946
2020Q4,AMGN,132962736.0,0.005113887117048672
2020Q4,PM,128930191.64,0.004958791206179846
2020Q4,C,128373653.6,0.004937386165951857
2020Q4,CHTR,128162743.05,0.004929274323664747
2020Q4,SBUX,125936856.0,0.00484366435916311
2020Q4,WFC,124778908.2,0.004799128465011271
2020Q4,MS,123984338.94,0.004768568492912646
2020Q4,BA,120843291.8,0.004647760505753834
2020Q4,UPS,120442542.8,0.004632347276379025
2020Q4,LOW,117609368.73,0.004523380412332776
2020Q4,IBM,112166255.16,0.0043140325213398
2020Q4,AMD,111060810.0,0.004271515934118492
2020Q4,BLK,110042786.94,0.004232361693103231
2020Q4,RTX,108603381.16,0.00417700062807109
2020Q4,NOW,107388893.0,0.004130290132017277
2020Q4,MMM,100822717.38,0.0038777480896258127
2020Q4,INTU,99804068.1,0.00383856976352862
2020Q4,AMT,99708049.98,0.0038348768053236147
2020Q4,LMT,99317724.32,0.0038198644686029894
2020Q4,CAT,98883821.16,0.003803176095253251
2020Q4,AXP,97356973.82,0.00374445193556293
2020Q4,ISRG,96298551.0,0.003703743877151825
2020Q4,SCHW,95324124.48,0.0036662664050641676
2020Q4,GE,94606628.4,0.0036386707487891276
2020Q4,SYK,92083826.64,0.0035416411312628173
2020Q4,BKNG,91228979.2,0.0035087627967612016
2020Q4,GS,90734172.28,0.0034897320005416164
2020Q4,CVS,89398757.9,0.0034383705544759795
2020Q4,TGT,88401457.69,0.0034000133361366323
2020Q4,FIS,87777203.14,0.0033760038474855863
2020Q4,DE,84309777.05,0.003242642981543647
2020Q4,MU,83692029.96,0.003218883776670296
2020Q4,MDLZ,82979103.78,0.0031914638835710087
2020Q4,TJX,81991090.99,0.003153463869204124
2020Q4,ANTM,79856367.36,0.0030713601460232443
2020Q4,SPGI,79092109.27,0.0030419659735044778
2020Q4,AMAT,78939559.3,0.0030360987407010765
2020Q4,ZTS,78656854.0,0.003025225596577513
2020Q4,MO,76195179.0,0.00293054697873634
2020Q4,FISV,76183726.0,0.0029301064842721498
2020Q4,ADP,75431220.0,0.0029011643095345463
2020Q4,CI,75208564.06,0.0028926007271553424
2020Q4,PLD,73670964.18,0.0028334630134314942
2020Q4,CL,73296521.19,0.0028190615409570546
2020Q4,GILD,73058040.0,0.0028098893027654497
2020Q4,BDX,72776987.44,0.0027990797247661107
2020Q4,ATVI,71887255.5,0.0027648596955874636
2020Q4,USB,70184946.42,0.0026993870922450733
2020Q4,CB,69475024.32,0.002672082739232225
2020Q4,CSX,69242250.0,0.0026631299932822036
2020Q4,FDX,68817733.02,0.00264680262231873
2020Q4,CCI,68658328.62,0.0026406717609053425
2020Q4,LRCX,67631425.35,0.0026011759776438715
2020Q4,DUK,67384406.04,0.0025916753543484003
2020Q4,ADSK,67140907.26,0.0025823101343512797
2020Q4,SHW,66748200.75,0.002567206227627593
2020Q4,CME,65193925.5,0.0025074271615791732
2020Q4,SO,64884946.06,0.0024955434863090666
2020Q4,ICE,64710432.36,0.002488831505275685
2020Q4,TFC,64615295.74,0.00248517245049076
2020Q4,ITW,64532097.6,0.00248197256224306
2020Q4,GPN,64483176.54,0.0024800910066582952
2020Q4,EQIX,63657720.12,0.0024483430817966775
2020Q4,PNC,63131449.0,0.0024281021392468585
2020Q4,ECL,61758880.2,0.002375311694985972
2020Q4,VRTX,61422402.6,0.0023623704114686455
2020Q4,D,61349588.8,0.00235956991589398
2020Q4,APD,60395007.78,0.002322855722675535
2020Q4,NSC,60349375.85,0.0023211006705009685
2020Q4,EL,60302150.22,0.0023192843229428712
2020Q4,GM,59599665.12,0.0022922660047968862
2020Q4,MMC,59341347.0,0.002282330817347312
2020Q4,PGR,57874464.0,0.0022259129494424453
2020Q4,EW,56858915.04,0.002186853864923635
2020Q4,HCA,55649152.5,0.002140325121201078
2020Q4,ADI,54584019.05,0.0020993589648797112
2020Q4,MCO,54507072.0,0.0020963995001490074
2020Q4,HUM,54295542.07,0.0020882638358535825
2020Q4,ILMN,54020000.0,0.0020776661971138237
2020Q4,DD,52206188.71,0.0020079051011275884
2020Q4,DG,51523710.3,0.0019816562613882882
2020Q4,BSX,51477559.95,0.0019798812702335315
2020Q4,NOC,50801699.52,0.001953886964987737
2020Q4,REGN,50775827.22,0.0019528918890315803
2020Q4,WM,49837925.58,0.0019168192023665373
2020Q4,MNST,48838410.56,0.0018783768000977196
2020Q4,AON,48299702.32,0.001857657512790154
2020Q4,NEM,48113110.62,0.001850480999133138
2020Q4,EMR,48064394.43,0.0018486073230647342
2020Q4,ETN,47887804.0,0.0018418154688043715
2020Q4,KMB,45860671.71,0.0017638498220807334
2020Q4,LVS,45524148.8,0.0017509067958929995
2020Q4,COF,45213693.45,0.0017389663555670437
2020Q4,ROP,45209270.48,0.0017387962434741177
2020Q4,ROST,43777221.03,0.0016837181106555239
2020Q4,CTSH,43433500.0,0.0016704982371777723
2021Q1,AAPL,2038232155.75,0.07519627206921131
2021Q1,MSFT,1776291180.0,0.06553251280459317
2021Q1,AMZN,1559416320.0,0.057531372732533385
2021Q1,FB,707230737.54,0.026091784886102917
2021Q1,GOOG,671293189.93,0.02476594494193453
2021Q1,TSLA,643216590.0,0.023730118065610026
2021Q1,GOOGL,620296702.44,0.022884537204815834
2021Q1,JPM,464530758.38,0.01713788156717905
2021Q1,JNJ,432685395.45,0.015963014136954494
2021Q1,WMT,382642889.76,0.014116801544206132
2021Q1,V,359118217.22,0.013248908418456664
2021Q1,UNH,351724840.33,0.01297614538772816
2021Q1,MA,350761589.35,0.012940608276531738
2021Q1,BRK,341071354.78,0.012583107531052587
2021Q1,DIS,334952513.28,0.012357365792613045
2021Q1,BAC,334017966.34,0.012322887656369614
2021Q1,PG,333493124.68,0.012303524731421503
2021Q1,NVDA,332288665.85,0.012259088765861185
2021Q1,HD,328775312.25,0.012129471002528562
2021Q1,PYPL,285094160.0,0.010517947114230862
2021Q1,INTC,258432000.0,0.009534303012818327
2021Q1,CMCSA,248071190.92,0.009152062836575913
2021Q1,VZ,240741000.0,0.008881630918806095
2021Q1,XOM,236355355.89,0.008719831838772965
2021Q1,NFLX,231295697.44,0.008533166422711229
2021Q1,ADBE,227226860.0,0.008383055255894193
2021Q1,KO,227143835.52,0.008379992242994082
2021Q1,CSCO,218308554.06,0.008054033187446874
2021Q1,T,216081123.66,0.007971856845610092
2021Q1,ABT,212300035.36,0.007832361575788933
2021Q1,ORCL,202337650.95,0.007464820436552624
2021Q1,PFE,202096881.72,0.007455937764147571
2021Q1,CVX,201865045.83,0.007447384668460867
2021Q1,PEP,195483900.0,0.007211965765568802
2021Q1,CRM,195132270.0,0.0071989931191148125
2021Q1,MRK,195062060.44,0.007196402885631975
2021Q1,ABBV,190989469.72,0.007046153249473636
2021Q1,AVGO,189313305.32,0.006984314702819587
2021Q1,ACN,183738018.75,0.0067786262759155025
2021Q1,TMO,179719249.34,0.006630362263356744
2021Q1,LLY,179053145.32,0.006605787761883488
2021Q1,TXN,174483694.57,0.006437207523938304
2021Q1,NKE,168966844.31,0.006233674981315155
2021Q1,MCD,167112508.08,0.006165263161167236
2021Q1,WFC,161521006.08,0.005958976500208919
2021Q1,DHR,160497120.36,0.0059212023982982516
2021Q1,MDT,159247863.49,0.005875113703634181
2021Q1,TMUS,156208189.17,0.005762971337258644
2021Q1,COST,155984384.32,0.005754714529836814
2021Q1,C,151852384.5,0.00560227312036434
2021Q1,HON,150972402.07,0.005569808026515372
2021Q1,QCOM,149694110.0,0.005522648139449287
2021Q1,BA,148664780.8,0.005484673211836833
2021Q1,UNP,148527466.29,0.0054796072829023474
2021Q1,NEE,148186148.75,0.0054670150928873736
2021Q1,LIN,146467277.04,0.00540360095019877
2021Q1,MS,146161944.5,0.005392336350783708
2021Q1,AMGN,143140393.0,0.005280862587589382
2021Q1,BMY,141027874.64,0.005202925682854744
2021Q1,PM,138302443.62,0.005102376659571194
2021Q1,LOW,136407936.26,0.005032482810395184
2021Q1,SBUX,128709133.0,0.0047484517185918725
2021Q1,CAT,126439638.48,0.004664723509857619
2021Q1,AMAT,122599509.6,0.004523050062489666
2021Q1,UPS,122481704.77,0.004518703902008017
2021Q1,IBM,119080336.44,0.004393217598777675
2021Q1,SCHW,117522799.0,0.004335755543355864
2021Q1,DE,117270067.46,0.004326431546779371
2021Q1,RTX,117143869.91,0.004321775754612862
2021Q1,CHTR,116410695.32,0.0042947268260654725
2021Q1,GE,115342467.63,0.0042553168207908046
2021Q1,BLK,115079930.64,0.004245631072838797
2021Q1,AXP,113635866.24,0.004192355365652289
2021Q1,MMM,111642067.56,0.004118798372858529
2021Q1,GS,111250632.0,0.004104357184309772
2021Q1,AMT,106234439.04,0.003919295335732947
2021Q1,INTU,104897150.4,0.0038699588947761006
2021Q1,LMT,102984084.0,0.0037993803490029704
2021Q1,MU,98920105.36,0.0036494484373535566
2021Q1,TGT,98760871.12,0.003643573826259823
2021Q1,CVS,98653236.65,0.0036396028797377046
2021Q1,NOW,98071571.0,0.003618143553650966
2021Q1,BKNG,95642261.84,0.0035285193211903763
2021Q1,AMD,95377500.0,0.0035187514920949417
2021Q1,MO,95090580.4,0.0035081661992259604
2021Q1,SYK,91665243.5,0.003381795626210282
2021Q1,ANTM,87909008.7,0.0032432172737984558
2021Q1,ISRG,87490496.0,0.0032277771313373336
2021Q1,FIS,87336948.69,0.0032221123275191408
2021Q1,SPGI,84934397.52,0.003133475274605488
2021Q1,LRCX,84885390.68,0.0031316672707117723
2021Q1,CI,83976124.68,0.003098121821374023
2021Q1,USB,83107367.94,0.00306607087565682
2021Q1,GM,82794860.98,0.0030545415911632018
2021Q1,MDLZ,82214574.21,0.0030331331359428355
2021Q1,GILD,81046020.0,0.0029900217955320333
2021Q1,ADP,80288220.0,0.0029620643644742936
2021Q1,TJX,79421740.65,0.0029300974382528897
2021Q1,FISV,79352064.0,0.00292752686535937
2021Q1,PLD,78412970.0,0.0028928809749374424
2021Q1,TFC,78408498.96,0.002892716025356344
2021Q1,FDX,75367741.68,0.0027805337054580604
2021Q1,ZTS,74829141.68,0.0027606631956036153
2021Q1,PNC,74377348.2,0.0027439952290300653
2021Q1,DUK,74252517.01,0.0027393898458309618
2021Q1,CCI,74241734.56,0.002738992050103186
2021Q1,CME,73163355.2,0.002699207520397077
2021Q1,CSX,73028508.0,0.002694232617655814
2021Q1,ATVI,72251142.0,0.0026655533403377473
2021Q1,COP,71754486.25,0.002647230275030206
2021Q1,CB,71103086.85,0.002623198269466003
2021Q1,BDX,70649664.0,0.0026064701907263905
2021Q1,ITW,70106649.6,0.0025864368209040627
2021Q1,NSC,67643410.24,0.002495560805351265
2021Q1,CL,66892221.29,0.002467847275025373
2021Q1,EL,66818715.6,0.0024651354377853013
2021Q1,SHW,65837134.09,0.002428922060385754
2021Q1,SO,65678877.6,0.0024230835213139477
2021Q1,D,63730440.0,0.002351200029795991
2021Q1,HCA,63458714.58,0.0023411752941186552
2021Q1,ICE,62843676.16,0.002318484750142657
2021Q1,APD,62189925.66,0.002294366005707829
2021Q1,MMC,61897176.6,0.00228356564721988
2021Q1,ECL,61240717.46,0.0022593469732310003
2021Q1,ADSK,61063628.05,0.0022528136333377163
2021Q1,EQIX,60874274.25,0.0022458278246691742
2021Q1,GPN,59484443.78,0.002194552963825983
2021Q1,COF,58097034.9,0.002143367442433141
2021Q1,ADI,57208081.52,0.0021105713843242806
2021Q1,ILMN,56066230.98,0.0020684452194387
2021Q1,PGR,55941411.0,0.0020638402498088793
2021Q1,MCO,55884861.5,0.002061753975399273
2021Q1,VRTX,55619763.81,0.002051973755827168
2021Q1,NXPI,55518900.98,0.002048252634665894
2021Q1,ETN,55085635.64,0.0020322682246992035
2021Q1,BSX,54902982.05,0.002025529606132466
2021Q1,WM,54451729.82,0.0020088816078349257
2021Q1,EMR,54134706.6,0.0019971857054637823
2021Q1,HUM,54087861.75,0.0019954574636265095
2021Q1,NOC,53956613.52,0.0019906153372848956
2021Q1,MET,53762615.21,0.001983458179225852
2021Q1,EW,52027091.04,0.001919429679183868
2021Q1,AON,52001178.24,0.0019184736811375326
2021Q1,GD,51481882.68,0.0018993153678394457
2021Q1,TWTR,50786411.76,0.001873657436592992
2021Q1,KLAC,50644372.8,0.0018684172090504833
2021Q1,REGN,49582706.3,0.0018292492650282327
2021Q1,KHC,48920000.0,0.0018048001152607747
2021Q1,DG,48479671.68,0.0017885551315590458
2021Q1,NEM,48282718.89,0.0017812889741981928
2021Q2,AAPL,2267638776.32,0.07705680008821911
2021Q2,MSFT,2036897100.0,0.06921595020953378
2021Q2,AMZN,1740720960.0,0.05915156700652764
2021Q2,FB,830679190.0,0.02822737066842299
2021Q2,GOOG,804656542.32,0.02734309316312382
2021Q2,GOOGL,735076461.6,0.024978687321173892
2021Q2,TSLA,668826839.1,0.022727454025019456
2021Q2,NVDA,498462300.0,0.016938284088150398
2021Q2,JPM,470870597.12,0.0160006884026647
2021Q2,JNJ,433825657.04,0.01474186156841154
2021Q2,V,395578078.92,0.01344216780244311
2021Q2,WMT,395158628.92,0.01342791444113419
2021Q2,UNH,377896028.88,0.012841312759166194
2021Q2,BRK,368680890.24,0.012528172455082993
2021Q2,MA,358848786.45,0.01219406701284754
2021Q2,BAC,353312981.14,0.012005954405339468
2021Q2,PYPL,342489000.0,0.011638143905901292
2021Q2,HD,339062343.62,0.011521702443353547
2021Q2,PG,330335626.0,0.011225159209884079
2021Q2,DIS,319362137.64,0.010852268294603843
2021Q2,ADBE,278998896.0,0.009480682010913018
2021Q2,XOM,267051640.12,0.009074701429895625
2021Q2,CMCSA,261168306.86,0.008874779449550986
2021Q2,NFLX,233783633.16,0.007944218837861996
2021Q2,KO,233305058.91,0.007927956371064058
2021Q2,VZ,231968010.04,0.007882522015045959
2021Q2,INTC,227759980.0,0.007739528636672127
2021Q2,CRM,226194020.0,0.0076863156347045155
2021Q2,CSCO,223352865.0,0.007589770137625862
2021Q2,LLY,220115418.0,0.007479758212940023
2021Q2,PFE,219205697.04,0.00744884491807013
2021Q2,ORCL,217329280.0,0.007385082252585968
2021Q2,ABT,205986742.6,0.0069996506547265695
2021Q2,T,205489200.0,0.006982743623031781
2021Q2,PEP,204770940.0,0.006958336377129423
2021Q2,CVX,202437177.66,0.006879032627359086
2021Q2,ABBV,198947246.08,0.006760441005584987
2021Q2,TMO,198270835.16,0.006737455836348944
2021Q2,NKE,196967952.44,0.006693182482787597
2021Q2,MRK,196918150.66,0.006691490164837503
2021Q2,AVGO,195628855.24,0.006647678522317073
2021Q2,DHR,191415552.44,0.0065045059698977635
2021Q2,WFC,187209475.88,0.006361578972871528
2021Q2,ACN,186937246.23,0.006352328317106954
2021Q2,TMUS,180736398.43,0.006141616851819043
2021Q2,TXN,177509630.1,0.006031967799804103
2021Q2,COST,174913441.23,0.0059437465148111275
2021Q2,MCD,172358732.26,0.005856934761351726
2021Q2,MS,170597405.41,0.005797082984081134
2021Q2,MDT,166818803.52,0.005668682035265463
2021Q2,QCOM,161225040.0,0.005478599945559396
2021Q2,PM,154466602.07,0.005248940969042072
2021Q2,HON,151439020.65,0.005146060502070015
2021Q2,UPS,150428236.49,0.005111712971165708
2021Q2,LIN,150392132.8,0.005110486129019671
2021Q2,BMY,149271068.96,0.005072391176196011
2021Q2,C,146243646.0,0.004969516093864871
2021Q2,UNP,146100158.79,0.004964640244425513
2021Q2,NEE,143734689.6,0.004884259061852654
2021Q2,BA,140097083.6,0.004760649304748134
2021Q2,AMGN,138840000.0,0.004717932254452947
2021Q2,LOW,137115453.3,0.004659330306165419
2021Q2,INTU,133943364.03,0.004551539307311075
2021Q2,BLK,133455674.22,0.004534967083998146
2021Q2,AXP,132729754.69,0.004510299559043347
2021Q2,CHTR,132618381.9,0.004506514992072666
2021Q2,SBUX,131823990.0,0.004479520702475387
2021Q2,SCHW,131571528.93,0.004470941804282167
2021Q2,IBM,130981536.57,0.004450893230491294
2021Q2,AMAT,130150894.4,0.004422667117802214
2021Q2,RTX,129252327.9,0.004392132863458215
2021Q2,GS,129122178.48,0.004387710246442108
2021Q2,AMT,122831577.44,0.004173948869702614
2021Q2,TGT,119594579.76,0.004063952213392751
2021Q2,CAT,119214884.81,0.00405104977136266
2021Q2,GE,118160507.86,0.004015220910654242
2021Q2,MMM,115140845.25,0.003912609533347381
2021Q2,AMD,113937090.0,0.0038717046376369082
2021Q2,DE,110025062.82,0.003738769754225653
2021Q2,CVS,109854433.92,0.0037329716010215926
2021Q2,ISRG,109161268.0,0.0037094170788978848
2021Q2,NOW,108507548.4,0.003687202985076162
2021Q2,LMT,105156328.9,0.003573324948697584
2021Q2,SPGI,98877405.0,0.0033599603737115174
2021Q2,SYK,97852758.04,0.003325141769980524
2021Q2,MU,95666574.92,0.003250852920542404
2021Q2,ANTM,93480293.8,0.0031765607409590738
2021Q2,LRCX,92725400.7,0.0031509086629905206
2021Q2,BKNG,89842975.4,0.003052960756811313
2021Q2,ZTS,88477578.12,0.0030065630913874127
2021Q2,PLD,88425066.69,0.0030047786966213184
2021Q2,MO,88238419.84,0.002998436236279868
2021Q2,FIS,87853250.42,0.00298534776588195
2021Q2,MDLZ,87384717.56,0.002969426516296347
2021Q2,GILD,86350440.0,0.0029342806544382307
2021Q2,GM,85836203.07,0.002916806331487511
2021Q2,USB,84866955.66,0.00288387026394081
2021Q2,CCI,84320269.0,0.002865293264327636
2021Q2,ADP,84155294.0,0.002859687236715432
2021Q2,COP,82179556.2,0.0027925495451786853
2021Q2,CI,81349622.22,0.002764347497546097
2021Q2,TJX,81308182.9,0.0027629393449644887
2021Q2,PNC,81045912.08,0.0027540271009348152
2021Q2,FDX,79159478.86,0.0026899240749011827
2021Q2,CME,76204307.4,0.002589504176107083
2021Q2,DUK,75937299.68,0.0025804309671300166
2021Q2,TFC,74638897.5,0.0025363098671280426
2021Q2,ATVI,74222829.04,0.0025221714141786438
2021Q2,EL,73761161.6,0.0025064834589351493
2021Q2,SHW,72914976.15,0.0024777291689048716
2021Q2,CSX,72324231.68,0.002457655037608756
2021Q2,EQIX,72033350.0,0.002447770565840523
2021Q2,MMC,71540281.76,0.002431015577702073
2021Q2,CB,71473887.54,0.0024287594308276335
2021Q2,BDX,70724272.61,0.0024032867107421645
2021Q2,FISV,70654290.0,0.002400908626523137
2021Q2,ITW,70618803.48,0.002399702756476275
2021Q2,COF,69840833.41,0.0023732664982923798
2021Q2,HCA,69658355.38,0.0023670656989300486
2021Q2,ILMN,69088660.0,0.0023477068383098037
2021Q2,CL,68819578.15,0.0023385631481686133
2021Q2,MCO,67835664.0,0.002305128689050941
2021Q2,ICE,66800324.2,0.0022699467311372355
2021Q2,NSC,66416463.81,0.0022569027429840526
2021Q2,EW,64382944.09,0.0021878015597727725
2021Q2,ADSK,64221794.7,0.002182325530495429
2021Q2,SO,64057701.3,0.002176749460597684
2021Q2,APD,63667611.52,0.0021634937910846156
2021Q2,ADI,63497256.32,0.0021577049385003906
2021Q2,BSX,60758154.36,0.0020646273132820148
2021Q2,D,59335970.68,0.0020162999850219417
2021Q2,WM,59144213.97,0.0020097838861518986
2021Q2,ETN,59049730.0,0.002006573219416147
2021Q2,ECL,58894443.89,0.0020012964306878444
2021Q2,REGN,58574648.34,0.001990429434575949
2021Q2,NOC,58498056.23,0.0019878267524511607
2021Q2,F,58262969.12,0.001979838240070902
2021Q2,EMR,57715128.0,0.001961222010667534
2021Q2,PGR,57482313.0,0.0019533107070243442
2021Q2,HUM,57117078.08,0.0019408996323375064
2021Q2,NXPI,56727290.0,0.001927654214914334
2021Q2,GPN,55364808.64,0.0018813556355824776
2021Q2,TWTR,54919118.87,0.00186621061871873
2021Q2,FCX,54385706.97,0.001848084709701739
2021Q2,AON,53875477.72,0.0018307465720199447
2021Q2,IDXX,53741747.25,0.0018262022670803297
2021Q2,GD,53201899.48,0.0018078576602913819
2021Q2,PSA,52614134.82,0.0017878847861381006
2021Q2,MET,52393587.75,0.0017803903599267921
2021Q2,VRTX,52245155.82,0.0017753464835933313
2021Q3,AAPL,2324390219.0,0.07844392876913292
2021Q3,MSFT,2116626322.24,0.0714322763430396
2021Q3,AMZN,1665515280.0,0.056208101772356696
2021Q3,GOOG,849221072.2,0.028659661683468597
2021Q3,FB,806390640.0,0.027214212745857155
2021Q3,GOOGL,804197489.52,0.027140197918817
2021Q3,TSLA,778581920.0,0.026275719186122915
2021Q3,NVDA,517900000.0,0.017478180030809164
2021Q3,JPM,489131091.95,0.016507281876362946
2021Q3,JNJ,425145843.0,0.01434789647287918
2021Q3,WMT,388660851.24,0.013116594572118669
2021Q3,V,375922478.25,0.012686697726359223
2021Q3,UNH,368435388.58,0.012434022111068487
2021Q3,BRK,361747306.62,0.012208311548107132
2021Q3,BAC,357212674.8,0.012055275998148847
2021Q3,HD,346432145.34,0.011691452799212135
2021Q3,MA,340319266.72,0.011485154299449936
2021Q3,PG,339478576.8,0.011456782548587131
2021Q3,DIS,307403374.59,0.010374302998961742
2021Q3,PYPL,305728535.3,0.010317780228864634
2021Q3,ADBE,273927576.0,0.009244555877063448
2021Q3,NFLX,270351323.68,0.009123863886554548
2021Q3,CRM,265524380.0,0.008960963344678477
2021Q3,CMCSA,255011660.47,0.008606178242228693
2021Q3,XOM,249018175.66,0.008403909065706006
2021Q3,PFE,241143650.88,0.008138158222373494
2021Q3,ORCL,238186061.18,0.008038344966467206
2021Q3,CSCO,229571370.48,0.00774761487385408
2021Q3,KO,226670400.0,0.007649712413314395
2021Q3,TMO,224772077.27,0.007585647484888991
2021Q3,VZ,223607665.16,0.0075463507007827255
2021Q3,LLY,221018040.05,0.007458955578394458
2021Q3,DHR,217339716.0,0.007334818853239881
2021Q3,INTC,216689760.0,0.007312884024160707
2021Q3,ABT,209422872.21,0.007067639820535859
2021Q3,PEP,207964837.73,0.007018433817190488
2021Q3,ACN,202873109.04,0.006846597264358173
2021Q3,AVGO,199604946.88,0.006736302754602703
2021Q3,COST,198533614.4,0.006700147238174255
2021Q3,CVX,196195372.4,0.006621235837070568
2021Q3,T,192851400.0,0.006508382870039757
2021Q3,ABBV,190625275.12,0.006433255217165258
2021Q3,WFC,190578534.51,0.006431677806861473
2021Q3,MRK,190131576.25,0.0064165937811141525
2021Q3,NKE,185616575.01,0.0062642207274125755
2021Q3,MCD,180060706.89,0.0060767203156944965
2021Q3,MS,177548030.91,0.005991922086041031
2021Q3,TXN,177489597.15,0.0059899500532602686
2021Q3,MDT,168697283.5,0.005693225510178514
2021Q3,TMUS,159576711.6,0.005385422850104871
2021Q3,MRNA,155868300.0,0.005260270725036053
2021Q3,NEE,154037159.64,0.0051984730790160475
2021Q3,LIN,151504659.18,0.005113005809334667
2021Q3,PM,147734101.39,0.004985756363746348
2021Q3,INTU,147335864.92,0.004972316609512918
2021Q3,HON,146138434.44,0.004931905515665035
2021Q3,QCOM,145102500.0,0.004896944618498719
2021Q3,C,142239771.3,0.004800332748257429
2021Q3,LOW,140466958.38,0.00474050354691218
2021Q3,AXP,133091360.49,0.004491590575766638
2021Q3,UPS,132621609.0,0.004475737320095734
2021Q3,SCHW,131746363.56,0.0044461993834835215
2021Q3,BMY,131482485.38,0.004437293976385159
2021Q3,CHTR,130444959.96,0.0044022793865467705
2021Q3,SBUX,130066521.0,0.004389507762152965
2021Q3,RTX,129617192.88,0.004374343757954731
2021Q3,BA,128918270.88,0.004350756415719757
2021Q3,GS,128440228.86,0.004334623369788397
2021Q3,UNP,127822629.23,0.004313780509158737
2021Q3,BLK,127640697.36,0.004307640640502235
2021Q3,AMD,124714800.0,0.004208896943244562
2021Q3,IBM,124525737.6,0.004202516432211048
2021Q3,NOW,123271687.0,0.004160194512623204
2021Q3,AMT,120798972.81,0.004076744920467274
2021Q3,AMGN,120147250.0,0.00405475046477435
2021Q3,ISRG,118294902.65,0.003992237121536482
2021Q3,AMAT,116234050.17,0.003922687110603136
2021Q3,GE,113092218.89,0.003816656037542183
2021Q3,TGT,112017459.27,0.0037803848613919533
2021Q3,CVS,111979134.5,0.003779091470332484
2021Q3,CAT,105098007.87,0.0035468660019912306
2021Q3,DE,103892139.27,0.003506170136989686
2021Q3,SPGI,102398490.0,0.0034557621994651703
2021Q3,MMM,101504677.96,0.0034255976739798934
2021Q3,SYK,99447757.12,0.003356180348722811
2021Q3,BKNG,97478223.81,0.0032897121931544475
2021Q3,LMT,95563711.6,0.003225100899318644
2021Q3,PLD,92724252.93,0.00312927435013096
2021Q3,ZTS,92011488.16,0.00310521983966624
2021Q3,ANTM,90894232.0,0.003067514482830923
2021Q3,COP,90749587.14,0.003062632982727407
2021Q3,ADI,90005594.28,0.003037524581204494
2021Q3,USB,88128656.56,0.0029741813578471345
2021Q3,GILD,87661750.0,0.002958424113372823
2021Q3,ADP,84366240.0,0.002847206663916689
2021Q3,MO,83942430.56,0.002832903868606636
2021Q3,PNC,83145630.52,0.002806013321111606
2021Q3,MDLZ,81154234.76,0.002738807347746343
2021Q3,LRCX,80142580.65,0.002704665867415221
2021Q3,MU,79426620.0,0.0026805035018317583
2021Q3,TJX,79343523.22,0.002677699137126563
2021Q3,TFC,78287838.15,0.0026420716922350837
2021Q3,HCA,77704866.24,0.0026223974539730933
2021Q3,MMC,76718375.18,0.0025891051806665407
2021Q3,GM,76520372.04,0.0025824229359714536
2021Q3,CB,76112615.2,0.0025686618866215525
2021Q3,FIS,75160640.88,0.0025365344903101657
2021Q3,DUK,75068082.21,0.0025334108040817966
2021Q3,CCI,74908210.72,0.0025280154329985496
2021Q3,SHW,74863300.71,0.002526499802104621
2021Q3,COF,72257084.58,0.002438544763063612
2021Q3,FISV,71610000.0,0.0024167068391701954
2021Q3,EQIX,71144095.33,0.0024009834066553186
2021Q3,BDX,70597045.8,0.0023825214831737396
2021Q3,EW,70566962.88,0.0023815062395135494
2021Q3,EL,69897186.85,0.0023589025205858405
2021Q3,CME,69341040.12,0.002340133583203169
2021Q3,CI,68076017.28,0.0022974413705354616
2021Q3,MCO,66121482.0,0.002231479371113936
2021Q3,CSX,65962814.42,0.0022261246297965143
2021Q3,SO,65615447.22,0.002214401620608644
2021Q3,ITW,65081837.84,0.002196393277666438
2021Q3,ICE,64661457.1,0.0021822061947253204
2021Q3,REGN,64559392.04,0.002178761685179973
2021Q3,AON,64511720.19,0.0021771528472253453
2021Q3,CL,63752712.54,0.0021515377239361747
2021Q3,WM,62895346.64,0.002122603189175648
2021Q3,ILMN,62711362.1,0.002116394046651984
2021Q3,ADSK,62694624.5,0.002115829183191695
2021Q3,BSX,61780981.67,0.0020849954047275168
2021Q3,ATVI,60268778.13,0.0020339612944449393
2021Q3,ECL,59683469.94,0.0020142082109957655
2021Q3,ETN,59500035.0,0.002008017616469292
2021Q3,NSC,59088051.0,0.001994113908182339
2021Q3,D,58892382.48,0.0019875104526524646
2021Q3,FDX,58254388.5,0.001965979319922184
2021Q3,NOC,57663256.35,0.001946029688449507
2021Q3,APD,56693790.15,0.0019133119731041034
2021Q3,EMR,56312760.0,0.001900452900775727
2021Q3,F,55562593.92,0.0018751361643415767
2021Q3,GD,54798422.23,0.0018493467641248018
2021Q3,DXCM,52990734.0,0.0017883405847011395
2021Q3,MET,52896251.81,0.0017851519831824582
2021Q3,PGR,52892973.96,0.0017850413617257791
2021Q3,IDXX,52786872.0,0.0017814606141712287
2021Q3,ALGN,52470486.36,0.0017707831761038743
2021Q3,PSA,52060238.8,0.0017569380694985833
2021Q3,NXPI,51931992.45,0.0017526099891865654
2021Q3,CMG,51063224.4,0.0017232906526680964
2021Q3,KLAC,50719075.22,0.0017116762457835717
2021Q4,AAPL,2902367977.11,0.08844440096772502
2021Q4,MSFT,2525083833.6,0.07694735085880339
2021Q4,AMZN,1697179060.0,0.05171845420032954
2021Q4,TSLA,1092190584.24,0.03328252748360424
2021Q4,GOOG,916454931.21,0.0279273021353743
2021Q4,GOOGL,871247118.48,0.02654967602197317
2021Q4,FB,783022800.0,0.023861199901684976
2021Q4,NVDA,735275000.0,0.022406172282226546
2021Q4,UNH,472941061.14,0.014412021210080415
2021Q4,JPM,467966371.1,0.014260426552181106
2021Q4,JNJ,450358368.79,0.013723854612017625
2021Q4,HD,433369627.39,0.013206153525122796
2021Q4,WMT,401352407.82,0.012230486818539143
2021Q4,PG,395855093.84,0.012062966143791093
2021Q4,BRK,389739623.0,0.011876608259696064
2021Q4,BAC,364109897.16,0.0110955888414957
2021Q4,V,361345721.36,0.01101135559652863
2021Q4,MA,350232437.88,0.010672698435229657
2021Q4,PFE,331439796.35,0.010100026763053526
2021Q4,DIS,281536737.84,0.00857932154883423
2021Q4,AVGO,274730488.34,0.00837191343772911
2021Q4,ACN,272911945.15,0.008316496631747931
2021Q4,ADBE,269353500.0,0.008208059468662349
2021Q4,NFLX,267298410.92,0.008145434355634158
2021Q4,CSCO,267269755.59,0.008144561136415792
2021Q4,LLY,264229842.24,0.008051925289633105
2021Q4,TMO,262924587.52,0.008012150018981295
2021Q4,XOM,259051964.73,0.007894138862044344
2021Q4,KO,255787200.0,0.007794651077200147
2021Q4,COST,251736346.4,0.007671208659531006
2021Q4,CRM,250318050.0,0.007627988648670224
2021Q4,ABT,248868712.38,0.0075838227129198825
2021Q4,PEP,240240930.0,0.007320906690452318
2021Q4,ABBV,239370952.0,0.007294395688514611
2021Q4,DHR,235102978.77,0.007164336943844507
2021Q4,ORCL,232889682.87,0.007096890764868008
2021Q4,CMCSA,227682149.38,0.006938200625066703
2021Q4,CVX,226213952.1,0.006893459975377843
2021Q4,PYPL,220279355.1,0.0067126138935614
2021Q4,VZ,215122921.44,0.006555480928415255
2021Q4,NKE,212971926.02,0.006489933243591482
2021Q4,INTC,209605000.0,0.006387332278693135
2021Q4,QCOM,205728750.0,0.006269210589108992
2021Q4,MCD,200313967.15,0.006104204900886293
2021Q4,MRK,193588348.16,0.005899253858358593
2021Q4,WFC,191307439.34,0.005829747298253911
2021Q4,NEE,183185110.32,0.0055822340503465994
2021Q4,INTU,182138677.74,0.00555034591506495
2021Q4,LIN,177564428.65,0.005410953968959945
2021Q4,MS,176139481.92,0.005367531301352076
2021Q4,T,175668600.0,0.005353182028734205
2021Q4,LOW,174150124.56,0.005306909243293424
2021Q4,TXN,174146280.0,0.005306792087299124
2021Q4,AMD,173687300.0,0.00529280550411039
2021Q4,UNP,161959750.68,0.004935429705242988
2021Q4,UPS,156287725.72,0.004762585030199162
2021Q4,SCHW,152112426.9,0.004635350370118652
2021Q4,PM,147898660.0,0.0045069434650579
2021Q4,TMUS,144883839.72,0.004415072284079858
2021Q4,HON,143000119.69,0.0043576693320909275
2021Q4,AMAT,139536147.52,0.0042521110617541715
2021Q4,MDT,139094525.1,0.004238653419339817
2021Q4,BLK,139089128.52,0.00423848896835044
2021Q4,BMY,138394865.75,0.004217332569406159
2021Q4,CVS,136177286.44,0.004149755861277417
2021Q4,SBUX,134702652.0,0.00410481905081066
2021Q4,AMT,133208595.0,0.004059290373048644
2021Q4,NOW,129172890.0,0.003936309581494133
2021Q4,RTX,128812714.68,0.0039253338917566525
2021Q4,ISRG,128511908.9,0.003916167381090344
2021Q4,GS,128075062.15,0.0039028552685590728
2021Q4,AXP,126717361.6,0.0038614818063429307
2021Q4,AMGN,125600751.0,0.003827455123162134
2021Q4,PLD,124473093.72,0.003793091812440313
2021Q4,IBM,119866288.0,0.0036527077620740326
2021Q4,C,119829884.13,0.003651598420150317
2021Q4,BA,118315562.68,0.0036054522200219697
2021Q4,ZTS,115456937.78,0.0035183408100057678
2021Q4,SPGI,113735130.0,0.0034658718402249948
2021Q4,CHTR,112621949.77,0.0034319496913493377
2021Q4,ANTM,112508111.1,0.003428480664315371
2021Q4,CAT,111834349.08,0.003407948988551418
2021Q4,TGT,110888458.56,0.0033791246902259687
2021Q4,DE,105406786.23,0.0032120806663972047
2021Q4,MU,104328000.0,0.003179206612301698
2021Q4,GE,103741002.39,0.003161318924594493
2021Q4,ADP,103662232.0,0.003158918539800942
2021Q4,MMM,102359820.39,0.0031192299077707057
2021Q4,MRNA,102353940.0,0.0031190507135489156
2021Q4,SYK,100881520.8,0.003074181408504057
2021Q4,LRCX,100878766.25,0.00307409746858789
2021Q4,BKNG,98526779.18,0.0030024249277072817
2021Q4,LMT,98017102.26,0.002986893447815004
2021Q4,COP,95201594.46,0.002901095953233041
2021Q4,ADI,92337429.87,0.0028138157312097263
2021Q4,SHW,92334943.36,0.0028137399593264967
2021Q4,MDLZ,92279051.61,0.002812036759598973
2021Q4,GILD,91052940.0,0.0027746732317068265
2021Q4,TJX,90563297.76,0.0027597522723567937
2021Q4,CCI,90218054.22,0.0027492316015376226
2021Q4,MMC,87760848.9,0.0026743527252903365
2021Q4,MO,87054908.71,0.002652840478147311
2021Q4,EL,85777191.0,0.0026139043479398217
2021Q4,GM,85122551.8,0.0025939554054381737
2021Q4,PNC,84747973.32,0.0025825408055182874
2021Q4,USB,83288763.66,0.0025380740372508374
2021Q4,CB,83266542.71,0.0025373968940949096
2021Q4,CSX,82795200.0,0.002523033579737382
2021Q4,CME,81925527.54,0.0024965318885771114
2021Q4,F,81530329.53,0.0024844889458717928
2021Q4,EW,80882469.7,0.002464746592377231
2021Q4,DUK,80691073.1,0.0024589141280695467
2021Q4,HCA,79908029.16,0.002435052283964697
2021Q4,TFC,78157926.6,0.0023817210820729884
2021Q4,ITW,77465830.8,0.0023606307176098893
2021Q4,ICE,77056765.08,0.0023481651815899333
2021Q4,EQIX,76608574.64,0.0023345073906764838
2021Q4,CI,76105811.64,0.0023191865999585494
2021Q4,SO,72614287.08,0.0022127887204998636
2021Q4,MCO,72608822.0,0.0022126221820972032
2021Q4,NSC,72446239.95,0.002207667788948657
2021Q4,CL,71928733.66,0.0021918977232033557
2021Q4,BDX,71682613.64,0.002184397661906256
2021Q4,WM,69816940.4,0.0021275446531166474
2021Q4,ETN,68886052.0,0.0020991775171934537
2021Q4,FDX,68531582.16,0.0020883756916126933
2021Q4,REGN,67478543.52,0.002056286248631929
2021Q4,FISV,67463500.0,0.0020558278246397476
2021Q4,APD,67449573.84,0.0020554034501673534
2021Q4,ECL,67225752.53,0.002048582901621172
2021Q4,FIS,66465473.55,0.0020254147783904954
2021Q4,AON,66222985.92,0.002018025407591694
2021Q4,PSA,65680968.8,0.002001508418749919
2021Q4,KLAC,64824028.65,0.0019753947216482126
2021Q4,D,63633600.0,0.0019391185672548246
2021Q4,ADSK,61854207.87,0.0018848948188308768
2021Q4,COF,61753495.98,0.0018818258066133954
2021Q4,NOC,61365303.66,0.0018699963496067555
2021Q4,FCX,61262310.72,0.001866857826526965
2021Q4,BSX,60533660.16,0.0018446535220410232
2021Q4,NXPI,60350311.0,0.0018390662888741651
2021Q4,PGR,59927070.0,0.0018261687869015673
2021Q4,ILMN,59729080.0,0.0018201354006853107
2021Q4,HUM,59621781.24,0.0018168656655491654
2021Q4,FTNT,58222800.0,0.001774234249163401
2021Q4,GD,58209618.81,0.0017738325763008332
2021Q4,JCI,57269234.92,0.0017451760825389474
2021Q4,EXC,56547040.0,0.0017231685019753911
2021Q4,SNPS,56541903.0,0.0017230119612157927
2021Q4,VRTX,55883588.4,0.0017029510175640909
2022Q1,AAPL,2830003448.48,0.09109346888309879
2022Q1,MSFT,2307083730.0,0.07426148547003925
2022Q1,AMZN,1659314550.0,0.05341078944934942
2022Q1,TSLA,1116367737.6,0.03593416461092332
2022Q1,GOOG,875870492.04,0.028192927275450287
2022Q1,GOOGL,836527170.05,0.026926526105734844
2022Q1,NVDA,683230252.74,0.021992133543650257
2022Q1,FB,511906296.36,0.016477478253101696
2022Q1,UNH,479830263.03,0.015444999955024368
2022Q1,JNJ,466046666.45,0.01500132712952594
2022Q1,BRK,454418914.94,0.014627047649080257
2022Q1,WMT,409795077.6,0.013190674792234788
2022Q1,JPM,402526922.88,0.012956724043454083
2022Q1,V,367788690.48,0.011838553641971755
2022Q1,PG,366271684.8,0.011789723556700734
2022Q1,XOM,349652363.28,0.011254773096285762
2022Q1,MA,346561750.02,0.011155290997427996
2022Q1,BAC,332637197.22,0.010707081007479347
2022Q1,CVX,317120054.99,0.010207608007316637
2022Q1,HD,312572059.87,0.010061215022471787
2022Q1,PFE,292385259.98,0.009411432906970576
2022Q1,ABBV,286332461.35,0.009216602605985003
2022Q1,LLY,272723610.39,0.008778554573879133
2022Q1,KO,268769690.0,0.0086512839430938
2022Q1,AVGO,257086380.08,0.00827521612267445
2022Q1,COST,255230540.4,0.008215479490822323
2022Q1,DIS,249718022.28,0.008038039990491875
2022Q1,PEP,231653920.0,0.0074565842541647305
2022Q1,CSCO,231636407.68,0.007456020559453387
2022Q1,TMO,231057554.8,0.007437388173390221
2022Q1,ACN,223392617.82,0.007190665612450034
2022Q1,ORCL,220736628.61,0.007105173394910538
2022Q1,ADBE,215280450.0,0.006929547376964299
2022Q1,VZ,213948000.0,0.00688665785586549
2022Q1,CRM,210196800.0,0.006765912483396841
2022Q1,DHR,209834495.49,0.006754250457110047
2022Q1,CMCSA,209373047.04,0.006739397139512922
2022Q1,ABT,208725729.52,0.006718560981734643
2022Q1,MRK,207400574.7,0.006675906281286912
2022Q1,INTC,202634039.16,0.006522478815632627
2022Q1,WFC,184853432.22,0.005950148359328257
2022Q1,MCD,183873698.8,0.0059186122437604695
2022Q1,AMD,177130800.0,0.00570156867713528
2022Q1,NKE,171737313.28,0.005527960614938886
2022Q1,UNP,171681612.27,0.005526167684890014
2022Q1,QCOM,171464040.0,0.005519164367343629
2022Q1,TXN,169168560.0,0.005445276388138485
2022Q1,T,168786561.59,0.005432980445427384
2022Q1,NFLX,166420597.66,0.005356823696660258
2022Q1,NEE,166264128.95,0.005351787208958019
2022Q1,LIN,162188985.35,0.005220614589037665
2022Q1,TMUS,160867857.55,0.005178089512185008
2022Q1,UPS,156375224.68,0.005033478553224396
2022Q1,MS,155685532.6,0.00501127842337574
2022Q1,BMY,155203575.09,0.004995764950604623
2022Q1,SCHW,152990696.51,0.004924535784372485
2022Q1,MDT,148843752.05,0.004791052004934039
2022Q1,RTX,147640850.76,0.004752332458041292
2022Q1,PM,145614703.08,0.00468711387297569
2022Q1,SPGI,142343534.86,0.004581819986984138
2022Q1,AXP,141613043.0,0.004558306574817093
2022Q1,INTU,135987322.08,0.004377223250043668
2022Q1,PYPL,135090186.75,0.004348345840261295
2022Q1,LOW,133761018.59,0.004305561956556702
2022Q1,CVS,132839137.1,0.0042758880058523935
2022Q1,HON,132457027.14,0.004263588472517945
2022Q1,COP,129605100.0,0.004171789313642719
2022Q1,AMGN,129180244.0,0.004158113850866663
2022Q1,DE,127456480.64,0.004102628553108343
2022Q1,PLD,119524589.36,0.0038473131428437787
2022Q1,CAT,119406564.16,0.003843514092743894
2022Q1,ANTM,118533350.88,0.0038154066970470047
2022Q1,LMT,117648107.6,0.003786912074107953
2022Q1,IBM,116928286.2,0.003763742127676437
2022Q1,AMAT,116431461.0,0.0037477500867759755
2022Q1,BLK,116185935.14,0.0037398469860571693
2022Q1,AMT,114527429.7,0.0036864622406172884
2022Q1,BA,113058727.5,0.003639186970254598
2022Q1,GS,112846995.7,0.003632371648476378
2022Q1,NOW,111378000.0,0.00358508693079901
2022Q1,ISRG,108272952.0,0.0034851401998081174
2022Q1,C,105779793.0,0.0034048892368952984
2022Q1,SBUX,104642791.0,0.0033682908870372266
2022Q1,SYK,100978095.0,0.0032503299456039868
2022Q1,GE,100810216.5,0.003244926194267887
2022Q1,TGT,98134347.96,0.00315879409159689
2022Q1,BKNG,95711079.75,0.003080792805979518
2022Q1,ADP,95157228.0,0.003062965167931383
2022Q1,MO,94951678.25,0.0030563488368574366
2022Q1,CHTR,91569896.16,0.0029474944601073677
2022Q1,CB,91170383.1,0.0029346347476857985
2022Q1,ZTS,88976762.0,0.0028640254501877747
2022Q1,MU,86977192.63,0.0027996623801415086
2022Q1,MDLZ,86869941.6,0.0027962101340429277
2022Q1,ADI,86441171.7,0.002782408688831037
2022Q1,DUK,85966922.34,0.0027671433295816715
2022Q1,MMC,85681381.72,0.002757952215133807
2022Q1,CME,85303969.66,0.0027458038999922897
2022Q1,MMM,84738327.36,0.002727596742230101
2022Q1,CSX,81426037.0,0.0026209791976463627
2022Q1,CCI,79937338.0,0.00257306026097311
2022Q1,USB,78929822.85,0.0025406298941426137
2022Q1,PNC,77203392.0,0.0024850587339739698
2022Q1,SO,76877059.77,0.002474554600187481
2022Q1,CI,76286312.97,0.002455539367088563
2022Q1,BDX,75749086.0,0.0024382468552009394
2022Q1,HCA,75691751.16,0.002436401334671181
2022Q1,TFC,75356908.2,0.0024256232535441536
2022Q1,REGN,75207960.86,0.0024208288672020457
2022Q1,GILD,74609750.0,0.0024015733774639643
2022Q1,LRCX,74570270.27,0.0024003025855297
2022Q1,ICE,74044804.32,0.002383388642830739
2022Q1,EW,73141437.24,0.002354310642577349
2022Q1,FCX,72360806.94,0.0023291833509549846
2022Q1,TJX,72264549.24,0.0023260849632818466
2022Q1,NOC,69811936.44,0.0022471391203362882
2022Q1,EOG,69795930.47,0.0022466239127202263
2022Q1,AON,69666584.72,0.0022424604714851586
2022Q1,MRNA,68904000.0,0.002217914039395347
2022Q1,D,68882969.78,0.002217237108880579
2022Q1,PSA,68438329.96,0.002202924835293382
2022Q1,NSC,68389195.94,0.002201343286576763
2022Q1,EQIX,67497802.68,0.002172650705217533
2022Q1,GD,67080840.48,0.0021592293317518824
2022Q1,F,66760105.06,0.0021489053506920115
2022Q1,VRTX,66697407.75,0.0021468872204806837
2022Q1,PGR,66672751.0,0.0021460935575294635
2022Q1,FISV,66115639.2,0.0021281609834737803
2022Q1,WM,65712039.5,0.002115169728380814
2022Q1,SHW,65449365.52,0.0021067146559898666
2022Q1,ITW,65311860.0,0.0021022885642781753
2022Q1,CL,63742167.19,0.0020517625611312326
2022Q1,GM,63555138.54,0.0020457423958490407
2022Q1,EL,63293703.68,0.00203732720882969
2022Q1,BSX,63189650.25,0.0020339778885689755
2022Q1,NEM,62968018.05,0.0020268438881051115
2022Q1,ATVI,62616859.96,0.002015540647975972
2022Q1,MCO,62548053.57,0.002013325875852712
2022Q1,FIS,61215128.22,0.0019704210539667408
2022Q1,PXD,60728286.52,0.001954750366613422
2022Q1,ETN,60638743.2,0.0019518681045304937
2022Q1,FDX,59971197.42,0.0019303808300993848
2022Q1,SLB,58376565.54,0.0018790520765535907
2022Q1,EMR,58241700.0,0.0018747109617475327
2022Q1,MET,57986481.84,0.001866495880762791
2022Q1,MAR,57522975.0,0.0018515763067497905
2022Q1,APD,55409295.47,0.001783540205734326
2022Q1,HUM,55154751.31,0.0017753468197754545
2022Q1,ILMN,54886547.2,0.0017667137409847814
2022Q1,FTNT,54769644.58,0.0017629508250127028
2022Q2,AAPL,2200560080.16,0.08573965422253513
2022Q2,MSFT,1916979120.0,0.07469058826545158
2022Q2,AMZN,1081536430.0,0.04213952637481852
2022Q2,TSLA,701030220.0,0.027313995743291634
2022Q2,GOOG,685494331.2,0.026708676331310435
2022Q2,GOOGL,655442954.64,0.025537795036863677
2022Q2,UNH,481873284.36,0.018775060564172254
2022Q2,JNJ,467100169.02,0.018199460828240872
2022Q2,NVDA,378975000.0,0.014765870630818093
2022Q2,META,369262500.0,0.014387445883798314
2022Q2,XOM,360762182.52,0.014056250981151538
2022Q2,BRK,351035738.02,0.013677282919446063
2022Q2,PG,344994915.63,0.013441916465420102
2022Q2,WMT,333269017.0,0.012985044370425268
2022Q2,JPM,330741200.5,0.01288655393855655
2022Q2,V,324025613.91,0.012624896882555504
2022Q2,LLY,308070376.8,0.012003238548759638
2022Q2,MA,304413277.08,0.01186074824900498
2022Q2,PFE,294179277.28,0.011462004487325138
2022Q2,CVX,284465626.14,0.011083534888839383
2022Q2,HD,281882363.85,0.010982884142010147
2022Q2,KO,272716674.39,0.01062576458317747
2022Q2,ABBV,270650567.6,0.010545263585563921
2022Q2,BAC,250810705.53,0.009772249965512745
2022Q2,MRK,230551151.85,0.008982884047768843
2022Q2,PEP,230157460.0,0.008967544769648896
2022Q2,VZ,213131933.0,0.008304185104490241
2022Q2,TMO,212673475.36,0.008286322379503238
2022Q2,COST,212303306.64,0.008271899624885925
2022Q2,AVGO,196178822.58,0.007643646981258647
2022Q2,ABT,190239848.3,0.007412248799589048
2022Q2,ORCL,186198379.62,0.007254782466223039
2022Q2,ACN,184411798.2,0.007185172518022911
2022Q2,DHR,184328561.04,0.007181929377614608
2022Q2,MCD,182593682.4,0.007114333906782998
2022Q2,CSCO,176570704.96,0.006879662739314495
2022Q2,CMCSA,172804876.56,0.006732936081956462
2022Q2,DIS,171948089.6,0.0066995533907247655
2022Q2,ADBE,171316080.0,0.006674928621304526
2022Q2,TMUS,168714505.4,0.006573564378333296
2022Q2,CRM,164214800.0,0.006398243927609122
2022Q2,BMY,163937928.0,0.00638745626052476
2022Q2,PM,153055096.68,0.005963432302827986
2022Q2,INTC,152969490.0,0.005960096839639085
2022Q2,NEE,152170170.0,0.005928953213509061
2022Q2,T,150052640.0,0.005846448631315311
2022Q2,WFC,148468087.84,0.005784710278647343
2022Q2,LIN,144757841.09,0.005640149229715585
2022Q2,QCOM,143324280.0,0.00558429388939943
2022Q2,RTX,142936233.65,0.005569174574925227
2022Q2,TXN,140589750.0,0.005477749351590628
2022Q2,UPS,134064312.52,0.005223501008984462
2022Q2,UNP,133945172.0,0.005218858978493774
2022Q2,MS,133050541.04,0.0051840017847008205
2022Q2,AMGN,130141170.0,0.005070644976484741
2022Q2,NKE,129667272.0,0.0050521806541410415
2022Q2,IBM,126991227.65,0.004947914872296773
2022Q2,AMD,123269640.0,0.0048029119518372436
2022Q2,CVS,121505891.94,0.004734191651872031
2022Q2,MDT,119251632.75,0.0046463597379783105
2022Q2,HON,117094406.52,0.004562308485432397
2022Q2,SPGI,116993526.0,0.004558377912947432
2022Q2,AMT,116637729.73,0.004544515147082276
2022Q2,ELV,116342799.3,0.004533023875693737
2022Q2,COP,116164744.5,0.0045260863886774525
2022Q2,SCHW,114801661.26,0.004472977052228145
2022Q2,LMT,114415365.72,0.0044579259539527915
2022Q2,LOW,111636662.43,0.004349660307665916
2022Q2,INTU,108723758.88,0.00423616586349585
2022Q2,AXP,104389177.2,0.004067279070631957
2022Q2,GS,102010627.94,0.003974604486128524
2022Q2,CAT,95345936.24,0.0037149304299599457
2022Q2,NOW,95322739.2,0.003714026611788146
2022Q2,BLK,92271387.12,0.0035951378458738835
2022Q2,DE,91528812.92,0.0035662051865401985
2022Q2,C,89308946.79,0.0034797133174371843
2022Q2,SBUX,87611691.0,0.0034135837325765814
2022Q2,ADP,87397644.0,0.0034052438940360055
2022Q2,PLD,87101471.6,0.0033937042322039084
2022Q2,MDLZ,85205982.82,0.0033198509645539385
2022Q2,CI,83607780.96,0.003257580783389765
2022Q2,CB,83293108.38,0.0032453203055024483
2022Q2,DUK,82540871.79,0.0032160111738401814
2022Q2,ZTS,80896418.81,0.003151938926432982
2022Q2,BA,80888473.92,0.0031516293724573475
2022Q2,PYPL,80735040.0,0.0031456511801937438
2022Q2,AMAT,79147778.06,0.0030838072473135763
2022Q2,MMC,77922148.5,0.0030360534706152017
2022Q2,NFLX,77765738.22,0.003029959311475918
2022Q2,GILD,77509740.0,0.0030199849421949903
2022Q2,ADI,75938458.54,0.0029587636511785305
2022Q2,SO,75768657.75,0.0029521477622725316
2022Q2,MO,75626965.89,0.0029466270717937405
2022Q2,CHTR,75271687.15,0.0029327844702693126
2022Q2,SYK,75226175.22,0.0029310112048282176
2022Q2,NOC,74391313.65,0.002898482784913285
2022Q2,MMM,73641925.19,0.00286928462394597
2022Q2,CME,73421181.9,0.002860683880195694
2022Q2,CCI,72913928.16,0.002840919929798336
2022Q2,VRTX,72145566.54,0.0028109825242211717
2022Q2,ISRG,71673541.0,0.0027925911578828063
2022Q2,BDX,70277074.45,0.0027381811191795544
2022Q2,BKNG,70218450.52,0.0027358969754596512
2022Q2,GE,70079340.55,0.002730476882259633
2022Q2,USB,68373754.8,0.0026640227400754075
2022Q2,PGR,68006323.0,0.002649706623116641
2022Q2,CL,67152671.88,0.002616446112524193
2022Q2,D,66294176.5,0.0025829968567204196
2022Q2,TGT,65487786.08,0.002551577748284108
2022Q2,TJX,65435870.6,0.0025495549835597418
2022Q2,PNC,65250674.37,0.002542339247499328
2022Q2,EOG,64686143.72,0.0025203436368521044
2022Q2,REGN,63664701.0,0.0024805455207222516
2022Q2,WM,63518366.86,0.0024748439547083666
2022Q2,TFC,63148966.02,0.0024604511187314407
2022Q2,CSX,62224463.46,0.0024244300482153904
2022Q2,GD,61442231.25,0.00239395220768206
2022Q2,MU,60981855.6,0.0023760147519409722
2022Q2,ATVI,60909177.26,0.0023731830111504114
2022Q2,EQIX,59838096.5,0.002331450865395894
2022Q2,HUM,59207578.51,0.0023068842130553875
2022Q2,EW,59122397.68,0.0023035653421113788
2022Q2,EL,59033779.35,0.002300112537054847
2022Q2,FDX,58758244.38,0.0022893769642036398
2022Q2,LRCX,58371896.25,0.0022743238168824744
2022Q2,SHW,58245932.21,0.00226941592396401
2022Q2,AON,57275717.12,0.002231613772099091
2022Q2,FISV,57207710.0,0.0022289640344227415
2022Q2,ITW,56760486.75,0.0022115390310515587
2022Q2,MRNA,55997200.0,0.002181799355862648
2022Q2,FIS,55989377.57,0.0021814945732532443
2022Q2,DG,55714143.68,0.0021707707312769746
2022Q2,OXY,55181806.08,0.002150029447198816
2022Q2,PSA,54882652.43,0.0021383736279636766
2022Q2,NSC,54170707.57,0.002110634368912193
2022Q2,PXD,53976213.72,0.0021030563729293717
2022Q2,APD,53331971.04,0.0020779549702834676
2022Q2,BSX,53174040.75,0.002071801587525165
2022Q2,ICE,52499334.64,0.002045513248890473
2022Q2,MET,51061204.74,0.001989479895625188
2022Q2,SLB,50545365.36,0.0019693814259336214
2022Q2,ETN,50270010.0,0.001958652851164145
2022Q2,MCO,50178465.0,0.0019550860152860576
2022Q2,KDP,50114823.47,0.0019526063725689195
2022Q2,HCA,49659041.04,0.001934847880855271
2022Q2,CNC,49487289.07,0.0019281559688040589
2022Q2,EMR,49473720.92,0.0019276273177120356
2022Q2,AEP,49283226.72,0.0019202051586959495
2022Q2,MNST,48831764.4,0.001902614989920149
2022Q2,MCK,47419516.65,0.0018475900738302647
2022Q3,AAPL,2203381335.0,0.09087521777647793
2022Q3,MSFT,1736735300.0,0.07162908939119099
2022Q3,AMZN,1152374000.0,0.047527968285140706
2022Q3,TSLA,837659500.0,0.03454803227923124
2022Q3,GOOG,587380350.0,0.024225637376506973
2022Q3,GOOGL,571795700.0,0.023582871442066403
2022Q3,UNH,472405830.32,0.01948368265959187
2022Q3,JNJ,429502844.8,0.01771421221411808
2022Q3,XOM,363876299.16,0.01500754200128678
2022Q3,WMT,352036668.6,0.014519233877566996
2022Q3,BRK,347426664.52,0.01432910104941519
2022Q3,LLY,307239086.25,0.012671623576413221
2022Q3,META,306908160.0,0.012657975010657034
2022Q3,JPM,306453774.0,0.012639234529357377
2022Q3,NVDA,302261100.0,0.012466313865664918
2022Q3,PG,301681192.5,0.012442396434979814
2022Q3,V,290460414.75,0.01197961198389309
2022Q3,HD,282486952.44,0.011650758275121072
2022Q3,CVX,281224686.45,0.011598697973569551
2022Q3,MA,272589933.84,0.011242570320396088
2022Q3,PFE,245596523.52,0.010129266870650825
2022Q3,BAC,242664217.8,0.010008328240256095
2022Q3,KO,242265716.58,0.009991892644394205
2022Q3,ABBV,237296164.16,0.009786930774541965
2022Q3,PEP,225135540.0,0.00928538374258533
2022Q3,MRK,218166073.6,0.00899793836632419
2022Q3,COST,209028591.08,0.008621076358489419
2022Q3,TMO,198711462.91,0.00819556160333398
2022Q3,DHR,187891769.05,0.007749319266529254
2022Q3,AVGO,179824494.01,0.00741659638988623
2022Q3,DIS,171969061.14,0.007092610631520098
2022Q3,ACN,170895572.4,0.007048336169592656
2022Q3,MCD,169759340.58,0.007001473961745614
2022Q3,ABT,169448047.2,0.006988635124795097
2022Q3,TMUS,167726453.68,0.006917630535817505
2022Q3,ORCL,164623528.71,0.006789654965763572
2022Q3,CSCO,164353760.0,0.006778528752665044
2022Q3,VZ,159463178.55,0.006576823924153209
2022Q3,NEE,155754800.15,0.006423877319158215
2022Q3,WFC,152556471.0,0.006291966944222091
2022Q3,BMY,151795277.95,0.006260572658044799
2022Q3,CRM,143840000.0,0.0059324689364170305
2022Q3,TXN,140849800.0,0.005809142541716848
2022Q3,MS,135646422.26,0.0055945368909452
2022Q3,LIN,134354489.94,0.005541253045308707
2022Q3,SCHW,130644854.78,0.0053882546070986095
2022Q3,COP,130282197.22,0.005373297330198882
2022Q3,PM,128679030.63,0.005307177085516758
2022Q3,ADBE,127940480.0,0.005276716652602088
2022Q3,QCOM,126650580.0,0.005223516627010568
2022Q3,CMCSA,126528564.12,0.005218484261758555
2022Q3,CVS,125204501.73,0.005163875258709659
2022Q3,UNP,121660998.78,0.005017728698802977
2022Q3,RTX,120867436.04,0.004984999372439324
2022Q3,AMGN,120250900.0,0.004959571251572516
2022Q3,UPS,118223695.16,0.004875962173839936
2022Q3,LOW,116573854.81,0.004807916938672928
2022Q3,HON,112257604.34,0.004629899545492517
2022Q3,T,109312840.0,0.0045084470776663305
2022Q3,INTU,109173888.4,0.004502716223587734
2022Q3,ELV,109018054.24,0.0044962890731884515
2022Q3,MDT,107329104.75,0.004426630839146444
2022Q3,IBM,107306815.8,0.004425711564233344
2022Q3,INTC,106352790.0,0.004386364175307868
2022Q3,NKE,105034837.36,0.004332007159898603
2022Q3,NFLX,104775508.8,0.004321311535409407
2022Q3,LMT,102425566.08,0.004224391609180547
2022Q3,AMD,102136320.0,0.00421246208064481
2022Q3,SPGI,101834225.0,0.004200002617328995
2022Q3,AXP,101148502.68,0.004171721010248852
2022Q3,DE,100774679.8,0.004156303236171251
2022Q3,GS,100647143.35,0.004151043183140898
2022Q3,AMT,99961528.9,0.004122766025000023
2022Q3,PYPL,98722290.0,0.004071655441858688
2022Q3,SBUX,96722054.0,0.003989158654209195
2022Q3,ADP,93914088.0,0.0038733482324244677
2022Q3,CAT,86619308.72,0.0035724858055847944
2022Q3,CI,84660536.52,0.0034916991312937953
2022Q3,BLK,83369070.84,0.003438434531536783
2022Q3,C,80919848.07,0.0033374199458763945
2022Q3,GILD,77359260.0,0.0031905687353601816
2022Q3,SYK,76625135.34,0.003160290845059099
2022Q3,NOW,76277220.0,0.003145941589309287
2022Q3,CB,75960545.08,0.0031328807986680026
2022Q3,PLD,75222404.8,0.0031024372900346725
2022Q3,MDLZ,74974158.19,0.003092198724250497
2022Q3,MMC,74498397.22,0.003072576663796627
2022Q3,VRTX,74309282.84,0.003064776919742263
2022Q3,SO,74000864.0,0.0030520566389601036
2022Q3,REGN,73709090.0,0.0030400228500873693
2022Q3,NOC,72763677.52,0.003001030704858636
2022Q3,MO,72717232.74,0.002999115158316584
2022Q3,TJX,72124612.36,0.0029746734036208275
2022Q3,BA,71898635.88,0.002965353336546572
2022Q3,ADI,71668414.28,0.002955858185750603
2022Q3,DUK,71616004.98,0.002953696641366361
2022Q3,AMAT,70485116.37,0.0029070548063456934
2022Q3,ZTS,69420332.31,0.0028631393561236273
2022Q3,TGT,68298426.57,0.0028168680063451372
2022Q3,PGR,67972972.15,0.002803445118157779
2022Q3,GE,67887596.23,0.0027999239140885494
2022Q3,ISRG,66222552.0,0.0027312516172849103
2022Q3,WM,66220560.56,0.002731169483275325
2022Q3,EOG,65478807.85,0.0027005769852874346
2022Q3,BKNG,64231435.69,0.0026491309578169715
2022Q3,CME,63567883.01,0.0026217637048847114
2022Q3,BDX,63550001.85,0.002621026222777877
2022Q3,MMM,62941242.0,0.0025959188194139803
2022Q3,CCI,62595787.45,0.0025816710553231924
2022Q3,HUM,61402735.26,0.0025324653750068734
2022Q3,PNC,61280728.08,0.0025274333685735458
2022Q3,USB,59906810.88,0.002470768177317921
2022Q3,FISV,59510520.0,0.002454423743673696
2022Q3,CL,58865425.5,0.0024278177711882713
2022Q3,GD,58186773.82,0.0023998277822405013
2022Q3,ATVI,58175510.4,0.0023993632390726214
2022Q3,TFC,57751151.22,0.002381861169737017
2022Q3,D,57406221.5,0.0023676350514865506
2022Q3,OXY,57240183.4,0.0023607870546114695
2022Q3,AON,56500747.62,0.0023302901149887963
2022Q3,CSX,56008175.76,0.002309974714137829
2022Q3,ITW,55933214.3,0.0023068830391317213
2022Q3,BSX,55446410.22,0.002286805521871425
2022Q3,MU,54467166.9,0.0022464180734767234
2022Q3,DG,54105699.92,0.002231509900295477
2022Q3,ETN,53117288.0,0.0021907443064983112
2022Q3,SHW,53067719.25,0.0021886999164149406
2022Q3,HCA,52752324.75,0.002175691934810611
2022Q3,EQIX,52638747.08,0.0021710075911013115
2022Q3,PXD,51678565.51,0.00213140631650909
2022Q3,APD,51619281.27,0.0021289612253507263
2022Q3,PSA,51400453.02,0.002119935976494111
2022Q3,EW,51225890.09,0.0021127363855619995
2022Q3,SLB,50776529.2,0.00209420315752275
2022Q3,KDP,50730110.82,0.002092288699809813
2022Q3,ICE,50456680.3,0.0020810114607513566
2022Q3,EL,49951055.8,0.002060157722988972
2022Q3,LRCX,49912884.0,0.002058583383321653
2022Q3,MPC,49528321.92,0.002042722686757944
2022Q3,NSC,49241334.1,0.00203088629682969
2022Q3,MCK,48849515.1,0.0020147262992893816
2022Q3,MET,48478978.92,0.001999444080312264
2022Q3,CHTR,47223101.2,0.0019476472535475376
2022Q3,SRE,47127641.4,0.0019437101547003699
2022Q3,GM,46788792.41,0.001929734827202377
2022Q3,SNPS,46715839.61,0.0019267259964193915
2022Q3,FIS,45944973.03,0.0018949327397455038
2022Q3,MRNA,45762750.0,0.001887417219271541
2022Q3,MNST,45563996.4,0.0018792199197859942
2022Q3,GIS,45470792.96,0.0018753758811836082
2022Q4,AAPL,2058403941.51,0.08059323061885212
2022Q4,MSFT,1785939540.0,0.06992536028324907
2022Q4,AMZN,860328000.0,0.033684648340204786
2022Q4,GOOG,529540640.0,0.020733243879365756
2022Q4,GOOGL,525497880.0,0.02057495663435705
2022Q4,UNH,495373152.82,0.01939547527212903
2022Q4,JNJ,461848598.6,0.01808287958808431
2022Q4,XOM,454247717.9,0.017785280307977942
2022Q4,BRK,402181930.9,0.015746734862925583
2022Q4,JPM,393342790.5,0.015400653675281224
2022Q4,TSLA,389741520.0,0.015259652184721282
2022Q4,WMT,382379272.0,0.014971396153447888
2022Q4,LLY,361129444.16,0.014139396058042075
2022Q4,NVDA,359504400.0,0.014075770276866868
2022Q4,PG,359151277.32,0.014061944371750736
2022Q4,CVX,347068864.11,0.0135888784712106
2022Q4,V,338268391.44,0.013244311251363595
2022Q4,MA,331665917.19,0.012985802841447253
2022Q4,HD,321920089.96,0.012604221906005256
2022Q4,PFE,287626260.6,0.011261506590183164
2022Q4,ABBV,285804214.41,0.011190167536741034
2022Q4,MRK,281302186.2,0.011013898442777415
2022Q4,KO,275082271.93,0.010770368504322348
2022Q4,META,270403980.0,0.01058719811059476
2022Q4,BAC,265702947.84,0.010403137362664211
2022Q4,PEP,248768820.0,0.009740111003835402
2022Q4,AVGO,233652599.18,0.00914826163643764
2022Q4,ORCL,220391720.22,0.008629054956602019
2022Q4,TMO,215978415.24,0.008456259666585449
2022Q4,COST,202562288.5,0.007930974529609182
2022Q4,CSCO,195710026.92,0.0076626861306992354
2022Q4,DHR,193215939.46,0.007565034468751916
2022Q4,MCD,193015696.72,0.007557194312114471
2022Q4,ABT,191426989.46,0.007494991239136921
2022Q4,ACN,175684520.76,0.006878622223870439
2022Q4,TMUS,172754400.0,0.006763898435507241
2022Q4,NEE,166126910.4,0.006504410593016512
2022Q4,VZ,165472789.8,0.006478799637214674
2022Q4,LIN,161256868.4,0.006313732558392476
2022Q4,DIS,158433672.96,0.006203195245190919
2022Q4,WFC,157335173.39,0.0061601854027618485
2022Q4,PM,156895944.42,0.006142988155438408
2022Q4,ADBE,155476860.0,0.006087426370104486
2022Q4,BMY,152977212.0,0.005989556994872834
2022Q4,SCHW,151187337.96,0.005919477586076816
2022Q4,TXN,149689320.0,0.005860825295101848
2022Q4,RTX,148358556.12,0.005808721547087549
2022Q4,NKE,147396092.88,0.005771037970847122
2022Q4,CMCSA,147247304.75,0.005765212430080988
2022Q4,COP,147036378.0,0.005756953959591486
2022Q4,MS,143693067.18,0.0056260524321929805
2022Q4,HON,143066680.0,0.0056015273302747436
2022Q4,AMGN,140249760.0,0.005491235721025144
2022Q4,CRM,132590000.0,0.005191331124208154
2022Q4,NFLX,131323923.36,0.005141760092706043
2022Q4,T,131208070.0,0.005137224055647351
2022Q4,DE,127872096.12,0.005006609793389342
2022Q4,LMT,127496380.26,0.004991899291557554
2022Q4,IBM,127382312.14,0.004987433152469871
2022Q4,UNP,127306843.07,0.00498447829213345
2022Q4,UPS,126872082.64,0.004967456002731284
2022Q4,CAT,124669180.04,0.004881205178151912
2022Q4,QCOM,123022860.0,0.00481674637685423
2022Q4,ELV,122511599.16,0.004796728846789513
2022Q4,CVS,122448584.73,0.004794261626246989
2022Q4,LOW,120481025.72,0.004717225271112143
2022Q4,GS,116280486.3,0.004552760446996379
2022Q4,SBUX,113931200.0,0.004460778222930719
2022Q4,BA,113528801.67,0.004445023015336946
2022Q4,AXP,110403675.75,0.004322664138682857
2022Q4,INTU,109341628.5,0.004281081523521045
2022Q4,INTC,109340910.0,0.004281053391901672
2022Q4,SPGI,109123452.0,0.004272539201664036
2022Q4,GILD,107054950.0,0.004191550599106628
2022Q4,BLK,106433391.48,0.004167214554982691
2022Q4,AMD,104409240.0,0.004087962419993355
2022Q4,PLD,104058695.67,0.00407423746569255
2022Q4,MDT,103381589.6,0.004047726553741564
2022Q4,CI,101303560.26,0.003966364924736664
2022Q4,ADP,98983584.0,0.003875530284371915
2022Q4,AMT,98643287.16,0.0038622065527408596
2022Q4,ISRG,92881521.9,0.003636614642908902
2022Q4,SYK,92522350.7,0.003622551918499224
2022Q4,TJX,91978118.4,0.003601243448193851
2022Q4,CB,91560030.0,0.0035848739231648867
2022Q4,GE,91554651.72,0.003584663345954247
2022Q4,MDLZ,91036635.15,0.0035643813070169476
2022Q4,C,87603861.19,0.0034299770057806605
2022Q4,NOC,83975926.32,0.00328793151813279
2022Q4,ADI,83539822.88,0.0032708566455070553
2022Q4,AMAT,82150741.8,0.003216469588831192
2022Q4,MMC,82079734.8,0.003213689433094435
2022Q4,MO,81920227.83,0.0032074442147680972
2022Q4,PYPL,80905920.0,0.0031677307536669055
2022Q4,DUK,79308788.37,0.0031051978391162132
2022Q4,NOW,78585848.0,0.0030768923647687694
2022Q4,REGN,77776622.0,0.003045208526467853
2022Q4,SO,77742138.93,0.0030438584017635074
2022Q4,BKNG,76304546.64,0.0029875719729302716
2022Q4,EOG,76078623.28,0.0029787263362272497
2022Q4,PGR,75889429.7,0.002971318790255801
2022Q4,SLB,75805959.24,0.002968050649393368
2022Q4,VRTX,74219925.36,0.0029059522479657146
2022Q4,BDX,72289352.4,0.002830364017369119
2022Q4,MRNA,69153700.0,0.002707592994676472
2022Q4,TGT,68604602.4,0.002686094032001248
2022Q4,APD,68392413.16,0.002677786130908902
2022Q4,ZTS,68302851.6,0.002674279503606989
2022Q4,GD,68118352.39,0.0026670557575381696
2022Q4,HCA,67840771.32,0.0026561875529361478
2022Q4,ITW,67673075.8,0.002649621726159119
2022Q4,MMM,66284940.56,0.002595271702205411
2022Q4,BSX,66273029.97,0.0025948053637441797
2022Q4,CL,65806511.06,0.002576539626226157
2022Q4,HUM,64843254.0,0.0025388249693425965
2022Q4,USB,64796741.03,0.002537003834801226
2022Q4,WM,64395631.76,0.00252129909811249
2022Q4,CSX,64004680.0,0.0025059920610829107
2022Q4,PNC,63700202.86,0.002494070787581954
2022Q4,FISV,63674100.0,0.002493048775442661
2022Q4,ETN,62419015.0,0.002443908102510865
2022Q4,AON,62084859.42,0.0024308248212469553
2022Q4,SHW,61502408.19,0.002408019955128603
2022Q4,EQIX,60669533.63,0.002375410198541461
2022Q4,CME,60357500.64,0.002363193088859232
2022Q4,ATVI,60031887.9,0.002350444287655516
2022Q4,CCI,58738630.72,0.0022998090493257803
2022Q4,EL,57380399.7,0.0022466298731587168
2022Q4,ICE,57301849.68,0.00224355438357705
2022Q4,OXY,57252492.86,0.0022416219030290604
2022Q4,TFC,57090740.98,0.002235288789151368
2022Q4,NSC,57049679.88,0.002233681113109252
2022Q4,LRCX,56909880.9,0.002228207526896064
2022Q4,EMR,56809884.0,0.0022242923219839717
2022Q4,MET,56781936.22,0.002223198075206941
2022Q4,DG,55055343.75,0.0021555963463560893
2022Q4,MPC,54547453.79,0.0021357107972421224
2022Q4,MU,54537026.46,0.0021353025332495786
2022Q4,FCX,54314426.0,0.0021265869989237542
2022Q4,PXD,54265235.61,0.0021246610346533044
2022Q4,MCK,53189390.16,0.0020825381749397308
2022Q4,MNST,53029119.0,0.0020762630360814387
2022Q4,ORLY,52627802.59,0.0020605501891858323
2022Q4,KLAC,52211114.4,0.002044235486947074
2022Q4,CHTR,51763954.1,0.002026727702175219
2022Q4,D,51096423.0,0.002000591681541635
2022Q4,MCO,51043184.0,0.0019985072009795885
2022Q4,ADM,51005661.9,0.0019970380883347766
2022Q4,KDP,50223330.04,0.0019664072433669987
2022Q4,KHC,49869750.0,0.0019525634311145605
2023Q1,AAPL,2592789649.4,0.09380592917061743
2023Q1,MSFT,2144087100.0,0.07757207866236962
2023Q1,AMZN,1059548820.0,0.038333985784281294
2023Q1,NVDA,686091900.0,0.02482248731239259
2023Q1,TSLA,657505882.44,0.023788258431108714
2023Q1,GOOGL,616467390.0,0.022303504773600703
2023Q1,GOOG,613184000.0,0.022184713243462197
2023Q1,META,469585072.94,0.016989370542258405
2023Q1,XOM,446424215.1,0.01615142142803985
2023Q1,UNH,440854163.73,0.015949899548155826
2023Q1,JNJ,403664330.0,0.014604388581020205
2023Q1,BRK,402012673.37,0.014544632408789337
2023Q1,WMT,397474477.2,0.014380442572338894
2023Q1,JPM,383548590.05,0.013876610422309596
2023Q1,V,366362128.84,0.013254812212288237
2023Q1,PG,350781121.36,0.01269109857496561
2023Q1,MA,343685195.43,0.012434371259911892
2023Q1,LLY,326350652.32,0.011807215515303775
2023Q1,CVX,311092929.84,0.01125519817961477
2023Q1,HD,299533814.72,0.010836994745922163
2023Q1,ABBV,281989278.0,0.010202241529721818
2023Q1,MRK,270080802.88,0.009771398412967133
2023Q1,KO,268384704.76,0.00971003436820247
2023Q1,AVGO,267473422.96,0.009677064614560846
2023Q1,PEP,251209400.0,0.009088639793377179
2023Q1,ORCL,250865601.84,0.009076201335111422
2023Q1,PFE,229258260.0,0.008294457710565016
2023Q1,BAC,228909795.4,0.00828185042266041
2023Q1,TMO,222150289.1,0.008037294614072979
2023Q1,COST,220353398.21,0.007972283933552222
2023Q1,CSCO,214109147.33,0.0077463698275203685
2023Q1,MCD,204533876.17,0.007399940949870276
2023Q1,CRM,199780000.0,0.0072279479108699465
2023Q1,ACN,189376562.76,0.006851556367849
2023Q1,DHR,183630547.08,0.00664366818069272
2023Q1,DIS,182918184.91,0.006617895247173676
2023Q1,ADBE,176769219.0,0.006395428507243778
2023Q1,ABT,175984411.96,0.006367034551866844
2023Q1,LIN,174933705.84,0.006329020490874792
2023Q1,TMUS,174488168.64,0.0063129011612424206
2023Q1,TXN,168897080.0,0.006110618162669107
2023Q1,VZ,163333449.87,0.005909328600275541
2023Q1,CMCSA,158082539.13,0.005719353080637201
2023Q1,AMD,157698090.0,0.00570544388909641
2023Q1,NEE,155769045.0,0.005635651934057247
2023Q1,NFLX,153578642.76,0.005556404195071497
2023Q1,NKE,152768478.24,0.0055270928178075334
2023Q1,PM,150760159.25,0.005454432766510451
2023Q1,MS,147674332.0,0.0053427889652042995
2023Q1,BMY,145466164.56,0.005262898489507037
2023Q1,RTX,143463043.15,0.005190426484248111
2023Q1,QCOM,142124120.0,0.005141984864542144
2023Q1,WFC,141814785.84,0.00513079329784111
2023Q1,UPS,140604921.95,0.005087020982413326
2023Q1,T,137249997.5,0.004965641368991042
2023Q1,INTC,136266570.0,0.004930061417323623
2023Q1,AMGN,129167025.0,0.004673203165992773
2023Q1,HON,127224188.24,0.004602912231461772
2023Q1,BA,127084123.2,0.004597844743158369
2023Q1,INTU,125075823.18,0.004525185378187105
2023Q1,UNP,123145559.98,0.004455349349235914
2023Q1,AXP,122754635.35,0.004441205877102986
2023Q1,DE,122345427.36,0.00442640092146963
2023Q1,COP,120914766.96,0.0043746402905288735
2023Q1,LMT,120686550.81,0.004366383535875659
2023Q1,SBUX,119437110.0,0.004321179345804605
2023Q1,LOW,119253309.32,0.00431452952229363
2023Q1,IBM,118912525.54,0.004302200122900752
2023Q1,CAT,118160389.8,0.004274988200032478
2023Q1,PLD,115216236.33,0.0041684700904981555
2023Q1,SPGI,111015940.0,0.004016505313826526
2023Q1,GS,109720217.53,0.003969626674722993
2023Q1,ELV,109185562.98,0.003950283120624938
2023Q1,SYK,108144885.57,0.003912631893717844
2023Q1,MDT,107258782.88,0.003880573108619227
2023Q1,GE,104135837.2,0.0037675863796998344
2023Q1,AMAT,103805843.94,0.003755647376325031
2023Q1,GILD,103546560.0,0.003746266603412602
2023Q1,BLK,100525912.32,0.003636980968773848
2023Q1,ADI,99764131.44,0.0036094200892056397
2023Q1,BKNG,98701480.92,0.003570973885351306
2023Q1,CVS,95422362.72,0.0034523369069591465
2023Q1,AMT,95150103.64,0.003442486699488422
2023Q1,MDLZ,94977952.44,0.003436258348770663
2023Q1,NOW,94338160.0,0.003413110954486509
2023Q1,SCHW,93836046.24,0.0033949447111057346
2023Q1,ADP,92057505.0,0.003330597912426918
2023Q1,C,91140655.68,0.003297426728489204
2023Q1,TJX,90315306.84,0.0032675659895572942
2023Q1,ISRG,89516688.0,0.0032386723296505995
2023Q1,REGN,88658193.0,0.003207612377995067
2023Q1,PYPL,85204680.0,0.003082665876475835
2023Q1,PGR,83738740.4,0.003029628860411757
2023Q1,MMC,82370800.05,0.0029801374118434455
2023Q1,VRTX,81133675.7,0.0029353788255932264
2023Q1,CB,80294595.08,0.002905021277218111
2023Q1,MO,79671865.68,0.002882491215821739
2023Q1,ZTS,77126132.28,0.0027903877599694924
2023Q1,TGT,76250089.32,0.0027586929312450733
2023Q1,CI,75907741.8,0.0027463069564629358
2023Q1,SO,75766218.64,0.0027411867140529765
2023Q1,DUK,74289617.6,0.0026877639720254637
2023Q1,ITW,74268804.6,0.0026870109673209444
2023Q1,HCA,73030394.88,0.002642205876979193
2023Q1,BSX,71782043.4,0.002597041098363229
2023Q1,LRCX,71402923.04,0.0025833246992540576
2023Q1,BDX,70277101.08,0.0025425929819460507
2023Q1,NOC,70221609.64,0.002540585327336885
2023Q1,FISV,69965570.0,0.0025313219316964912
2023Q1,SLB,69731230.8,0.002522843647928972
2023Q1,CME,68742465.12,0.0024870705633804895
2023Q1,ETN,68193320.0,0.0024672027471683137
2023Q1,EQIX,67428055.6,0.002439515835459218
2023Q1,EOG,67370802.12,0.0024374444310585977
2023Q1,ATVI,67281186.33,0.0024342021732644665
2023Q1,WM,66598161.84,0.0024094906634258015
2023Q1,MU,66035733.96,0.0023891422831061448
2023Q1,AON,64679221.18,0.002340064278729984
2023Q1,APD,63784458.43,0.002307692176669784
2023Q1,GD,62627670.3,0.0022658401176671177
2023Q1,CL,62402981.85,0.002257710993566737
2023Q1,CSX,60869666.7,0.0022022363612955
2023Q1,HUM,60670363.5,0.002195025663787893
2023Q1,MPC,60073102.01,0.002173417019584827
2023Q1,MRNA,58974720.0,0.002133678066964361
2023Q1,SNPS,58826647.5,0.0021283208724652506
2023Q1,FCX,58529691.54,0.0021175771433096673
2023Q1,ICE,58282570.79,0.00210863642898043
2023Q1,SHW,58090008.34,0.0021016696086871597
2023Q1,CCI,58011208.08,0.002098818651761326
2023Q1,MMM,57863055.0,0.0020934585419151207
2023Q1,FDX,57431418.48,0.002077842132449763
2023Q1,CDNS,57288181.56,0.002072659886996397
2023Q1,EL,57099359.88,0.0020658284060299193
2023Q1,MNST,56527730.16,0.0020451471073990994
2023Q1,OXY,56191494.96,0.002032982273524833
2023Q1,MCO,56062864.0,0.002028328464942366
2023Q1,USB,55196876.0,0.0019969974200157547
2023Q1,KLAC,54765724.83,0.0019813985702887018
2023Q1,CHTR,53847125.75,0.0019481640808442476
2023Q1,PSA,53103219.98,0.0019212499144804695
2023Q1,FTNT,52127236.4,0.001885939280392451
2023Q1,ORLY,51820890.22,0.0018748558174245162
2023Q1,VLO,51812679.6,0.001874558760994063
2023Q1,ANET,51431464.7,0.0018607665823973693
2023Q1,GM,51155285.16,0.0018507745344988405
2023Q1,PNC,50799582.2,0.0018379053660804692
2023Q1,MAR,50592388.0,0.0018304091758460394
2023Q1,EW,50325734.49,0.0018207617753027887
2023Q1,GIS,50195272.84,0.001816041733203649
2023Q2,AAPL,3035216955.96,0.09980211129610984
2023Q2,MSFT,2530893280.0,0.08321925466090645
2023Q2,AMZN,1344402680.0,0.04420581060364786
2023Q2,NVDA,1044859400.0,0.034356415254870765
2023Q2,TSLA,830857980.0,0.02731975400585295
2023Q2,GOOGL,710299800.0,0.023355635106744176
2023Q2,GOOG,703924430.0,0.023146004165850647
2023Q2,META,637669560.0,0.020967452844613092
2023Q2,UNH,447491220.48,0.014714127272741013
2023Q2,LLY,445190051.54,0.014638461670580328
2023Q2,BRK,441926111.0,0.014531138813017437
2023Q2,XOM,433610141.25,0.014257698281231109
2023Q2,JNJ,430142451.68,0.014143675875114167
2023Q2,JPM,425017712.16,0.013975167385816788
2023Q2,WMT,423259805.3,0.013917364988612391
2023Q2,V,384295598.04,0.012636168222137008
2023Q2,MA,369772794.0,0.012158638435580696
2023Q2,AVGO,357975349.55,0.011770722223628667
2023Q2,PG,357646476.06,0.011759908410603911
2023Q2,ORCL,323241104.31,0.010628612430646034
2023Q2,HD,312310000.64,0.010269182696003687
2023Q2,CVX,298122076.05,0.009802664206703757
2023Q2,MRK,292794740.04,0.009627494065953923
2023Q2,KO,260426087.16,0.008563168205856337
2023Q2,PEP,255047940.0,0.008386327324556169
2023Q2,COST,238762377.54,0.007850835614824797
2023Q2,ABBV,237702791.7,0.007815994973952713
2023Q2,BAC,228634999.57,0.007517833487476036
2023Q2,ADBE,222881642.0,0.007328655171441674
2023Q2,MCD,217867350.54,0.0071637783663818615
2023Q2,CSCO,210843500.92,0.006932824522991559
2023Q2,PFE,207069860.76,0.006808742040353782
2023Q2,CRM,205767240.0,0.006765910076789905
2023Q2,ACN,204993396.96,0.006740465052488711
2023Q2,TMO,201249931.75,0.0066173747637408445
2023Q2,NFLX,195201822.03,0.006418504591306793
2023Q2,ABT,189580001.94,0.006233651408667851
2023Q2,LIN,186575624.76,0.006134863351654306
2023Q2,AMD,183850740.0,0.006045265390113999
2023Q2,DHR,177095760.0,0.00582315234991132
2023Q2,CMCSA,171302340.0,0.005632656726035157
2023Q2,TMUS,163957421.1,0.005391145682786899
2023Q2,TXN,163458160.0,0.005374729290617576
2023Q2,DIS,163141790.4,0.005364326622706834
2023Q2,WFC,160144920.32,0.005265785409474338
2023Q2,VZ,156346425.29,0.005140885664499805
2023Q2,PM,151525471.14,0.004982366056309371
2023Q2,NEE,150137912.4,0.004936741215051337
2023Q2,RTX,143133470.32,0.0047064255182894844
2023Q2,MS,142627735.6,0.004689796264584033
2023Q2,INTC,140046720.0,0.004604928919051324
2023Q2,HON,137771907.5,0.004530129952915812
2023Q2,NKE,135985994.04,0.004471406660154104
2023Q2,BMY,134349165.65,0.004417585489700164
2023Q2,QCOM,132729600.0,0.004364331941898493
2023Q2,LOW,132255911.7,0.004348756418592512
2023Q2,UPS,129916815.0,0.004271843699477865
2023Q2,AXP,129472582.2,0.004257236713555517
2023Q2,SPGI,128605512.0,0.004228726251912234
2023Q2,INTU,128320691.4,0.004219360958546694
2023Q2,BA,127032589.04,0.004177006379958476
2023Q2,CAT,126803343.8,0.004169468480925704
2023Q2,COP,125374212.99,0.004122476692784744
2023Q2,UNP,124755790.9,0.004102142123246656
2023Q2,IBM,121505501.45,0.003995268132312828
2023Q2,AMAT,121377031.38,0.0039910438595803024
2023Q2,ISRG,120123522.0,0.0039498267457895335
2023Q2,GE,119622256.0,0.003933344429748592
2023Q2,DE,118798466.48,0.003906257096436827
2023Q2,AMGN,118758498.0,0.0039049428778003426
2023Q2,MDT,117208680.5,0.003853982745174589
2023Q2,LMT,116592616.14,0.003833725701044167
2023Q2,SYK,115814604.72,0.003808143614671061
2023Q2,NOW,114473289.0,0.003764039307561218
2023Q2,T,114026550.0,0.0037493499143332436
2023Q2,SBUX,113463324.0,0.0037308302682082816
2023Q2,PLD,113244635.58,0.0037236394919479047
2023Q2,GS,107227777.92,0.003525796930263137
2023Q2,ELV,105321610.24,0.003463119513225501
2023Q2,BLK,103507199.82,0.0034034592011947295
2023Q2,SCHW,100274968.56,0.0032971789884040574
2023Q2,MDLZ,99271340.0,0.0032641782999200297
2023Q2,ADI,97681240.58,0.003211893642319161
2023Q2,TJX,97443890.02,0.0032040892292083288
2023Q2,BKNG,97322593.53,0.0032001008336601834
2023Q2,GILD,96106290.0,0.0031601070994289123
2023Q2,MMC,93047125.68,0.003059517565841136
2023Q2,VRTX,90719934.63,0.0029829963208858634
2023Q2,ADP,90575459.0,0.0029782457633098975
2023Q2,AMT,90384379.42,0.002971962803710543
2023Q2,C,89628462.08,0.00294710720109894
2023Q2,CVS,88626388.25,0.0029141576342773
2023Q2,LRCX,85691309.42,0.002817648202396551
2023Q2,HCA,83514661.2,0.002746077012904362
2023Q2,CI,83021683.2,0.0027298672177113285
2023Q2,MO,80862312.0,0.002658864120417464
2023Q2,ETN,80158460.0,0.0026357204978497088
2023Q2,CB,79753345.44,0.0026223997735023426
2023Q2,ZTS,79580307.52,0.0026167100485169916
2023Q2,BSX,79062325.29,0.0025996780798248176
2023Q2,PANW,78149011.05,0.0025696470504943383
2023Q2,FI,77873656.5,0.002560593013882218
2023Q2,PGR,77484897.42,0.002547810080229536
2023Q2,REGN,76955634.0,0.0025304071704823168
2023Q2,SO,76600810.75,0.002518740093630558
2023Q2,BDX,76554715.69,0.0025172244246108237
2023Q2,ITW,76024374.48,0.0024997860756448952
2023Q2,PYPL,73536460.0,0.0024179800230855883
2023Q2,EQIX,73349346.1,0.002411827460503141
2023Q2,WM,70550204.14,0.0023197878200164946
2023Q2,AON,70505719.2,0.0023183250939585887
2023Q2,SLB,70012258.72,0.002302099434159052
2023Q2,NOC,69217332.2,0.002275961156015381
2023Q2,DUK,69158310.48,0.002274020440622117
2023Q2,MU,69124509.22,0.0022729090086680208
2023Q2,SHW,68474952.8,0.002251550699505097
2023Q2,CSX,68415853.0,0.0022496074167339605
2023Q2,EOG,66931263.96,0.0022007920856558557
2023Q2,APD,66532502.19,0.002187680249787903
2023Q2,CME,66515033.62,0.0021871058591619217
2023Q2,KLAC,66326485.0,0.002180906121011073
2023Q2,ATVI,66314089.2,0.0021804985300450386
2023Q2,SNPS,66251985.6,0.0021784564781953614
2023Q2,CL,63909918.72,0.00210144609547405
2023Q2,MCO,63806620.0,0.0020980494913762963
2023Q2,CDNS,63740190.8,0.0020958652078447043
2023Q2,ICE,63309760.36,0.002081712062517231
2023Q2,FDX,62310160.8,0.002048843853098867
2023Q2,TGT,60879764.0,0.0020018104374641527
2023Q2,MNST,60167538.4,0.001978391479402667
2023Q2,F,59459659.34,0.001955115441559118
2023Q2,FTNT,59383504.0,0.0019526113491569097
2023Q2,GD,59023390.4,0.0019407703183153184
2023Q2,CMG,59015010.0,0.001940494759228228
2023Q2,MCK,57906060.03,0.0019040309578151418
2023Q2,ORLY,57702030.6,0.0018973221893231374
2023Q2,FCX,57331440.0,0.0018851366603006184
2023Q2,EW,57184543.94,0.0018803065156546839
2023Q2,HUM,55866657.85,0.0018369726070286449
2023Q2,MMM,55216850.48,0.0018156060462843039
2023Q2,MAR,55033524.0,0.0018095780192846009
2023Q2,CHTR,54984635.27,0.0018079704905499564
2023Q2,GM,53603142.88,0.001762545119229869
2023Q2,ECL,53154563.49,0.0017477952114455138
2023Q2,NXPI,52766913.36,0.0017350487415952309
2023Q2,OXY,52434606.0,0.0017241220181983701
2023Q2,EMR,51657885.0,0.0016985823626110457
2023Q2,NSC,51619646.4,0.0016973250248100316
2023Q2,PSA,51316006.56,0.001687340928929799
2023Q2,ROP,51249433.6,0.0016851519183715307
2023Q3,AAPL,2662325943.81,0.09028492126151381
2023Q3,MSFT,2345716538.25,0.07954804837106232
2023Q3,AMZN,1313149600.0,0.04453159032470795
2023Q3,NVDA,1074425300.0,0.03643596075732836
2023Q3,TSLA,795449380.0,0.02697531637994859
2023Q3,GOOGL,774952920.0,0.026280239474905355
2023Q3,GOOG,757478250.0,0.025687637652919905
2023Q3,META,666766410.0,0.022611413514801552
2023Q3,LLY,509894823.35,0.01729157697044688
2023Q3,XOM,470695432.94,0.015962245419253927
2023Q3,UNH,467033717.95,0.015838069170165076
2023Q3,BRK,458216921.0,0.015539073541827273
2023Q3,WMT,430461830.52,0.0145978416222649
2023Q3,JPM,421440446.7,0.014291908034473997
2023Q3,JNJ,375048180.5,0.012718651344868187
2023Q3,MA,370115671.68,0.012551379876297317
2023Q3,V,369577307.88,0.012533122858066301
2023Q3,PG,343776558.84,0.011658166656335832
2023Q3,AVGO,342810266.88,0.011625397718435095
2023Q3,CVX,321659174.76,0.010908120898484041
2023Q3,HD,302179942.56,0.010247540269917229
2023Q3,ORCL,290154705.92,0.009839739885551162
2023Q3,ABBV,263097905.82,0.008922188421840768
2023Q3,MRK,261237786.95,0.008859107984186064
2023Q3,COST,250160333.28,0.008483448859990791
2023Q3,KO,242076833.1,0.008209320825831192
2023Q3,PEP,232980000.0,0.007900828598546928
2023Q3,ADBE,232157470.0,0.007872934922921711
2023Q3,CSCO,217989166.08,0.007392458741257876
2023Q3,BAC,217571665.36,0.007378300437418534
2023Q3,ACN,204016858.32,0.0069186291904899675
2023Q3,CRM,197304940.0,0.006691014304174545
2023Q3,TMO,195356311.5,0.006624932323829694
2023Q3,MCD,191985324.72,0.006510615263323437
2023Q3,PFE,187276493.2,0.006350929149755941
2023Q3,DHR,183185131.2,0.006212182691276208
2023Q3,LIN,181686693.1,0.006161367588719627
2023Q3,CMCSA,179535453.42,0.006088414648612867
2023Q3,ABT,168069422.3,0.005699578067856042
2023Q3,AMD,166054300.0,0.005631241146672208
2023Q3,NFLX,165267968.0,0.005604575019306972
2023Q3,TMUS,162735299.0,0.005518687030355761
2023Q3,INTC,149878800.0,0.005082696838165916
2023Q3,WFC,149497873.38,0.0050697788369072514
2023Q3,DIS,148303587.95,0.005029278173845306
2023Q3,TXN,144413518.04,0.004897357942086036
2023Q3,AMGN,143813476.0,0.004877009288510783
2023Q3,PM,143716100.1,0.004873707072459923
2023Q3,COP,143459421.8,0.0048650025860092995
2023Q3,INTU,143195533.46,0.004856053592346775
2023Q3,CAT,139269039.0,0.004722898129553384
2023Q3,VZ,136252936.4,0.004620615917868983
2023Q3,MS,135324494.89,0.004589130566189499
2023Q3,IBM,127814141.8,0.004334439122809564
2023Q3,UNP,124103525.28,0.00420860452276039
2023Q3,QCOM,123720840.0,0.004195626881741989
2023Q3,HON,121790029.74,0.004130149154380946
2023Q3,BMY,121251538.12,0.004111887801512143
2023Q3,GE,120320187.9,0.004080303809523822
2023Q3,LOW,119947581.6,0.004067667967344069
2023Q3,NEE,117505112.82,0.003984838852449734
2023Q3,NKE,117141575.88,0.003972510570828221
2023Q3,SPGI,116273462.0,0.003943071052543821
2023Q3,AMAT,115818132.3,0.003927629890574863
2023Q3,BA,115622142.72,0.003920983482820201
2023Q3,NOW,114195528.0,0.0038726040580675013
2023Q3,UPS,112737030.12,0.0038231434101096335
2023Q3,AXP,109872318.21,0.003725995166547413
2023Q3,DE,108685817.38,0.0036857584952028183
2023Q3,BKNG,108518032.6,0.003680068569937882
2023Q3,T,107377980.0,0.0036414070531298826
2023Q3,GS,106671645.47,0.003617453803688878
2023Q3,RTX,104753414.55,0.0035524026674911228
2023Q3,SBUX,104285102.0,0.003536521230508985
2023Q3,MDT,104260644.24,0.0035356918178140566
2023Q3,SYK,103781934.06,0.0035194577759196473
2023Q3,PLD,103666555.02,0.003515545036547577
2023Q3,LMT,102988805.76,0.0034925611721126387
2023Q3,ISRG,102886080.0,0.0034890775313605763
2023Q3,ELV,102605852.16,0.0034795744318139154
2023Q3,TJX,101685919.28,0.0034483776251908248
2023Q3,ADP,99046786.0,0.00335887921462339
2023Q3,SCHW,97185078.0,0.0032957448863181983
2023Q3,BLK,96522896.47,0.0032732889554672514
2023Q3,MDLZ,94792835.4,0.0032146190439766146
2023Q3,MMC,93999446.2,0.003187713592516668
2023Q3,GILD,93450180.0,0.003169086851589656
2023Q3,CVS,89676738.18,0.0030411217170441636
2023Q3,VRTX,89657456.46,0.0030404678344585112
2023Q3,REGN,88056720.0,0.002986183585158551
2023Q3,ADI,87249798.26,0.002958819217572573
2023Q3,CB,85506812.3,0.0028997109966109715
2023Q3,ETN,85098720.0,0.002885871751548362
2023Q3,CI,84670998.6,0.0028713668435333796
2023Q3,SLB,82855143.8,0.0028097874910797413
2023Q3,LRCX,82778767.44,0.002807197412406289
2023Q3,PGR,81537026.2,0.0027650874257079154
2023Q3,ZTS,80085951.66,0.002715878518401471
2023Q3,C,79204123.26,0.0026859739126768134
2023Q3,BSX,77310974.4,0.00262177336046463
2023Q3,AMT,76659354.2,0.0025996755859279703
2023Q3,BX,76042615.0,0.0025787606974860228
2023Q3,BDX,75001879.77,0.0025434672359498423
2023Q3,MU,74699253.02,0.0025332045435252333
2023Q3,MO,74622350.5,0.0025305966216893835
2023Q3,EOG,73807404.36,0.002502960130277299
2023Q3,ATVI,73667896.74,0.0024982291413777748
2023Q3,PANW,72656003.72,0.002463913778208893
2023Q3,CME,71916821.58,0.002438846599089453
2023Q3,SO,70580201.84,0.0023935190882852027
2023Q3,SNPS,69801993.48,0.0023671284501775697
2023Q3,ITW,69643440.9,0.0023617516077085276
2023Q3,FI,68862110.4,0.0023352550914439688
2023Q3,EQIX,68183467.58,0.00231224092456074
2023Q3,DUK,68022688.08,0.0023067885626770587
2023Q3,HCA,66903608.24,0.0022688382750818605
2023Q3,FDX,66606186.4,0.0022587520918073115
2023Q3,NOC,66600747.0,0.002258567630621463
2023Q3,AON,65773538.74,0.002230515305625488
2023Q3,SHW,65585852.45,0.0022241504794275864
2023Q3,CHTR,65058174.4,0.0022062558368476847
2023Q3,CDNS,63744126.6,0.002161693786722791
2023Q3,PYPL,63136800.0,0.002141098098809931
2023Q3,APD,62957026.6,0.0021350016149058273
2023Q3,ICE,62843534.02,0.002131152849253038
2023Q3,KLAC,62362624.22,0.0021148442137428588
2023Q3,WM,61747193.96,0.002093973714135085
2023Q3,CSX,60766028.25,0.0020607003769323997
2023Q3,MPC,60512390.96,0.0020520990173543674
2023Q3,GD,60334311.71,0.0020460599855438785
2023Q3,HUM,60283233.64,0.002044327823657817
2023Q3,ABNB,59686350.0,0.002024086277890297
2023Q3,CL,58786068.12,0.001993555876893398
2023Q3,MCK,58662134.7,0.0019893530409888062
2023Q3,MAR,58024512.0,0.0019677299503233297
2023Q3,MCO,58017195.0,0.001967481815878933
2023Q3,OXY,57398168.16,0.0019464893488828812
2023Q3,ANET,56941233.33,0.0019309937536706905
2023Q3,EMR,55189755.0,0.001871597539062573
2023Q3,MNST,55090239.0,0.0018682227478409533
2023Q3,ORLY,54187142.06,0.0018375968823983737
2023Q3,PXD,53517516.55,0.0018148885109513626
2023Q3,PSX,53501353.2,0.0018143403786742218
2023Q3,FCX,53460286.44,0.00181294772079862
2023Q3,ROP,51731758.16,0.00175432978935377
2023Q3,MMM,51677491.04,0.0017524894802557498
2023Q3,NXPI,51369444.0,0.001742042974704502
2023Q3,TGT,51039664.85,0.0017308594888279269
2023Q3,USB,50679822.9,0.001718656511879189
2023Q3,CMG,50536526.04,0.001713797022096504
2023Q4,AAPL,2976556734.19,0.09080517583694106
2023Q4,MSFT,2794827802.48,0.08526121041910177
2023Q4,AMZN,1556169480.0,0.04747372749202271
2023Q4,NVDA,1223193400.0,0.03731569786450299
2023Q4,GOOGL,824031310.0,0.02513854587087422
2023Q4,GOOG,802032630.0,0.024467436873476196
2023Q4,TSLA,791408800.0,0.0241433379775503
2023Q4,META,782605560.0,0.02387477942902583
2023Q4,LLY,553370036.44,0.016881540635408965
2023Q4,AVGO,522562391.25,0.015941698432347003
2023Q4,JPM,491760460.8,0.015002030567628607
2023Q4,UNH,486945264.75,0.014855134417796416
2023Q4,BRK,466536246.2,0.014232520880212877
2023Q4,WMT,424430690.1,0.01294801573994276
2023Q4,V,412010123.4,0.01256910418410612
2023Q4,XOM,400533177.34,0.012218979460099142
2023Q4,MA,396841111.38,0.012106346398263478
2023Q4,JNJ,377316910.46,0.01151072580173592
2023Q4,PG,345378074.44,0.01053637460341665
2023Q4,HD,344908046.1,0.010522035549982258
2023Q4,COST,292895978.24,0.008935314586991625
2023Q4,ORCL,289818846.46,0.008841441189872462
2023Q4,CVX,280726279.68,0.008564056211523742
2023Q4,MRK,276259187.46,0.008427779590333346
2023Q4,ABBV,273605268.89,0.008346817067550675
2023Q4,ADBE,271453000.0,0.008281158263617945
2023Q4,BAC,266455356.44,0.008128696226854634
2023Q4,KO,254778787.02,0.007772481635956241
2023Q4,CRM,254719520.0,0.007770673589729332
2023Q4,AMD,238214560.0,0.0072671603263110476
2023Q4,PEP,233360160.0,0.007119068190011552
2023Q4,ACN,220017762.72,0.0067120345470172
2023Q4,MCD,215071156.42,0.00656112949296324
2023Q4,INTC,212457000.0,0.006481379985535167
2023Q4,NFLX,210702188.8,0.006427846337831994
2023Q4,CSCO,205286807.52,0.006262640466327484
2023Q4,TMO,205082393.88,0.006256404463394813
2023Q4,LIN,198144985.95,0.006044766452366722
2023Q4,TMUS,191723736.31,0.005848874771232089
2023Q4,ABT,191088014.13,0.005829480931472454
2023Q4,WFC,178749320.8,0.005453067068918064
2023Q4,INTU,174968398.08,0.005337723273024009
2023Q4,CMCSA,174054594.3,0.005309846057726803
2023Q4,DHR,170943372.18,0.005214932673940332
2023Q4,DIS,165259231.64,0.005041527821518782
2023Q4,PFE,162560230.27,0.004959189967456785
2023Q4,QCOM,161696340.0,0.004932835452869472
2023Q4,VZ,158494645.4,0.004835162044602218
2023Q4,BA,157693304.82,0.004810715719949186
2023Q4,TXN,154948140.0,0.00472696956745083
2023Q4,AMGN,154205908.0,0.004704326455529718
2023Q4,MS,153052344.0,0.004669134926789154
2023Q4,CAT,150521161.95,0.00459191670061343
2023Q4,UNP,149729215.14,0.00456775694968057
2023Q4,IBM,149340612.45,0.004555901931030721
2023Q4,PM,146050356.48,0.004455526800104248
2023Q4,NOW,144830450.0,0.004418311375600953
2023Q4,SPGI,139556736.0,0.00425742731732546
2023Q4,GE,138910705.18,0.00423771899410341
2023Q4,COP,137822446.56,0.004204519722539027
2023Q4,HON,136688978.0,0.004169941241062694
2023Q4,AXP,136523275.64,0.004164886194819642
2023Q4,AMAT,134595407.39,0.004106073132928065
2023Q4,NKE,132891091.41,0.004054079932036592
2023Q4,LOW,127991398.15,0.0039046060439998343
2023Q4,UBER,126702317.06,0.003865280324553274
2023Q4,GS,125804226.24,0.003837882461145898
2023Q4,NEE,124620743.92,0.0038017782206544917
2023Q4,PLD,123165334.3,0.0037573783525314203
2023Q4,BKNG,122017273.56,0.003722354710559564
2023Q4,SCHW,121891721.6,0.0037185245239303227
2023Q4,RTX,120984990.14,0.0036908630623776364
2023Q4,BLK,120764991.6,0.003684151614254002
2023Q4,T,119977335.6,0.003660122762138578
2023Q4,ISRG,118851928.0,0.0036257901946345223
2023Q4,SYK,113776233.48,0.003470947074028383
2023Q4,UPS,113717698.11,0.0034691613480905986
2023Q4,LMT,112448390.76,0.003430438861875587
2023Q4,DE,112065566.85,0.0034187601352238016
2023Q4,ELV,110797266.04,0.003380068355307998
2023Q4,MDT,109536896.52,0.003341618533549681
2023Q4,SBUX,108702522.0,0.0033161644495968414
2023Q4,TJX,106913099.37,0.0032615749184458525
2023Q4,VRTX,104853518.55,0.0031987437295213166
2023Q4,BMY,104403432.98,0.0031850130658803155
2023Q4,LRCX,102824806.28,0.0031368542408097768
2023Q4,CVS,101613387.12,0.003099897737151541
2023Q4,GILD,100941862.42,0.003079411677617741
2023Q4,AMT,100635700.2,0.003070071652647818
2023Q4,ADI,98537782.72,0.003006070935485397
2023Q4,C,98450090.08,0.0030033957149853676
2023Q4,MDLZ,97670623.69,0.00297961670154009
2023Q4,ETN,96159426.0,0.0029335149187692095
2023Q4,ADP,95680779.0,0.002918912937728639
2023Q4,REGN,94504004.0,0.0028830133160052873
2023Q4,MU,94207594.06,0.0028739708017429676
2023Q4,MMC,93422351.84,0.002850015586294641
2023Q4,PGR,93185330.48,0.002842784826663994
2023Q4,BX,93024551.4,0.0028378799738645816
2023Q4,PANW,92975664.0,0.0028363885764716747
2023Q4,CB,92205740.0,0.0028129006706649317
2023Q4,ZTS,90615330.18,0.0027643823804878766
2023Q4,CI,87625059.0,0.0026731588210034884
2023Q4,BSX,84690667.23,0.0025836399626566367
2023Q4,SHW,79835795.4,0.002435533432340853
2023Q4,FI,79728708.24,0.002432266547392219
2023Q4,ITW,78814078.84,0.002404364145083319
2023Q4,KLAC,78626638.0,0.0023986459277082835
2023Q4,SNPS,78259626.17,0.0023874495767788407
2023Q4,SO,76474204.28,0.0023329820953422093
2023Q4,EQIX,76092441.81,0.002321335749812119
2023Q4,CME,75654048.6,0.002307961782481842
2023Q4,DUK,74789892.48,0.0022815991576657824
2023Q4,SLB,74337006.36,0.0022677830582485134
2023Q4,CDNS,74004563.22,0.002257641286906903
2023Q4,ICE,73508708.52,0.00224251435426494
2023Q4,ANET,73267161.0,0.002235145516045048
2023Q4,HCA,72450479.48,0.002210231188636281
2023Q4,WM,72137002.5,0.0022006680138569232
2023Q4,MCO,71472480.0,0.00218039556893189
2023Q4,MO,71347219.98,0.002176574288453413
2023Q4,GD,70863163.99,0.002161807296518742
2023Q4,BDX,70599025.86,0.0021537492914203045
2023Q4,NOC,70592235.02,0.0021535421247255806
2023Q4,EOG,70531992.5,0.0021517043191300665
2023Q4,CSX,67898698.76,0.002071370993598448
2023Q4,USB,67387479.36,0.002055775333359542
2023Q4,PYPL,65831520.0,0.0020083080159531484
2023Q4,TGT,65749902.04,0.002005818114408816
2023Q4,CL,65630982.12,0.002002190249996867
2023Q4,MAR,65519675.4,0.0019987946398392184
2023Q4,FDX,63215432.21,0.0019284995886360494
2023Q4,CMG,62765617.2,0.001914777178910753
2023Q4,LULU,61904436.75,0.0018885053322191204
2023Q4,PNC,61683103.85,0.0018817531770620748
2023Q4,MCK,61605044.76,0.0018793718451990855
2023Q4,CTAS,61092246.86,0.0018637280300003185
2023Q4,FCX,61044400.89,0.0018622684032883413
2023Q4,APD,60846026.4,0.0018562166354053025
2023Q4,MMM,60379294.44,0.001841978143926304
2023Q4,MNST,60004905.31,0.0018305567352931034
2023Q4,ABNB,59629320.0,0.0018190988350540195
2023Q4,APH,59310470.3,0.0018093717558616469
2023Q4,PH,59188893.2,0.0018056628294311722
2023Q4,NXPI,59071399.2,0.0018020784652538542
2023Q4,PSX,58575741.84,0.0017869575528208102
2023Q4,ROP,58278673.0,0.001777894937637963
2023Q4,AON,58266860.32,0.001777534570750887
2023Q4,ECL,56557519.0,0.0017253880628933145
2023Q4,CHTR,56446053.0,0.0017219875936149774
2024Q1,MSFT,3126919780.32,0.08619209817852415
2024Q1,AAPL,2630106395.28,0.07249766689529169
2024Q1,NVDA,2226125168.12,0.061362111127982545
2024Q1,AMZN,1876493140.0,0.05172466590673303
2024Q1,META,1064391360.0,0.029339455773343893
2024Q1,GOOGL,887317470.0,0.024458495856242574
2024Q1,GOOG,857985100.0,0.02364996263746263
2024Q1,LLY,739657917.36,0.02038832855030632
2024Q1,AVGO,614222827.61,0.016930768289627817
2024Q1,JPM,576938311.3,0.01590303783406703
2024Q1,TSLA,560588333.14,0.015452358244634382
2024Q1,BRK,550069596.4,0.01516241412917794
2024Q1,WMT,484536494.64,0.013356024474927492
2024Q1,XOM,461222186.56,0.012713376350839682
2024Q1,UNH,456080749.8,0.012571655023421668
2024Q1,MA,445800425.11,0.012288282625906276
2024Q1,V,441390137.2,0.012166715078530507
2024Q1,PG,381777657.25,0.01052352462738632
2024Q1,JNJ,381042851.73,0.010503270052925994
2024Q1,HD,380153737.6,0.010478762032967442
2024Q1,ORCL,345240843.54,0.00951640424833378
2024Q1,MRK,334182375.8,0.009211582697378424
2024Q1,COST,324924335.52,0.008956389097025544
2024Q1,ABBV,321674733.3,0.00886681531411298
2024Q1,BAC,298531191.36,0.008228874279729575
2024Q1,CVX,292965612.06,0.008075461659276334
2024Q1,CRM,292144600.0,0.008052830841393941
2024Q1,AMD,292032820.0,0.008049749677369513
2024Q1,KO,263836058.08,0.0072725189703264324
2024Q1,NFLX,261737973.45,0.007214686237438955
2024Q1,PEP,240638750.0,0.006633095897149858
2024Q1,ACN,232374969.42,0.006405308605784088
2024Q1,ADBE,226060800.0,0.006231261444744101
2024Q1,DIS,224445192.72,0.006186727976961488
2024Q1,LIN,223187480.32,0.006152059716092303
2024Q1,TMO,221622347.52,0.006108917554016683
2024Q1,WFC,207348596.28,0.005715468199800117
2024Q1,MCD,203582279.45,0.005611651417538575
2024Q1,CSCO,202094923.17,0.005570653129280894
2024Q1,ABT,197221013.44,0.005436306060767856
2024Q1,TMUS,192149112.8,0.005296501464351296
2024Q1,GE,191901156.51,0.005289666663846923
2024Q1,QCOM,189277400.0,0.005217344028603841
2024Q1,INTC,188026036.24,0.005182850765061298
2024Q1,DHR,184718383.44,0.005091676844747648
2024Q1,CAT,182986714.11,0.005043944180211936
2024Q1,INTU,181986350.0,0.00501636960598523
2024Q1,VZ,176411253.12,0.004862694637839239
2024Q1,IBM,175061625.2,0.004825492768153534
2024Q1,AMAT,171355888.31,0.0047233458439321615
2024Q1,CMCSA,170186204.4,0.0046911040476945096
2024Q1,AXP,164817960.3,0.0045431308808017755
2024Q1,UBER,159869504.03,0.004406728971376288
2024Q1,TXN,158581272.48,0.004371219464246268
2024Q1,PFE,156698089.5,0.004319310395992629
2024Q1,NOW,156292000.0,0.004308116726659134
2024Q1,MS,153976834.88,0.004244300270420492
2024Q1,AMGN,152372490.08,0.004200077247692466
2024Q1,UNP,149962703.54,0.0041336525957547336
2024Q1,COP,149733210.24,0.004127326719034325
2024Q1,LOW,145752430.32,0.004017598360842601
2024Q1,PM,142236110.34,0.003920672626178488
2024Q1,ISRG,141557223.0,0.003901959410499047
2024Q1,SYK,136085077.68,0.0037511222545102475
2024Q1,GS,135984409.47,0.0037483473818402204
2024Q1,HON,133655926.5,0.0036841638252231323
2024Q1,SPGI,133633845.0,0.003683555158883846
2024Q1,NEE,131170737.39,0.0036156607363017406
2024Q1,MU,130547613.52,0.0035984846148935587
2024Q1,RTX,129680276.85,0.0035745768805522495
2024Q1,SCHW,128293181.5,0.00353634223847968
2024Q1,LRCX,127024033.37,0.00350135875699975
2024Q1,T,125889139.2,0.003470075923862002
2024Q1,ETN,124915660.0,0.003443242419750629
2024Q1,BLK,124172945.4,0.0034227698351564466
2024Q1,BKNG,123587360.08,0.003406628446525051
2024Q1,PGR,121129717.14,0.0033388846550451946
2024Q1,C,120874849.08,0.0033318593347960637
2024Q1,ELV,120648183.26,0.0033256113962547187
2024Q1,PLD,120438003.82,0.0033198178971564673
2024Q1,BA,117749953.65,0.0032457230368982595
2024Q1,MDT,115719774.45,0.0031897620857962486
2024Q1,TJX,115586041.34,0.0031860757944435296
2024Q1,NKE,114394805.5,0.003153239929218823
2024Q1,DE,114332764.92,0.003151529809312304
2024Q1,LMT,109916151.41,0.0030297878996968426
2024Q1,BMY,109663526.39,0.0030228244078083608
2024Q1,UPS,108026810.71,0.002977709096738099
2024Q1,VRTX,107970310.96,0.002976151707249021
2024Q1,CI,106180412.45,0.0029268139822857904
2024Q1,CB,105144329.67,0.0028982548394331717
2024Q1,REGN,104302153.83,0.0028750406517390335
2024Q1,SBUX,103517453.0,0.002853410736125014
2024Q1,ADP,102343452.0,0.002821049941297291
2024Q1,MMC,101271302.88,0.002791496646455937
2024Q1,BSX,100481405.04,0.0027697234776638308
2024Q1,CVS,100373972.0,0.002766762135582215
2024Q1,ADI,98085643.32,0.002703685413405764
2024Q1,FI,94358207.46,0.0026009403671077127
2024Q1,KLAC,94106460.41,0.002594001076056398
2024Q1,MDLZ,94078880.0,0.002593240834805092
2024Q1,BX,93882782.28,0.0025878354918087024
2024Q1,AMT,92146491.68,0.00253997544410184
2024Q1,PANW,91802403.0,0.002530490798708844
2024Q1,GILD,91340479.25,0.0025177580840861115
2024Q1,ANET,90657607.32,0.0024989350350253852
2024Q1,SHW,88255511.01,0.002432722360722432
2024Q1,HCA,88218351.47,0.00243169807518108
2024Q1,SNPS,87178896.0,0.002403045965687796
2024Q1,WM,85600613.7,0.002359541343723652
2024Q1,CDNS,84709871.52,0.0023349884473194927
2024Q1,TGT,81816084.9,0.002255222556928402
2024Q1,ITW,80177004.0,0.002210042049662275
2024Q1,CMG,79706540.17,0.002197073931682397
2024Q1,ICE,78694616.88,0.0021691807340027654
2024Q1,SLB,78528589.02,0.0021646042527960663
2024Q1,EQIX,78327118.32,0.0021590508060898897
2024Q1,SO,78269416.1,0.0021574602710711594
2024Q1,ZTS,77475675.07,0.0021355811665233985
2024Q1,GD,77396610.2,0.0021334017799333103
2024Q1,CME,77358433.38,0.002132349453539044
2024Q1,MO,76922212.44,0.0021203252249916266
2024Q1,DUK,74607703.18,0.0020565268472306827
2024Q1,EOG,74147455.68,0.002043840337664275
2024Q1,CL,74124747.55,0.0020432143985587275
2024Q1,ABNB,73141944.32,0.002016123881870876
2024Q1,MPC,72607704.0,0.002001397794427836
2024Q1,CSX,72469143.89,0.0019975784490516247
2024Q1,MAR,72412970.0,0.001996030041742802
2024Q1,MCO,71752342.86,0.0019778201600347237
2024Q1,BDX,71488799.9,0.001970555720177474
2024Q1,PH,71369549.69,0.0019672686432678525
2024Q1,FDX,71299508.94,0.0019653380023737393
2024Q1,NOC,70908692.4,0.001954565325121999
2024Q1,MCK,70546384.8,0.001944578483621757
2024Q1,PYPL,70516554.57,0.0019437562271222362
2024Q1,PSX,69880772.16,0.001926231178910961
2024Q1,CTAS,69708124.89,0.0019214722367277462
2024Q1,USB,69656546.4,0.0019200504994954834
2024Q1,APH,69193274.25,0.0019072806168501121
2024Q1,TDG,68484349.6,0.0018877394366066831
2024Q1,TT,68167014.4,0.0018789922385218313
2024Q1,FCX,67445911.18,0.0018591153616264702
2024Q1,ORLY,66583600.16,0.0018353461570040678
2024Q1,AON,66176008.56,0.001824111082978489
2024Q1,ECL,65924951.7,0.0018171908166954515
2024Q1,PCAR,64925793.4,0.001789649480063952
2024Q1,EMR,64842214.0,0.0017873456525414676
2024Q1,PNC,64285772.8,0.0017720076081046295
2024Q1,NXPI,63452658.15,0.0017490431879238796
2024Q2,MSFT,3322626300.0,0.08616513516208107
2024Q2,AAPL,3206112190.58,0.0831435934417667
2024Q2,NVDA,3035234493.6,0.07871224952070437
2024Q2,AMZN,2027192500.0,0.05257085810765329
2024Q2,META,1103233360.0,0.028609973857040994
2024Q2,GOOGL,1067399000.0,0.027680687144043307
2024Q2,GOOG,1026418320.0,0.026617941739531824
2024Q2,LLY,860477678.9,0.022314629697108068
2024Q2,AVGO,747354948.64,0.01938103606885185
2024Q2,TSLA,632155363.2,0.016393583688169344
2024Q2,JPM,580823569.68,0.015062404516210449
2024Q2,WMT,544628296.53,0.014123758300354578
2024Q2,BRK,533312766.0,0.01383031446119996
2024Q2,XOM,516420031.36,0.013392237881985269
2024Q2,UNH,468715265.1,0.012155117826483274
2024Q2,V,413167675.44,0.010714611089092519
2024Q2,MA,406956865.2,0.010553547142841435
2024Q2,PG,389233464.2,0.010093929026083387
2024Q2,ORCL,389127432.0,0.010091179310039625
2024Q2,COST,376830316.65,0.00977228018911337
2024Q2,JNJ,351760202.64,0.009122140941675152
2024Q2,HD,341353203.36,0.008852257897773141
2024Q2,MRK,313561382.8,0.008131537070711518
2024Q2,BAC,311016114.9,0.008065531046312321
2024Q2,ABBV,302881679.36,0.00785458203354753
2024Q2,NFLX,289634875.2,0.007511054784963474
2024Q2,CVX,288276741.72,0.0074758345271594764
2024Q2,KO,274201335.75,0.0071108192806762305
2024Q2,AMD,262455780.0,0.006806223666432008
2024Q2,CRM,249129900.0,0.00646064575676649
2024Q2,ADBE,246326436.0,0.006387943974299401
2024Q2,PEP,226613820.0,0.005876739863852734
2024Q2,QCOM,222284880.0,0.0057644781568384545
2024Q2,TMO,211088948.0,0.005474135847188564
2024Q2,LIN,209533091.43,0.005433788068190107
2024Q2,WFC,207052247.85,0.005369452749353113
2024Q2,TMUS,205562067.14,0.005330808131903032
2024Q2,ACN,203878473.37,0.00528714776457551
2024Q2,AMAT,195393820.25,0.005067116615454655
2024Q2,CSCO,191409000.65,0.0049637789276049836
2024Q2,DHR,185060646.95,0.0047991480888563715
2024Q2,INTU,183721083.87,0.004764409414258409
2024Q2,MCD,183658600.88,0.004762789052895868
2024Q2,DIS,181009939.47,0.004694101741177653
2024Q2,ABT,180765368.94,0.0046877593328321495
2024Q2,TXN,177605890.0,0.0046058250720015384
2024Q2,GE,174009674.79,0.0045125649994975725
2024Q2,VZ,173589676.2,0.004501673243396312
2024Q2,AMGN,167848140.0,0.004352778905591612
2024Q2,AXP,166554609.65,0.004319233990400878
2024Q2,CAT,162903554.3,0.004224551757338138
2024Q2,NOW,161267350.0,0.004182120333538754
2024Q2,IBM,158872388.85,0.004120012189990476
2024Q2,PFE,158551272.14,0.004111684721830739
2024Q2,ISRG,158055205.0,0.004098820292217464
2024Q2,MS,157949591.97,0.004096081446442113
2024Q2,PM,157523260.81,0.004085025468818265
2024Q2,UBER,151866313.6,0.0039383247637301225
2024Q2,CMCSA,151632219.2,0.003932254031184399
2024Q2,GS,145856464.16,0.003782472301687865
2024Q2,MU,145845856.73,0.0037821972209062336
2024Q2,NEE,145481481.73,0.0037727479424469967
2024Q2,SPGI,139553400.0,0.0036190159493193577
2024Q2,LRCX,138831948.45,0.0036003066619346635
2024Q2,HON,138730745.34,0.003597682177907684
2024Q2,UNP,138046203.72,0.0035799300698203646
2024Q2,T,137021853.15,0.003553365750710086
2024Q2,RTX,133469107.34,0.0034612329631874064
2024Q2,BKNG,133249014.0,0.0034555253178860453
2024Q2,COP,133173320.28,0.0034535623647803286
2024Q2,INTC,132427720.0,0.0034342268322520133
2024Q2,SCHW,130967836.89,0.003396367917605491
2024Q2,SYK,129618237.5,0.0033613689729892963
2024Q2,ELV,125938017.48,0.0032659304172150596
2024Q2,LOW,125625824.1,0.0032578343563416452
2024Q2,ETN,125357290.0,0.0032508705045771157
2024Q2,TJX,124429404.9,0.003226807809035224
2024Q2,PGR,121655331.58,0.0031548682103607287
2024Q2,C,121046142.4,0.0031390702050195997
2024Q2,VRTX,120936790.8,0.003136234407507797
2024Q2,BLK,116995752.0,0.0030340320801256876
2024Q2,REGN,113896968.01,0.0029536718117029515
2024Q2,ADI,113266492.42,0.0029373217893038806
2024Q2,BSX,113218561.8,0.002936078812219547
2024Q2,LMT,112075039.8,0.0029064240395203686
2024Q2,BA,111733026.84,0.002897554672259421
2024Q2,KLAC,110834756.75,0.0028742599780240494
2024Q2,ANET,109827464.24,0.0028481380228490413
2024Q2,PANW,109771438.0,0.0028466851033491195
2024Q2,MMC,103997063.04,0.0026969391632459742
2024Q2,PLD,103981539.64,0.00269653659740245
2024Q2,CB,103578039.88,0.0026860727028145247
2024Q2,DE,102961219.1,0.0026700767884140757
2024Q2,MDT,100927471.7,0.0026173359431355893
2024Q2,UPS,99818253.15,0.00258857075630581
2024Q2,ADP,97409389.0,0.0025261020684874294
2024Q2,CI,93906342.18,0.002435258116904792
2024Q2,KKR,93390186.48,0.0024218727338855884
2024Q2,NKE,91307890.94,0.0023678728974756078
2024Q2,SNPS,91172712.96,0.002364367348591691
2024Q2,AMT,90770600.5,0.0023539394306322575
2024Q2,BX,88473174.8,0.0022943606582721703
2024Q2,CRWD,88472056.77,0.0022943316645794203
2024Q2,SBUX,88211835.0,0.002287583375136167
2024Q2,MDLZ,87503226.88,0.0022692071543626334
2024Q2,FI,87203602.08,0.0022614370324593935
2024Q2,CMG,86040377.5,0.0022312713159117472
2024Q2,WM,85567047.22,0.002218996517643731
2024Q2,GILD,85477974.33,0.002216686604667322
2024Q2,SO,84817054.82,0.00219954708497159
2024Q2,CDNS,84268105.0,0.0021853112572959047
2024Q2,BMY,84185463.0,0.0021831681155588807
2024Q2,HCA,84147729.92,0.0021821895896445213
2024Q2,APH,80925382.96,0.0020986249825301066
2024Q2,CL,79615594.64,0.0020646584520098024
2024Q2,GD,79603970.96,0.002064357016979844
2024Q2,ZTS,79103301.2,0.0020513732283599906
2024Q2,ICE,78518050.65,0.002036196019672865
2024Q2,MO,78237864.3,0.002028929991977147
2024Q2,DUK,77354406.87,0.0020060194320788236
2024Q2,MCO,76861818.0,0.0019932452038838302
2024Q2,MCK,75756412.44,0.001964578898712431
2024Q2,SHW,75666628.07,0.001962250535039245
2024Q2,TT,74453963.36,0.0019308026955264371
2024Q2,CVS,74142329.38,0.001922721141483541
2024Q2,FDX,73784927.04,0.0019134526838982438
2024Q2,EOG,72338873.57,0.0018759524110887054
2024Q2,EQIX,71835387.0,0.0018628955745867064
2024Q2,TDG,71492500.38,0.0018540035508410417
2024Q2,ITW,70708864.0,0.001833681634229287
2024Q2,CME,70650372.6,0.0018321647861302937
2024Q2,CTAS,70564499.94,0.0018299378642054214
2024Q2,FCX,69813414.0,0.0018104600729357747
2024Q2,NXPI,68611491.84,0.0017792908182498956
2024Q2,TGT,68488781.48,0.0017761085901566588
2024Q2,MAR,68396733.0,0.0017737215116818195
2024Q2,ECL,67965660.0,0.0017625425646814533
2024Q2,BDX,67543592.26,0.0017515971496449643
2024Q2,SLB,67436166.84,0.0017488113034503008
2024Q2,ABNB,67020460.0,0.0017380308446137468
2024Q2,PH,65017323.21,0.0016860838193769672
2024Q2,CSX,64850853.0,0.001681766774109159
2024Q2,NOC,64516240.5,0.0016730893217909667
2024Q2,MSI,64388121.35,0.0016697668284137847
2024Q2,AON,63833392.98,0.0016553811465273532
2024Q2,EMR,63022536.0,0.0016343533224597423
2024Q2,CEG,62727367.78,0.0016266987723311736
2024Q2,WELL,62332743.0,0.0016164650311767722
2024Q2,USB,61950262.0,0.0016065462127222477
2024Q2,PNC,61866580.36,0.0016043761101677762
2024Q3,AAPL,3522211138.0,0.08708954906169906
2024Q3,MSFT,3199037810.8,0.079098824419735
2024Q3,NVDA,2978923200.0,0.07365631076981552
2024Q3,AMZN,1958514630.0,0.04842587490490196
2024Q3,META,1247919200.0,0.030855822134259643
2024Q3,GOOGL,969227400.0,0.02396493960670765
2024Q3,GOOG,928740450.0,0.022963866678301175
2024Q3,LLY,842020410.44,0.020819642824593886
2024Q3,TSLA,839047410.0,0.02074613295890569
2024Q3,AVGO,805674360.0,0.019920957022132098
2024Q3,WMT,649088768.25,0.01604925028997685
2024Q3,BRK,603398558.7,0.014919522516614719
2024Q3,JPM,599931491.9,0.014833796456379089
2024Q3,UNH,539904036.24,0.013349568555232031
2024Q3,XOM,520788180.94,0.012876913409705747
2024Q3,ORCL,472189135.2,0.011675262284177597
2024Q3,V,459288852.75,0.011356292257304935
2024Q3,MA,452671891.8,0.011192682489827568
2024Q3,PG,406969425.6,0.010062651660776927
2024Q3,HD,402482323.6,0.009951704396554788
2024Q3,COST,392840061.52,0.009713291586084047
2024Q3,JNJ,390117962.64,0.009645985466526669
2024Q3,ABBV,348817613.12,0.008624800570203353
2024Q3,KO,309707114.48,0.007657761526635434
2024Q3,BAC,307900015.36,0.007613079523965952
2024Q3,NFLX,303183135.66,0.0074964508183158595
2024Q3,MRK,287852910.04,0.007117398460592066
2024Q3,CVX,269344606.59,0.0066597655311042385
2024Q3,AMD,266301840.0,0.006584530640337988
2024Q3,CRM,261666760.0,0.006469924499124627
2024Q3,TMUS,240329745.04,0.005942349365669034
2024Q3,TMO,236291265.72,0.005842494663865579
2024Q3,PEP,233478650.0,0.005772950441460521
2024Q3,ADBE,227926756.0,0.0056356753247925
2024Q3,LIN,227060703.88,0.005614261478308113
2024Q3,ACN,221414216.32,0.005474647458558542
2024Q3,MCD,218438116.93,0.005401060968798854
2024Q3,CSCO,212386916.7,0.005251440097515142
2024Q3,GE,204479368.38,0.005055919502527916
2024Q3,IBM,203647399.84,0.005035348400415264
2024Q3,DHR,200789658.26,0.004964688404240705
2024Q3,ABT,198365656.97,0.004904752991228824
2024Q3,AXP,192799334.4,0.0047671211163752
2024Q3,WFC,192278967.3,0.004754254614535882
2024Q3,CAT,189653305.76,0.004689332987027461
2024Q3,QCOM,189265650.0,0.004679747881533546
2024Q3,VZ,189049543.2,0.004674404464281208
2024Q3,PM,188752962.8,0.004667071271498449
2024Q3,TXN,188401342.22,0.004658377165281295
2024Q3,NOW,184244340.0,0.004555591887907533
2024Q3,ISRG,174990374.0,0.004326780015366037
2024Q3,DIS,174448933.53,0.004313392457230374
2024Q3,INTU,174061332.0,0.004303808692617532
2024Q3,NEE,173739073.62,0.0042958405907928664
2024Q3,AMGN,173187875.0,0.004282211754423197
2024Q3,MS,168646143.36,0.004169913727703695
2024Q3,AMAT,166570828.2,0.004118599864234415
2024Q3,PFE,163994153.3,0.004054889471436379
2024Q3,SPGI,161702060.0,0.003998215591284581
2024Q3,RTX,161171757.24,0.003985103422131428
2024Q3,CMCSA,159768203.27,0.003950399403109881
2024Q3,UBER,157906424.92,0.0039043654117897567
2024Q3,T,157745368.0,0.00390038314781224
2024Q3,GS,156355738.0,0.003866023410328891
2024Q3,LOW,153651579.9,0.0037991608912198676
2024Q3,UNP,150155123.04,0.003712708137730481
2024Q3,PGR,148618857.92,0.003674722727061435
2024Q3,BLK,140649017.28,0.0034776619035512004
2024Q3,BKNG,139741293.12,0.003455217681819593
2024Q3,LMT,139334552.48,0.00344516068706976
2024Q3,SYK,137667154.5,0.0034039329092633895
2024Q3,HON,134412557.37,0.003323460335268253
2024Q3,TJX,132570192.42,0.0032779063561295444
2024Q3,ETN,131946264.0,0.0032624792160133977
2024Q3,BSX,123406058.8,0.003051315662602825
2024Q3,COP,122256400.0,0.0030228894091659944
2024Q3,ELV,120580720.0,0.002981456851646296
2024Q3,ANET,120578204.46,0.0029813946528638655
2024Q3,VRTX,119869719.2,0.0029638767757710982
2024Q3,C,119427967.0,0.0029529540915856013
2024Q3,PLD,116924041.08,0.0028910424767752173
2024Q3,CB,116490526.26,0.0028803234685425643
2024Q3,KKR,115881915.2,0.002865275062671172
2024Q3,MDT,115462574.7,0.002854906526085076
2024Q3,SCHW,115261020.45,0.0028499229325251695
2024Q3,MU,114987736.53,0.0028431657642504337
2024Q3,ADI,114277793.81,0.002825611850267996
2024Q3,DE,114181488.0,0.0028232306104057875
2024Q3,REGN,113849292.0,0.0028150167928046857
2024Q3,ADP,112822821.0,0.002789636458403247
2024Q3,PANW,111769625.4,0.0027635953364250096
2024Q3,SBUX,110504915.0,0.002732324338147438
2024Q3,BX,110265391.01,0.00272640191173367
2024Q3,MMC,109705846.04,0.002712566705038846
2024Q3,AMT,108624589.92,0.0026858317637699722
2024Q3,NKE,106209240.8,0.0026261102827326898
2024Q3,LRCX,105434271.68,0.002606948537864702
2024Q3,BMY,104897417.3,0.002593674374552463
2024Q3,HCA,104889015.82,0.0025934666410930016
2024Q3,GILD,104464640.0,0.0025829736021045794
2024Q3,KLAC,103630771.79,0.0025623555290985923
2024Q3,FI,103428996.25,0.002557366463962577
2024Q3,INTC,101089140.0,0.002499511605835756
2024Q3,UPS,99870277.06,0.002469374223477442
2024Q3,SO,98707961.88,0.002440635030701155
2024Q3,MDLZ,98509682.25,0.0024357324047970686
2024Q3,CI,96846955.56,0.0023946201284537555
2024Q3,SHW,96279310.86,0.002380584649314838
2024Q3,BA,93682030.68,0.0023163647741282728
2024Q3,ICE,92230170.88,0.0022804663539800116
2024Q3,DUK,89034890.6,0.0022014604375803063
2024Q3,ZTS,88517104.38,0.00218865775010832
2024Q3,TT,87724699.1,0.0021690648819338997
2024Q3,MO,87085672.96,0.002153264438351509
2024Q3,MCO,86422839.0,0.0021368753269616794
2024Q3,EQIX,85645643.44,0.00211765853154504
2024Q3,CL,84821801.47,0.0020972883655174172
2024Q3,WM,83312994.0,0.0020599818676855365
2024Q3,GD,83037911.6,0.002053180230522918
2024Q3,CTAS,83031198.12,0.0020530142342430452
2024Q3,CEG,81305393.78,0.002010342311450629
2024Q3,PH,81296279.4,0.0020101169509560207
2024Q3,TDG,80077691.43,0.001979986367455688
2024Q3,PLTR,79694415.6,0.001970509559310704
2024Q3,CME,79336693.35,0.0019616645843159555
2024Q3,CVS,79101719.52,0.0019558546643269966
2024Q3,CMG,78909207.12,0.0019510946378981705
2024Q3,PYPL,78498180.0,0.0019409316564270326
2024Q3,APH,78471471.24,0.0019402712605071793
2024Q3,WELL,77989218.44,0.0019283471658858699
2024Q3,ITW,77808583.0,0.0019238808069999872
2024Q3,SNPS,77788593.46,0.001923386549286198
2024Q3,NOC,77227597.15,0.0019095154570237056
2024Q3,AON,75163559.58,0.0018584804411842589
2024Q3,MMM,75096691.8,0.0018568270806732636
2024Q3,MSI,75016718.83,0.0018548496836287526
2024Q3,CDNS,74333500.89,0.0018379565616737613
2024Q3,PNC,73477135.6,0.0018167822299780922
2024Q3,CARR,72662508.48,0.001796639908647942
2024Q3,ECL,72651087.54,0.0017963575165722003
2024Q3,TGT,71800805.5,0.0017753335982045725
2024Q3,FCX,71727851.52,0.001773529751424375
2024Q3,USB,71362305.22,0.0017644913203988435
2024Q3,GEV,70069013.96,0.0017325136369988664
2024Q3,EOG,69897998.0,0.0017282851276179069
2024Q3,BDX,69688026.2,0.0017230934032546547
2024Q3,MAR,69259960.0,0.0017125091166046147
2024Q3,FDX,66866318.64,0.0016533243776749088
2024Q3,ORLY,66607392.4,0.001646922214772589
2024Q3,CSX,66588308.07,0.0016464503391158706
2024Q4,AAPL,3766499857.02,0.08972473144450172
2024Q4,NVDA,3288762100.0,0.0783441676381268
2024Q4,MSFT,3133802341.5,0.07465275034251649
2024Q4,AMZN,2323998270.0,0.05536177580482232
2024Q4,TSLA,1298958225.28,0.030943497237535054
2024Q4,META,1282266900.0,0.030545880156676933
2024Q4,GOOGL,1104565500.0,0.02631271647751333
2024Q4,AVGO,1086402240.0,0.025880035291393214
2024Q4,GOOG,1050276600.0,0.025019458238345012
2024Q4,LLY,732871952.0,0.017458314502216264
2024Q4,WMT,725816425.1,0.01729023929172022
2024Q4,JPM,674865151.4,0.016076489252418537
2024Q4,BRK,602158456.16,0.0143444863446081
2024Q4,V,546559259.96,0.013020014517461376
2024Q4,MA,479583105.76,0.011424523298317907
2024Q4,XOM,472780369.15,0.011262470002528632
2024Q4,ORCL,466084747.84,0.011102968383864254
2024Q4,UNH,465534864.24,0.011089869177649292
2024Q4,COST,406731336.73,0.009689064474579817
2024Q4,PG,394822791.3,0.00940538172370703
2024Q4,HD,386408273.37,0.009204932927698967
2024Q4,NFLX,381268369.24,0.009082491261637253
2024Q4,JNJ,348190438.26,0.008294516062756342
2024Q4,BAC,337223076.0,0.008033253970419074
2024Q4,CRM,319953810.0,0.007621869312802336
2024Q4,ABBV,314020778.0,0.007480533929008425
2024Q4,KO,268203441.22,0.006389083406203862
2024Q4,CVX,260290660.44,0.00620058688226494
2024Q4,TMUS,252643143.4,0.00601840941281612
2024Q4,MRK,251648189.28,0.005994707834532447
2024Q4,CSCO,235779273.6,0.005616682014340338
2024Q4,WFC,233863447.84,0.00557104363432286
2024Q4,ACN,220037609.2,0.0052416875461613445
2024Q4,NOW,218384720.0,0.005202312783063688
2024Q4,AXP,209072231.55,0.004980472730767137
2024Q4,PEP,208624647.34,0.004969810478127938
2024Q4,MCD,207740971.8,0.004948759753709936
2024Q4,IBM,203264710.35,0.004842127237654461
2024Q4,MS,202539445.92,0.004824850147868645
2024Q4,DIS,201648057.65,0.004803615692492399
2024Q4,TMO,198987975.0,0.004740247788482902
2024Q4,LIN,198130134.79,0.0047198125076156824
2024Q4,ABT,196184205.05,0.004673456997205679
2024Q4,ADBE,196103880.0,0.004671543511525841
2024Q4,AMD,195921380.0,0.004667196036652557
2024Q4,PM,187124151.55,0.004457630394784543
2024Q4,ISRG,186143985.0,0.004434281082742032
2024Q4,GE,180515816.26,0.004300208084496818
2024Q4,GS,179751144.2,0.004281992234813793
2024Q4,INTU,176001997.5,0.004192680886460341
2024Q4,CAT,175141253.52,0.0041721764326226405
2024Q4,TXN,170862299.67,0.004070244134831868
2024Q4,QCOM,169996352.86,0.004049615740321867
2024Q4,PLTR,169591955.7,0.004039982280092127
2024Q4,VZ,168342943.74,0.004010228591804286
2024Q4,DHR,165798226.25,0.003949608891270692
2024Q4,BKNG,163694533.74,0.00389949519084143
2024Q4,T,163381330.53,0.003892034132837557
2024Q4,BLK,158768011.69,0.0037821366657726425
2024Q4,SPGI,154538709.0,0.003681387146998469
2024Q4,RTX,154025171.52,0.0036691537700626366
2024Q4,PFE,150345244.7,0.0035814913624710016
2024Q4,NEE,147423674.45,0.003511894358348215
2024Q4,HON,146783322.0,0.003496640023080157
2024Q4,CMCSA,141799674.06,0.003377920657620197
2024Q4,PGR,140366413.32,0.0033437778354064203
2024Q4,AMGN,139963680.0,0.003334184010807329
2024Q4,LOW,139355620.0,0.0033196989391829513
2024Q4,ANET,139241272.8,0.003316974985326347
2024Q4,UNP,138250846.28,0.00329338126253438
2024Q4,SYK,137256820.8,0.003269701806108605
2024Q4,TJX,135809527.98,0.003235224714770336
2024Q4,C,133126143.35,0.003171301716116741
2024Q4,BA,132427152.0,0.003154650497865959
2024Q4,AMAT,131925130.74,0.0031426914577908673
2024Q4,SCHW,131712784.62,0.003137632995209282
2024Q4,BSX,131642227.64,0.0031359522023452556
2024Q4,KKR,131377951.39,0.0031296566716248137
2024Q4,ETN,131155024.0,0.0031243461443558177
2024Q4,COP,128282543.54,0.0030559185464169207
2024Q4,UBER,127016366.88,0.0030257559644197235
2024Q4,BX,124487757.26,0.0029655199820235937
2024Q4,PANW,119811016.12,0.0028541116828728935
2024Q4,ADP,119111837.0,0.0028374559916064567
2024Q4,FI,116867340.98,0.002783988100920783
2024Q4,LMT,115184787.9,0.002743906691396036
2024Q4,GILD,115117590.42,0.002742305927802348
2024Q4,DE,115066327.5,0.0027410847537934105
2024Q4,BMY,114713691.12,0.0027326843274840637
2024Q4,CB,111375977.4,0.002653174045117408
2024Q4,ADI,105443260.62,0.002511846170425028
2024Q4,MMC,104319224.02,0.0024850696176844725
2024Q4,SBUX,103641750.0,0.002468930980537883
2024Q4,VRTX,103469738.0,0.0024648333484945774
2024Q4,MDT,102429005.68,0.0024400412519958686
2024Q4,PLD,97896697.5,0.0023320736030614645
2024Q4,MU,93768715.52,0.002233737723963281
2024Q4,APO,93450170.56,0.0022261494159654116
2024Q4,LRCX,92812371.88,0.002210955916044789
2024Q4,UPS,92225757.0,0.002196981705353861
2024Q4,EQIX,91730939.43,0.0021851942699980566
2024Q4,GEV,90670541.29,0.002159933698659279
2024Q4,SO,90196706.88,0.002148646119527376
2024Q4,NKE,90092550.66,0.002146164932955616
2024Q4,MO,88621771.77,0.002111128361621746
2024Q4,INTC,86816500.0,0.0020681235744462742
2024Q4,MCO,85774644.0,0.0020433047098896715
2024Q4,AMT,85705475.49,0.0020416569928526987
2024Q4,SHW,85612390.29,0.002039439537685167
2024Q4,ICE,85557965.76,0.00203814304849796
2024Q4,ELV,85556394.7,0.0020381056230520727
2024Q4,PYPL,84752550.0,0.00201895661135195
2024Q4,KLAC,83770673.28,0.001995566560015718
2024Q4,APH,83729822.85,0.0019945934300541405
2024Q4,CME,83510372.46,0.0019893657311146483
2024Q4,DUK,83227210.68,0.0019826203134509536
2024Q4,TT,83112614.4,0.001979890426065355
2024Q4,CDNS,82281271.46,0.0019600863573380565
2024Q4,CMG,82164357.9,0.0019573012682178037
2024Q4,PH,81869781.6,0.0019502839363684068
2024Q4,WM,80991645.14,0.0019293651626962733
2024Q4,CRWD,80014458.16,0.0019060868293151766
2024Q4,MDLZ,78713926.17,0.0018751058422005094
2024Q4,WELL,78477620.7,0.0018694766252512244
2024Q4,AON,77674096.56,0.0018503352498609395
2024Q4,MSI,77248339.83,0.0018401929666510407
2024Q4,MAR,77174887.68,0.0018384432056838427
2024Q4,CI,76809169.42,0.0018297311457054805
2024Q4,REGN,76789174.0,0.0018292548192066819
2024Q4,PNC,76519601.55,0.001822833123574328
2024Q4,HCA,76027094.55,0.0018111007301090326
2024Q4,SNPS,75025978.08,0.001787252353678591
2024Q4,ITW,74876268.0,0.0017836859930699482
2024Q4,USB,74616330.56,0.0017774938205273416
2024Q4,CL,74274470.01,0.0017693500936709473
2024Q4,CTAS,73727488.8,0.001756320027552408
2024Q4,ZTS,73508313.45,0.0017510988805553222
2024Q4,FTNT,72466160.0,0.0017262729302102205
2024Q4,GD,72451581.81,0.0017259256517733823
2024Q4,MCK,72344375.4,0.001723371804246095
2024Q4,TDG,71259154.4,0.0016975199081942598
2024Q4,AJG,70906581.55,0.0016891209952826043
2024Q4,EMR,70581976.83,0.0016813883330143889
2024Q4,MMM,70297121.31,0.0016746025674488209
2024Q4,CEG,69984988.98,0.0016671670197128507
2024Q4,EOG,68945121.0,0.0016423955133315772
2024Q4,NOC,68373206.55,0.00162877149305189
2024Q4,ORLY,68162155.6,0.0016237438837252724
2024Q4,COF,68030863.2,0.0016206162650400499
2024Q4,FDX,67758611.83,0.0016141307527644767
2025Q1,AAPL,3318470040.95,0.08375209512321212
2025Q1,MSFT,2790642502.98,0.07043069651987895
2025Q1,NVDA,2650613786.22,0.06689662863276688
2025Q1,AMZN,2019229380.0,0.05096164468036935
2025Q1,META,1256464800.0,0.03171086619737642
2025Q1,GOOGL,900778000.0,0.022733983977537876
2025Q1,GOOG,855203020.0,0.021583755103057586
2025Q1,TSLA,834495200.0,0.021061127720850496
2025Q1,AVGO,787247321.07,0.01986867794680265
2025Q1,LLY,782953594.99,0.01976031217864817
2025Q1,BRK,713607137.48,0.01801013482759014
2025Q1,WMT,703799173.71,0.017762599817632688
2025Q1,JPM,685884801.8,0.017310473939814185
2025Q1,V,603969446.52,0.015243080670385045
2025Q1,XOM,516054276.99,0.013024263097711705
2025Q1,MA,495988306.8,0.012517834827046555
2025Q1,UNH,479080410.0,0.01209111053432952
2025Q1,COST,419626507.74,0.010590603126976163
2025Q1,JNJ,399649192.32,0.010086412340042534
2025Q1,PG,399609677.84,0.010085415067068282
2025Q1,NFLX,396962167.99,0.010018596776090623
2025Q1,ORCL,392059955.54,0.009894873928404749
2025Q1,ABBV,370636270.56,0.009354179427567541
2025Q1,HD,364302787.68,0.009194333940315488
2025Q1,BAC,317343171.21,0.008009159381855684
2025Q1,KO,308221468.54,0.007778944342914187
2025Q1,TMUS,303339951.4,0.007655743806881072
2025Q1,CVX,292709989.64,0.00738746307585336
2025Q1,CRM,257893960.0,0.006508770367997214
2025Q1,PM,246802451.61,0.006228841046871491
2025Q1,CSCO,245500399.32,0.006195979636070187
2025Q1,WFC,234405764.61,0.005915971412363818
2025Q1,IBM,230573466.24,0.005819251232984744
2025Q1,ABT,230057945.95,0.005806240446738902
2025Q1,MRK,226736991.36,0.005722425646156305
2025Q1,MCD,223176182.57,0.005632557365648859
2025Q1,LIN,219453338.16,0.0055385996033946675
2025Q1,GE,214819193.65,0.005421642298664828
2025Q1,ACN,211679510.92,0.00534240246723203
2025Q1,PEP,205867620.0,0.0051957210040363515
2025Q1,T,202999015.24,0.005123322683194003
2025Q1,PLTR,190968166.4,0.00481968613260691
2025Q1,VZ,190952173.44,0.004819282499640304
2025Q1,AXP,188633645.5,0.004760767108456868
2025Q1,MS,188171909.52,0.0047491137395122745
2025Q1,TMO,187725073.6,0.004737836420743533
2025Q1,DIS,178428774.3,0.004503214883209762
2025Q1,ISRG,177504768.0,0.004479894659559379
2025Q1,RTX,176846021.4,0.004463269104039975
2025Q1,INTU,171648272.38,0.004332087455576154
2025Q1,GS,169781469.1,0.004284972765989225
2025Q1,QCOM,168971000.0,0.00426451801294942
2025Q1,AMGN,167505169.05,0.004227523129269891
2025Q1,AMD,166027840.0,0.004190238054643011
2025Q1,PGR,165902726.08,0.004187080408860536
2025Q1,NOW,164959411.86,0.004163272888735418
2025Q1,ADBE,163460486.0,0.004125442750249845
2025Q1,TXN,163347300.0,0.004122586143282887
2025Q1,SPGI,159462104.0,0.00402453092477889
2025Q1,CAT,157621973.6,0.003978089409743909
2025Q1,UBER,152369057.88,0.0038455154549916423
2025Q1,BKNG,150641350.09,0.003801911280360682
2025Q1,BSX,149208581.6,0.0037657508325087347
2025Q1,BLK,146943859.44,0.003708593400489952
2025Q1,DHR,146667250.0,0.0037016122857458133
2025Q1,NEE,145822573.14,0.0036802941916078157
2025Q1,PFE,143714669.7,0.003627094576351718
2025Q1,SYK,142083730.25,0.003585932657072346
2025Q1,SCHW,141966103.04,0.003582963962113696
2025Q1,UNP,141582884.32,0.0035732922247484716
2025Q1,GILD,139502250.0,0.0035207808320479447
2025Q1,CMCSA,137816075.7,0.0034782248864991673
2025Q1,TJX,136922444.4,0.0034556712721169045
2025Q1,HON,136088125.25,0.0034346145875750384
2025Q1,C,133614538.4,0.003372185794004427
2025Q1,COP,133490186.86,0.0033690473892943403
2025Q1,LOW,130540463.61,0.003294601786600146
2025Q1,BA,128323013.85,0.0032386374232222267
2025Q1,DE,127388160.9,0.003215043450027218
2025Q1,VRTX,124583225.76,0.003144252033573005
2025Q1,ADP,124127978.63,0.0031327624312967057
2025Q1,BMY,124100195.37,0.0031320612327908766
2025Q1,FI,123949449.87,0.0031282566929578814
2025Q1,CB,120920419.88,0.0030518095336576523
2025Q1,MMC,119850697.93,0.003024811714359534
2025Q1,AMAT,117901437.92,0.002975615968198554
2025Q1,MDT,115249403.84,0.0029086834939567267
2025Q1,PANW,112980744.0,0.0028514266821195776
2025Q1,SBUX,111449858.0,0.0028127899283406916
2025Q1,ETN,106494567.27,0.00268772748225535
2025Q1,LMT,105149280.06,0.002653774901400437
2025Q1,PLD,103613679.4,0.0026150191582535835
2025Q1,KKR,102690698.11,0.0025917248039749184
2025Q1,BX,101957768.48,0.0025732270048889256
2025Q1,AMT,101718643.2,0.0025671919215674585
2025Q1,MO,101473533.24,0.0025610057959034494
2025Q1,SO,100850943.9,0.002545292783285306
2025Q1,ADI,100023479.92,0.0025244091106564124
2025Q1,WELL,99343968.57,0.002507259490946056
2025Q1,ICE,99112462.5,0.002501416702505305
2025Q1,INTC,99061020.0,0.002500118388191718
2025Q1,ELV,98889025.92,0.002495777573186299
2025Q1,ANET,97711810.04,0.002466066804324245
2025Q1,MU,97105831.08,0.0024507730072206688
2025Q1,CME,95410487.34,0.0024079856418303294
2025Q1,DUK,94773373.34,0.0023919060534435517
2025Q1,LRCX,93270973.9,0.0023539882481720844
2025Q1,WM,93093643.65,0.0023495127580266404
2025Q1,KLAC,89897431.8,0.0022688462353243574
2025Q1,CI,89194532.0,0.0022511063340489995
2025Q1,AJG,88289951.4,0.002228276379424451
2025Q1,MDLZ,87855436.8,0.002217310028165421
2025Q1,SHW,87824776.9,0.002216536228544035
2025Q1,CRWD,87395062.34,0.002205691021487519
2025Q1,AON,86203839.09,0.0021756267323073094
2025Q1,CVS,85418861.25,0.0021558153318986823
2025Q1,HCA,85075446.65,0.0021471481774898793
2025Q1,MCK,84343144.74,0.002128666220904949
2025Q1,GEV,84227057.28,0.002125736386411175
2025Q1,MCO,83772508.41,0.002114264406936112
2025Q1,CTAS,82990342.11,0.002094523964638487
2025Q1,ORLY,81820374.12,0.002064996119221645
2025Q1,UPS,80675685.18,0.002036106270644943
2025Q1,EQIX,79756721.65,0.002012913317256914
2025Q1,APH,79480846.97,0.0020059507465070418
2025Q1,MMM,79204241.48,0.0019989697314536556
2025Q1,PH,78269805.25,0.001975386275506851
2025Q1,APO,78121531.2,0.001971644110537253
2025Q1,TDG,77581819.65,0.0019580227812750015
2025Q1,CL,75998570.8,0.0019180644852371815
2025Q1,RSG,75622935.6,0.0019085841420025563
2025Q1,TT,75568123.72,0.0019072007907198888
2025Q1,NKE,74985051.72,0.00189248512325715
2025Q1,NOC,74116519.56,0.0018705649651167245
2025Q1,FTNT,74047138.66,0.0018688139185004135
2025Q1,ZTS,73728952.8,0.001860783491199659
2025Q1,GD,73692275.58,0.001859857825462018
2025Q1,MSI,73086687.97,0.0018445739053143952
2025Q1,WMB,72948195.36,0.0018410786059434654
2025Q1,ITW,72757701.66,0.0018362708944722461
2025Q1,DASH,71977750.32,0.0018165863537010249
2025Q1,ECL,71906638.16,0.0018147916132588203
2025Q1,EOG,71035470.24,0.0017928049333720724
2025Q1,PNC,69560977.5,0.0017555914420055473
2025Q1,CDNS,69442771.86,0.0017526081485349978
2025Q1,COF,68664548.7,0.0017329672238561215
2025Q1,CMG,68051470.77,0.0017174942617748958
2025Q1,REGN,67482072.0,0.0017031236815497907
2025Q1,SNPS,66308787.0,0.00167351212088658
2025Q1,USB,65779224.42,0.0016601469330058552
2025Q2,NVDA,3852990130.43,0.0865614957695456
2025Q2,MSFT,3697745940.0,0.08307377094330701
2025Q2,AAPL,3048153652.74,0.06847999361138568
2025Q2,AMZN,2338697400.0,0.05254130902062667
2025Q2,META,1603869570.0,0.03603262512976224
2025Q2,AVGO,1296511781.15,0.029127507535727046
2025Q2,GOOGL,1024953680.0,0.02302666776501676
2025Q2,TSLA,1024135840.0,0.02300829412498559
2025Q2,GOOG,964824210.0,0.021675795666507347
2025Q2,JPM,805687141.54,0.018100613220675115
2025Q2,WMT,780325272.04,0.017530832015658894
2025Q2,LLY,738788644.08,0.01659766776562759
2025Q2,BRK,652309929.49,0.014654832037080678
2025Q2,ORCL,614095158.79,0.013796296821493963
2025Q2,V,607485224.25,0.013647797655559861
2025Q2,NFLX,569031154.38,0.012783886331187396
2025Q2,MA,506455730.22,0.011378063287176938
2025Q2,XOM,464579084.2,0.010437260172039331
2025Q2,COST,439015621.38,0.009862949960011507
2025Q2,PG,373532431.44,0.008391800884336335
2025Q2,JNJ,367527650.75,0.008256897139271076
2025Q2,HD,364780401.92,0.008195177290549483
2025Q2,BAC,356408372.32,0.008007090796613398
2025Q2,ABBV,327879724.86,0.007366164577541032
2025Q2,PLTR,309959508.48,0.006963567975459003
2025Q2,KO,304526890.25,0.006841518464815377
2025Q2,PM,283488441.21,0.006368867470152559
2025Q2,UNH,283000465.8,0.006357904586792242
2025Q2,CSCO,274744661.24,0.006172429211225972
2025Q2,GE,274477349.93,0.0061664237801071714
2025Q2,IBM,273967647.66,0.006154972779872346
2025Q2,TMUS,268626475.26,0.006034977696455037
2025Q2,WFC,260725061.84,0.005857464092429161
2025Q2,CRM,260691640.0,0.005856713235467727
2025Q2,CVX,250066156.86,0.005618000525925998
2025Q2,ABT,236635094.36,0.005316257510652687
2025Q2,AMD,230161800.0,0.005170828110786659
2025Q2,MS,225984374.34,0.0050769778279271685
2025Q2,AXP,223473879.22,0.005020576901541953
2025Q2,DIS,222938481.46,0.005008548624964953
2025Q2,LIN,220003193.8,0.004942604285176277
2025Q2,INTU,219707025.61,0.004935950553747462
2025Q2,GS,217166717.75,0.004878879852647016
2025Q2,NOW,212968828.16,0.004784569825970346
2025Q2,MCD,208911191.61,0.004693410732080328
2025Q2,T,208240721.88,0.004678347920930452
2025Q2,ACN,203347719.27,0.004568421445546872
2025Q2,MRK,198773213.96,0.004465650348649425
2025Q2,UBER,195105974.4,0.004383261935777103
2025Q2,RTX,195076003.08,0.004382588598394559
2025Q2,ISRG,194767925.38,0.004375667307235616
2025Q2,TXN,188726580.0,0.0042399420977617805
2025Q2,BKNG,187698739.28,0.004216850569591653
2025Q2,CAT,182580986.15,0.004101874836222039
2025Q2,VZ,182437353.85,0.004098647984787714
2025Q2,PEP,180894800.0,0.004063992882116539
2025Q2,QCOM,172637840.0,0.003878491548369406
2025Q2,SCHW,165780342.8,0.0037244306256124554
2025Q2,ADBE,164114496.0,0.003687005616502759
2025Q2,BLK,162556105.5,0.003651994726750494
2025Q2,SPGI,161719843.0,0.003633207205784822
2025Q2,C,158981518.08,0.003571687842133671
2025Q2,BSX,158907294.86,0.003570020339044761
2025Q2,BA,157986667.65,0.003549337475698093
2025Q2,PGR,156439736.64,0.0035145840355009983
2025Q2,TMO,153058717.24,0.0034386258610487872
2025Q2,SYK,151195938.95,0.003396776577865847
2025Q2,AMGN,150298743.0,0.0033766201225411845
2025Q2,HON,147854813.36,0.003321714660021789
2025Q2,AMAT,146913308.86,0.003300562766288632
2025Q2,GEV,144423555.25,0.0032446278198486897
2025Q2,NEE,142910164.02,0.003210627886259789
2025Q2,DHR,141373451.8,0.003176104021980984
2025Q2,ETN,139690187.0,0.0031382876990910095
2025Q2,MU,137932156.25,0.003098791680109027
2025Q2,PFE,137813271.84,0.003096120816181293
2025Q2,TJX,137767419.84,0.0030950907025371704
2025Q2,DE,137712821.23,0.003093864087054506
2025Q2,GILD,137700540.0,0.0030935881762416823
2025Q2,UNP,137467278.08,0.0030883477006583664
2025Q2,PANW,136453952.0,0.003065582259217357
2025Q2,COF,136195760.88,0.00305978172280666
2025Q2,CMCSA,131642779.14,0.002957494175659
2025Q2,ANET,128493277.51,0.002886737292616843
2025Q2,CRWD,126944498.88,0.002851942343683572
2025Q2,ADP,124994520.0,0.0028081340070780004
2025Q2,LOW,124344379.06,0.0027935279036823664
2025Q2,LRCX,123499151.6,0.0027745389754146137
2025Q2,APH,119447901.25,0.002683523354257609
2025Q2,KKR,118482105.26,0.0026618257265262606
2025Q2,KLAC,118258282.02,0.0026567973008655324
2025Q2,ADI,118116948.96,0.0026536221042880313
2025Q2,CB,116098336.72,0.002608271846706756
2025Q2,VRTX,114101643.6,0.002563414025324101
2025Q2,COP,113288673.4,0.0025451497904971586
2025Q2,MDT,111687870.05,0.0025091860512405943
2025Q2,BX,109140747.84,0.002451962258564846
2025Q2,LMT,108511849.44,0.0024378333912830085
2025Q2,MMC,107730049.92,0.002420269438728695
2025Q2,ICE,105243162.22,0.00236439887798608
2025Q2,SBUX,104137495.0,0.002339558895233289
2025Q2,AMT,103467860.76,0.0023245148542493494
2025Q2,SO,100926220.65,0.0022674142227445087
2025Q2,CEG,100831192.28,0.002265279309970459
2025Q2,WELL,100532040.96,0.0022585585593731185
2025Q2,CME,99125906.14,0.0022269682544015204
2025Q2,DASH,99098499.06,0.0022263525253808985
2025Q2,MO,98759420.76,0.002218734772976296
2025Q2,INTC,98044800.0,0.002202680062271219
2025Q2,TT,97550303.38,0.0021915706730355378
2025Q2,PLD,97543581.12,0.0021914196503594204
2025Q2,FI,95589965.94,0.0021475296204308937
2025Q2,BMY,94203899.49,0.002116390172602982
2025Q2,HCA,92163899.4,0.0020705594143651715
2025Q2,WM,92078998.56,0.0020686520272570528
2025Q2,DUK,91716326.0,0.002060504204863159
2025Q2,MCK,91674441.9,0.002059563234286482
2025Q2,MCO,90236041.0,0.0020272480377234517
2025Q2,CTAS,89811706.86,0.002017714922760506
2025Q2,PH,89249099.66,0.002005075357354383
2025Q2,CI,88312132.94,0.001984025409645217
2025Q2,ELV,87879677.6,0.0019743098433404184
2025Q2,CVS,87261010.62,0.0019604108357231705
2025Q2,MDLZ,87246790.8,0.0019600913724369677
2025Q2,SHW,86046359.36,0.0019331224113190754
2025Q2,TDG,85409786.88,0.0019188211377187767
2025Q2,RCL,85036298.4,0.0019104303242499956
2025Q2,CDNS,83967793.5,0.0018864252322954083
2025Q2,NKE,83692437.12,0.0018802390601756716
2025Q2,AJG,81982732.0,0.0018418287275503101
2025Q2,MMM,81932675.44,0.0018407041540217
2025Q2,APO,81077853.78,0.0018214996819101797
2025Q2,FTNT,80919779.52,0.0018179483765797563
2025Q2,SNPS,79547941.48,0.0017871285850214768
2025Q2,GD,78280377.36,0.0017586514172902522
2025Q2,EQIX,77848671.55,0.001748952689969133
2025Q2,RSG,77064885.17,0.0017313441005048706
2025Q2,AON,77038754.4,0.0017307570451374184
2025Q2,WMB,76691386.86,0.001722953066194749
2025Q2,ORLY,76661062.93,0.0017222718070558586
2025Q2,ECL,76389742.72,0.0017161763117612763
2025Q2,CMG,75654488.6,0.0016996580508149867
2025Q2,HWM,75135841.62,0.0016880060982157345
2025Q2,EMR,74998125.0,0.0016849121487852968
2025Q2,COIN,74948781.6,0.001683803597149874
2025Q2,MAR,74340441.0,0.0016701365825739854
2025Q2,UPS,74062403.38,0.001663890173563662
2025Q2,PNC,73741600.14,0.001656682989698123
2025Q2,CL,73667178.0,0.0016550110176611608
2025Q2,ITW,72444250.0,0.0016275366475447118
2025Q3,NVDA,4240760460.0,0.09126357435240996
2025Q3,MSFT,3766310880.54,0.08105314985898847
2025Q3,AAPL,3445048134.6,0.0741393930511459
2025Q3,AMZN,2442264848.0,0.05255892702407558
2025Q3,META,1602212229.4,0.034480517422619865
2025Q3,AVGO,1404384127.35,0.03022314427675811
2025Q3,GOOGL,1238497470.0,0.02665316916735651
2025Q3,GOOG,1159467900.0,0.024952407922819254
2025Q3,TSLA,1076880657.63,0.023175083547701168
2025Q3,JPM,828830850.68,0.0178369107805267
2025Q3,WMT,773940937.64,0.01665564866794717
2025Q3,LLY,693355469.06,0.014921403602034006
2025Q3,BRK,675420154.26,0.0145354254381592
2025Q3,ORCL,635161406.29,0.013669034310117265
2025Q3,V,597562705.74,0.012859888913775092
2025Q3,MA,534138239.46,0.011494958366835712
2025Q3,NFLX,513416839.5,0.011049022067492012
2025Q3,XOM,487246499.63,0.010485821485643166
2025Q3,JNJ,426685420.63,0.00918251265971182
2025Q3,COST,418114326.84,0.008998057851956622
2025Q3,HD,404893569.99,0.008713539653592004
2025Q3,BAC,375828490.78,0.008088042636592246
2025Q3,ABBV,371683803.2,0.007998846605198189
2025Q3,PG,367845941.84,0.00791625364837209
2025Q3,PLTR,356399598.02,0.007669921826489414
2025Q3,CVX,328811476.4,0.007076209775912948
2025Q3,KO,296909986.33,0.006389671585789351
2025Q3,GE,291832812.8,0.0062804079269890515
2025Q3,TMUS,283594333.81,0.006103111178694376
2025Q3,UNH,280641202.38,0.006039558112593056
2025Q3,CSCO,273126380.73,0.005877834881378088
2025Q3,AMD,263923119.72,0.005679775475902785
2025Q3,WFC,263258781.38,0.005665478537403281
2025Q3,PM,260152719.57,0.005598634322641829
2025Q3,CRM,244975000.0,0.0052720011747566685
2025Q3,MS,240216641.28,0.005169598591792065
2025Q3,ABT,230889290.94,0.0049688687134377555
2025Q3,AXP,230531788.96,0.004961175067724774
2025Q3,IBM,226815561.31,0.0048811997374402
2025Q3,GS,225602825.25,0.00485510096845157
2025Q3,LIN,224274963.9,0.004826524637817367
2025Q3,MCD,223743398.16,0.004815085041100394
2025Q3,DIS,212839426.92,0.004580425385271052
2025Q3,RTX,212292761.2,0.004568660828405906
2025Q3,MRK,210113505.96,0.004521762017566536
2025Q3,T,209434776.65,0.004507155377216861
2025Q3,PEP,203513296.05,0.004379721750603946
2025Q3,CAT,196311440.16,0.004224733720345723
2025Q3,UBER,195508031.25,0.004207443904171297
2025Q3,NOW,190831680.0,0.00410680616855103
2025Q3,VZ,186488054.75,0.0040133288854784606
2025Q3,TMO,186056984.64,0.004004052011812484
2025Q3,INTU,185962935.0,0.0040020280101283725
2025Q3,TXN,184082059.76,0.003961550506404112
2025Q3,BKNG,181465210.5,0.0039052344236492134
2025Q3,C,177775519.86,0.0038258301848959997
2025Q3,BA,177455159.44,0.0038189358466550133
2025Q3,ACN,176868769.71,0.003806316406526734
2025Q3,BLK,174623291.64,0.0037579924427633684
2025Q3,SCHW,173970588.96,0.0037439459102774956
2025Q3,QCOM,173427670.0,0.003732261985816152
2025Q3,ANET,171624915.75,0.0036934656901786477
2025Q3,ISRG,169665371.72,0.0036512951894004156
2025Q3,SPGI,167438732.0,0.00360337663763146
2025Q3,GEV,166865145.28,0.003591032725552004
2025Q3,BSX,156324836.0,0.0033641992817048413
2025Q3,AMGN,154892131.02,0.0033333666565894637
2025Q3,TJX,152404301.76,0.0032798271575331757
2025Q3,ADBE,149814000.0,0.003224082392060396
2025Q3,SYK,149638782.87,0.003220311619878755
2025Q3,NEE,148372060.65,0.0031930510380564045
2025Q3,DHR,147377822.64,0.003171654471236493
2025Q3,COF,145311052.74,0.0031271764088188925
2025Q3,PGR,144828548.48,0.0031167926430242395
2025Q3,LOW,144726499.5,0.0031145964909987563
2025Q3,PFE,140774218.0,0.0030295411477556946
2025Q3,GILD,140173966.79,0.003016623400702856
2025Q3,HON,139359891.5,0.002999104037971066
2025Q3,ETN,135920202.0,0.0029250799657808495
2025Q3,MU,133529220.0,0.0028736246747804537
2025Q3,APH,132909460.06,0.0028602870887747506
2025Q3,UNP,132585952.8,0.0028533250287491874
2025Q3,DE,129390272.56,0.0027845521744602735
2025Q3,AMAT,128068167.92,0.0027560997314957617
2025Q3,PANW,127438828.0,0.002742555978877898
2025Q3,LRCX,126751943.15,0.0027277738266741113
2025Q3,BX,126337568.8,0.0027188562552485003
2025Q3,CMCSA,125103425.14,0.0026922967825458227
2025Q3,KKR,124278476.01,0.0026745434085996057
2025Q3,ADI,123633211.05,0.0026606569400736365
2025Q3,COP,123607789.74,0.0026601098590401276
2025Q3,ADP,123153324.15,0.0026503295013531538
2025Q3,MDT,119046087.66,0.002561939438692541
2025Q3,KLAC,115069992.0,0.0024763716011970216
2025Q3,INTC,113720782.3,0.002447335841942432
2025Q3,MO,112905474.11,0.0024297899465022085
2025Q3,WELL,112550039.28,0.002422140787031612
2025Q3,SNPS,111928819.2,0.002408771777983577
2025Q3,CB,109667658.3,0.0023601103108089106
2025Q3,LMT,106373657.95,0.0022892215518953525
2025Q3,CRWD,106329633.5,0.0022882741207202613
2025Q3,PLD,105595008.14,0.002272464565619022
2025Q3,SO,101534338.1,0.002185076639417658
2025Q3,MMC,101258520.0,0.0021791408772083745
2025Q3,ICE,101089901.8,0.002175512117749306
2025Q3,VRTX,100254008.82,0.0021575232259336886
2025Q3,SBUX,100245573.0,0.0021573416822947456
2025Q3,DASH,98679035.25,0.002123628899936135
2025Q3,RCL,98660722.16,0.002123234791835335
2025Q3,CEG,96214799.88,0.0020705971547967657
2025Q3,PH,96195976.7,0.0020701920692693747
2025Q3,CME,96044074.27,0.0020669230426772394
2025Q3,BMY,96031870.48,0.0020666604101832443
2025Q3,CDNS,95488670.7,0.0020549704423159613
2025Q3,AMT,95452966.35,0.0020542020644196703
2025Q3,DUK,95251163.76,0.0020498591580351455
2025Q3,HCA,94524216.24,0.002034214834412627
2025Q3,CVS,92778046.9,0.0019966362781852405
2025Q3,TT,92477234.0,0.0019901626136799564
2025Q3,NKE,91916797.92,0.001978101710844418
2025Q3,MCO,91450944.0,0.0019680762698259264
2025Q3,SHW,91213491.39,0.001962966154757576
2025Q3,WM,91196683.7,0.001962604443720022
2025Q3,ORLY,87972168.96,0.0018932110546097034
2025Q3,GD,87307058.01,0.001878897489104066
2025Q3,MCK,85407029.76,0.001838007801723432
2025Q3,CTAS,84631588.5,0.001821319865265937
2025Q3,NOC,84483697.32,0.0018181371630526656
2025Q3,MMM,82839943.9,0.0017827626556080275
2025Q3,NEM,81724680.0,0.0017587615428783052
2025Q3,PNC,81691324.08,0.0017580437045297997
2025Q3,CI,80310627.36,0.0017283303267164609
2025Q3,MDLZ,79499980.8,0.0017108847522021944
2025Q3,AON,79135109.0,0.0017030325037758831
2025Q3,TDG,78826888.0,0.0016963994127499227
2025Q3,MSI,78713725.84,0.00169396409877724
2025Q3,ECL,78575470.0,0.0016909887545547805
2025Q3,APO,77927238.21,0.001677038438161701
2025Q3,AJG,77625100.0,0.0016705362522322843
2025Q3,ITW,77145475.0,0.0016602144497485914
2025Q3,EQIX,76939698.16,0.001655786015246223
2025Q3,USB,75988708.87,0.001635320185451097
2025Q3,FI,75113680.74,0.0016164890829740884
2025Q3,BK,74473449.6,0.0016027109451143239
2025Q3,EMR,74289600.0,0.0015987543972740196
2025Q3,RSG,73049177.52,0.00157205980079783
2025Q3,MAR,72712739.88,0.0015648194716486826
2025Q3,ELV,71752969.7,0.0015441646721121732
2025Q3,WMB,70681724.76,0.0015211108724096235
2025Q3,AZO,70237208.37,0.0015115446271589709
